1.574865495991843753e+07 7.152081503734145314e+06 1.654578146977349883e+06 4.782627612908481969e+05 5.668141761042339494e+05 5.431432660287503386e+05 4.351811163611607626e+05 3.154783978094218764e+05 2.514881340833535651e+05 1.875450220674139855e+05 1.196320328699768725e+05 9.509829126548126806e+04 1.071042761061118945e+05 1.499259058220793377e+05 1.106600900585873460e+05 1.025913186297662614e+05 1.002899609860658675e+05 6.065689882835660683e+04 2.612865590395037088e+03 -3.099128126798049379e+03 1.714574685620921446e+04 4.267932080932494864e+04 4.204687656055335538e+04 3.078446720366021327e+04 3.604698612110604154e+04 2.834382927740891319e+04 2.426441108021457330e+04 1.554706549886231915e+04 1.089164160855436785e+04 8.747632761269091134e+03 1.351238139422963286e+04 -1.511482250283463873e+04 -2.704271052444642191e+04 -2.435238488530590257e+04 -1.884638149549744048e+04 -1.446002475327512366e+04 -2.349650624239431228e+06 1.783915713127039140e+06 1.944096000954424264e+06 7.606616714491292369e+05 9.686655533327828743e+04 2.603512314173505292e+05 5.474429748650391120e+05 6.756515936051988974e+05 5.545268106766762212e+05 3.957057607732167235e+05 3.065670766053427942e+05 2.826712409423594363e+05 2.271522456904911087e+05 1.643322689648801170e+05 1.600592091690977104e+05 1.935807046035491803e+05 2.056601255144361057e+05 1.955503025647397735e+05 1.786074270345233381e+05 1.199993560868957720e+05 3.579483006724232109e+04 -2.659379708676788141e+02 9.082789476142555941e+03 1.118389134394235589e+04 -4.107815087429917185e+02 1.399644791105387048e+04 5.173177466532397375e+04 8.372213380865288491e+04 8.424503262026248558e+04 6.115795147086863290e+04 5.110060133331124962e+04 5.902970676677481970e+04 4.490752148909219250e+04 1.660438139801203943e+04 1.247059620333470048e+04 2.440730173182762155e+04 1.551725951943635717e+00 1.424775174409341760e+00 1.297056660500127689e+00 1.169267698959083779e+00 1.042094743862209683e+00 9.162104601380005597e-01 7.922633504217757583e-01 6.708664396913460726e-01 5.525984294289326693e-01 4.380014226450741344e-01 6.245991112981811623e-03 7.343154460289659860e-03 8.922157620752074747e-03 1.104522540615746062e-02 1.376389954859912404e-02 1.712008197618774402e-02 2.115375732503262454e-02 2.590562689502459714e-02 3.141207441754382407e-02 3.770246010283461596e-02
7.152081503734137863e+06 8.227787474743200466e+06 4.059624017807934433e+06 1.239092410732327495e+06 3.924801154820056399e+05 3.630020995218682219e+05 2.973145716026212322e+05 2.122146207038345165e+05 2.070122930339002924e+05 1.606280528972146858e+05 1.292663502974786825e+05 1.017581719108749385e+05 9.446962016601278447e+04 9.638299035553264548e+04 6.347634420538986160e+04 6.270370838945907599e+04 5.512973026457452943e+04 1.783951938776531824e+04 -8.798422435137072171e+03 -2.916891692965232323e+03 9.136004721885774416e+03 1.924722462370361245e+04 1.406469692774546093e+04 1.569651523779252238e+04 2.227080911915260367e+04 2.443253701776145317e+04 6.173309842535329153e+03 -7.141088394533053361e+02 3.812682076764320300e+03 1.164651773938272527e+04 1.084101312514980964e+04 -1.059612607531946196e+04 -1.355576605424066111e+04 -1.379558974529246370e+04 -1.738456618539047849e+04 -9.133176080390911011e+03 -1.535421043062283890e+06 -4.466439237767566228e+05 1.177769456410583341e+06 1.107704379579216009e+06 5.254428964479591232e+05 2.429976789315439528e+05 2.424035068181598326e+05 3.453096222928976058e+05 3.925271226920455811e+05 3.747088652651672019e+05 3.117031378177246079e+05 2.353168530651708716e+05 1.599879857482322841e+05 1.271598684309101664e+05 1.165902174838499341e+05 1.114576412403764116e+05 1.196146088652060425e+05 1.157543528697954316e+05 9.809478588738795952e+04 6.661397695024033601e+04 1.634481939970153690e+04 -1.614080894715170871e+04 -5.670930351712988340e+03 1.846976848718172550e+04 3.298102661065063876e+04 3.584222991561533127e+04 3.660877025508311635e+04 3.644184276161404705e+04 3.324411668015390751e+04 2.125120525389559043e+04 1.157026419050585355e+04 1.676575426831334335e+04 2.378004066657090880e+04 2.123145944658952067e+04 1.527618234508304522e+04 1.377968627544420451e+04 8.021495779580344321e-01 6.768954707566371409e-01 5.541374706078225909e-01 4.347605964793713751e-01 3.195979419850720205e-01 2.094251716515233286e-01 1.049483592695860390e-01 6.792482674319798644e-03 -8.449767573167114854e-02 -1.684592093730620244e-01 -6.633478956873288535e-02 -6.670851591174911666e-02 -6.592302728171629822e-02 -6.389430255481166887e-02 -6.055976014667947827e-02 -5.587857225765917313e-02 -4.982582318101116264e-02 -4.239156159171372090e-02 -3.358698619556256537e-02 -2.344741199607575446e-02
1.654578146977346856e+06 4.059624017807940952e+06 4.843900856580464169e+06 2.557472579924916849e+06 7.615205270741541171e+05 2.707551161728681764e+05 2.018688088626188110e+05 1.057455038299786102e+05 1.286342930079693615e+05 1.612625778089000087e+05 1.363630951312639518e+05 9.445288349566014949e+04 8.475880995934506063e+04 7.533651345401849539e+04 3.847099267558136489e+04 3.493664781432932068e+04 2.966629878511574498e+04 2.285317232422592497e+04 1.194706894371290946e+04 1.665069593651129981e+04 1.555509044289773374e+04 1.242363737437561031e+04 1.209464173498227137e+04 1.307741924337260025e+04 7.192748950362924916e+03 1.158687275559881891e+04 2.853727931909361359e+03 3.248554203247713303e+02 2.225831462396537972e+03 3.340230600840417537e+03 3.301689563524036203e+03 -7.729970829838563077e+03 -1.036787986766500035e+04 -9.178030358389356479e+03 -7.884836760095246063e+03 -5.329128148332770252e+03 -2.800426026780637912e+05 -4.411368157999638352e+05 1.974698619803611073e+05 9.625620372129939497e+05 6.975450589399596211e+05 2.315457171396280173e+05 4.676243122706294525e+04 1.038042803525784402e+05 1.801644608074267162e+05 1.869617130882927740e+05 1.418414828026991454e+05 1.159089533343629446e+05 1.011339235798845475e+05 8.820447147976601264e+04 7.304945719320976059e+04 6.125103211385705072e+04 7.563280305112403585e+04 7.875738227235930390e+04 6.133996169659375300e+04 3.940469713280564611e+04 1.188025278769182114e+04 -6.899034707766892097e+03 1.014871998596450067e+04 4.666310303029118950e+04 6.626183223449622164e+04 5.802898208445947967e+04 3.761649883075572143e+04 2.157897300759346399e+04 1.139532621558824394e+04 6.605572861535380071e+03 8.595598750376713724e+03 1.820885840031002954e+04 2.111246595779501877e+04 1.412647036304457288e+04 6.447332803633229560e+03 2.548462661426727209e+03 2.881405590449535592e-01 1.865596572094683492e-01 9.051887223799152948e-02 8.460346623184618591e-04 -8.173565889122429151e-02 -1.566134145652311460e-01 -2.232954674889067459e-01 -2.814185149834615429e-01 -3.307437375632855669e-01 -3.711539182111703861e-01 -9.327017648109281467e-02 -9.208456337454185014e-02 -8.934519051403991274e-02 -8.502080214890858634e-02 -7.911285909888313150e-02 -7.165565652360098015e-02 -6.271053635997354825e-02 -5.236432630950169087e-02 -4.073412324220629377e-02 -2.796807725847139450e-02
4.782627612908486044e+05 1.239092410732327262e+06 2.557472579924916383e+06 2.988273999738549348e+06 1.562457783256676048e+06 4.968327534156211186e+05 1.689857961337286979e+05 1.158987220150398789e+05 1.121982208043380233e+05 1.486795914700635476e+05 1.309580077756465325e+05 9.024864985909104871e+04 8.678255024153720296e+04 7.867270638762804447e+04 5.489083931763765577e+04 4.281504671459758538e+04 3.621552069551740715e+04 3.796441190098014340e+04 2.680528437151960316e+04 2.655173257291157643e+04 1.904408307615282320e+04 1.475464981612494921e+04 1.579579664248806694e+04 1.444789423438828999e+04 1.122797993406030218e+04 5.282139245577123802e+03 5.288930371198403009e+02 3.499694427986673873e+03 6.461145929495109158e+03 -2.051532111264623381e+01 1.121520624494494768e+03 -4.720452378195119309e+03 -8.095256655882681116e+03 -9.682618099910276214e+03 -5.878060123623892650e+03 -3.709233962996689570e+03 5.153430473030374851e+05 9.268043167154234834e+04 -2.324465931319362426e+05 -4.601835496535498532e+04 3.971068682104040636e+05 2.586909587604881963e+05 -1.588000547508563614e+03 -7.400885891242699290e+04 1.539099958107484417e+04 7.706951226622202375e+04 8.771400017552947975e+04 7.722714785222706269e+04 6.638353282039779879e+04 7.383255613584832463e+04 6.482905255557599594e+04 3.572937779082726775e+04 3.781682038967544941e+04 5.480345028018287849e+04 5.537250289886569954e+04 4.271530793736313353e+04 2.998414801339547557e+04 2.459081981665090279e+04 3.356736685940905591e+04 4.786884794338456413e+04 4.998845185088253493e+04 3.904183612280411035e+04 2.402581810977098939e+04 1.445994739214902438e+04 8.588775257302411774e+03 6.289088076993680261e+03 8.523625126649696540e+03 1.607820443516802698e+04 1.782558853709948016e+04 1.295313515194756837e+04 5.668487416574453164e+03 -5.904196666561365419e+02 7.395576641155223591e-03 -6.498979647753300171e-02 -1.296220431741422485e-01 -1.859324684068848488e-01 -2.335120764175117880e-01 -2.721131477728849779e-01 -3.016535315611195145e-01 -3.222149917625297122e-01 -3.340310598519420915e-01 -3.374746328864830502e-01 -5.416848605168551878e-02 -4.983471996068869481e-02 -4.426307206108408970e-02 -3.752563706613957356e-02 -2.972681274854501593e-02 -2.100169858420703611e-02 -1.150852181872972536e-02 -1.424923618224608474e-03 9.049860781303185192e-03 1.969729656476456800e-02
5.668141761042338330e+05 3.924801154820066877e+05 7.615205270741544664e+05 1.562457783256677911e+06 1.828059658497503493e+06 9.579881630111605627e+05 3.136789621765693882e+05 1.190721541829596972e+05 7.968531208688899642e+04 9.801536749317808426e+04 9.312584834952413803e+04 6.813763734178149025e+04 6.271854593892021512e+04 6.000950950821852894e+04 4.776385164384978998e+04 3.688715429066627985e+04 3.155506989700268969e+04 3.193860996100414195e+04 2.347183956348896390e+04 2.215692234994826867e+04 1.585609020038956987e+04 1.409273042017119406e+04 1.800309401625502505e+04 1.371078511341076774e+04 1.115992356769413527e+04 2.127356555687344098e+03 1.316928858975893036e+03 7.608959539120409318e+03 6.349580608242209564e+03 -2.709099516943861090e+02 -7.231410935758822234e+02 -1.527772161637380123e+03 -4.896508799872583950e+03 -7.882765326420266319e+03 -6.767761756358077946e+03 -5.403267213290080690e+03 4.804302869295417331e+05 1.547719918445759977e+05 -2.513124522811266652e+05 -2.660845759883355931e+05 5.811197639053287276e+04 2.185825414488391543e+05 7.376470051879050152e+04 -1.262331200140354485e+04 5.889510505372196349e+04 1.186819747847102408e+05 1.130354619834882324e+05 8.286547833455064392e+04 6.306676457421613304e+04 6.169780632232933567e+04 5.366312045477623906e+04 3.773416614934539393e+04 3.004342823543258419e+04 2.632681715034831723e+04 1.925887672434459819e+04 1.370458970281204165e+04 1.836606914352456806e+04 3.095474954388001788e+04 4.040322263368905260e+04 4.383992037864503072e+04 4.014115542253877356e+04 2.782293398034486745e+04 1.339468146511424857e+04 7.972237191645909661e+03 8.594774516904049960e+03 1.170303448739335181e+04 1.633567700567492284e+04 1.855848698829157001e+04 1.511960603600847389e+04 1.054171024161302375e+04 6.848379890740144219e+03 2.900217576531060786e+03 -1.309281736045886657e-01 -1.751184200119240142e-01 -2.103886800766528176e-01 -2.365977030569270112e-01 -2.538075957598996402e-01 -2.622746843207230394e-01 -2.624410193157750149e-01 -2.549179066533767690e-01 -2.404602028662393143e-01 -2.199398335779221281e-01 -4.673742522376082842e-02 -4.027851456071082636e-02 -3.270577521421071110e-02 -2.418620904701393806e-02 -1.491875408219770979e-02 -5.130032896538010145e-03 4.936041384492742719e-03 1.502523178170439913e-02 2.487440080858663305e-02 3.421748913668423014e-02
5.431432660287488252e+05 3.630020995218678727e+05 2.707551161728683510e+05 4.968327534156207694e+05 9.579881630111589329e+05 1.100868708960270043e+06 6.055267612920664251e+05 2.098899203458177508e+05 7.067195644414660637e+04 4.651677782775823289e+04 5.254725727219565306e+04 6.319342409566942661e+04 6.969447873941145372e+04 6.663188775766386243e+04 4.198299658031512809e+04 2.668772061944646339e+04 2.224972044457119046e+04 2.047781043041064549e+04 2.290828141821422105e+04 2.471856738613834023e+04 1.858584951792002175e+04 1.608127892378173965e+04 1.666959068845571892e+04 1.425945489384480607e+04 1.311046060515021964e+04 5.127684294180841789e+03 3.577730384727117780e+03 6.195135754650089439e+03 7.729648949887890012e+03 4.105864557819142647e+03 1.737694739371171181e+03 1.275947753209580242e+03 -1.902360148387429035e+02 -1.650675568570405403e+03 -1.008893891255490416e+03 -1.822457755857945813e+03 1.994634323885467602e+05 1.990998928276036459e+05 1.130440985623514571e+05 -8.097700873702211538e+03 -7.166107301328353060e+03 7.576204562494685524e+04 1.272607964305713394e+05 9.278261384332241141e+04 6.846084003625446348e+04 9.424326291157882952e+04 1.030575660927892313e+05 8.254847974483513099e+04 5.966724014529894339e+04 3.936409368842095137e+04 2.943017980583672761e+04 3.789080794568642159e+04 3.716608870059966284e+04 1.390748724806821883e+04 -5.593119223794934442e+03 -2.027626593298740772e+03 1.707103931328295585e+04 3.095139250484056902e+04 3.177606034310457471e+04 2.797427681660017697e+04 2.513628344802610445e+04 1.813981403775329818e+04 8.727251809168717955e+03 5.687209471980579110e+03 7.688069765619600730e+03 1.137133634154499669e+04 1.628930562781589833e+04 1.611813447148242631e+04 9.858779232188755486e+03 5.389405399008639506e+03 5.569915324049986339e+03 3.824589347857318899e+03 -1.734061990013189558e-01 -1.949689646046058877e-01 -2.075705692780960288e-01 -2.115751146773152125e-01 -2.075633133305924694e-01 -1.963064937548179012e-01 -1.787403346627058909e-01 -1.559303814089627038e-01 -1.290305594725143501e-01 -9.924222545675634444e-02 -3.313025598020371415e-02 -2.602309876043097311e-02 -1.820102024010622141e-02 -9.896928634434526764e-03 -1.364230109844532688e-03 7.130120829576497982e-03 1.531869251132390690e-02 2.294313371320317110e-02 2.975804509572418238e-02 3.553877116713439338e-02
4.351811163611608208e+05 2.973145716026215814e+05 2.018688088626187528e+05 1.689857961337286688e+05 3.136789621765699703e+05 6.055267612920664251e+05 7.537251278093593428e+05 4.447341165995263727e+05 1.503323899512012431e+05 3.890322062347460451e+04 5.539206548214536451e+04 6.717247909260212327e+04 6.611587479892453121e+04 6.081782564754884515e+04 3.842557502538805420e+04 2.768519615583124687e+04 1.737995876178995240e+04 1.882887347805289028e+04 2.324080208044896790e+04 2.155869223318582954e+04 1.325168373372513088e+04 9.199775273205115809e+03 6.467936822661737096e+03 1.187579390732194406e+04 1.208997558081020907e+04 6.363531674499521614e+03 4.048102953319100834e+03 4.399286927610854946e+03 7.757837110600248707e+03 4.847962606702709309e+03 2.356619237138866538e+03 -2.567748468960835453e+02 2.082945305704283783e+02 -1.766942662367764569e+02 2.030882023247831967e+03 1.839396864983444630e+03 1.214420329412826686e+04 1.128710518793940137e+05 1.216622576819453825e+05 5.530584152314152743e+04 -5.040941087550271186e+04 -5.420811656964732538e+04 -1.446590336036686494e+03 3.259838074509297803e+04 1.518186155382418656e+04 2.385460553698365766e+04 3.880155483111161448e+04 4.654763990244971501e+04 4.239048387165387248e+04 2.601808375124320810e+04 1.504528255622245706e+04 2.338906383785948128e+04 2.989258950140383240e+04 1.500293950135908744e+04 -4.399164640009075811e+01 2.540216508749784225e+03 1.406801409484180112e+04 1.987286536095918564e+04 1.672395457657965744e+04 1.332492209756588090e+04 1.792160620177232340e+04 1.933917029870348415e+04 1.407134989660620886e+04 1.162094381812099164e+04 1.242852108549487093e+04 1.182533524933659464e+04 1.074147704996119501e+04 9.101036141281412711e+03 6.244330600825680449e+03 4.510379206599498502e+03 5.527875199574897124e+03 5.660644574970810936e+03 -1.765712183176305627e-01 -1.792207663228034265e-01 -1.737327254238634211e-01 -1.610282075971457838e-01 -1.422190325386893939e-01 -1.185592003271676992e-01 -9.139715283750179942e-02 -6.212215094526985643e-02 -3.210792708439683812e-02 -2.660753424635341723e-03 -2.414625715206154474e-02 -1.638948619855531974e-02 -8.315479592758847835e-03 -2.166259735784212986e-04 7.611494653761122393e-03 1.488011935426694805e-02 2.132303794128310656e-02 2.670821766198865771e-02 3.084294798421684594e-02 3.358154110197306835e-02
3.154783978094218764e+05 2.122146207038348075e+05 1.057455038299785374e+05 1.158987220150399371e+05 1.190721541829597554e+05 2.098899203458176926e+05 4.447341165995261399e+05 6.155719578691405477e+05 3.466178498859664542e+05 1.171231762761614955e+05 6.858091603652198683e+04 7.104913996144643170e+04 6.377340833334860508e+04 4.547292302910331637e+04 2.599471771996706957e+04 2.158076473363077821e+04 1.451994945887506401e+04 1.588819769530534359e+04 1.829569597395183882e+04 1.279803337407504296e+04 9.080542057131524416e+03 1.001967888713530738e+04 7.182759219867275533e+03 1.094697242869870570e+04 9.942756578185062608e+03 6.443286694497302051e+03 5.143518709700970248e+03 3.863628387873165138e+03 4.259929778315947260e+03 3.568149294656812344e+03 4.524832498965045033e+02 -2.893017363672573538e+03 -1.975465714395157192e+03 -1.750634558982094404e+03 5.785387063579237292e+02 1.739098697533850554e+03 1.037245467554648640e+05 1.761901081215830927e+05 1.842909702342668897e+05 1.220556141236994736e+05 4.960693604664865416e+04 -4.166742964721759199e+04 -8.019954940583987627e+04 -2.831050668178077103e+04 4.749364191151916020e+04 5.344413285808293585e+04 4.072453336523050530e+04 4.948998817115931888e+04 6.235149439848097973e+04 5.445929326022676105e+04 3.522987964758993621e+04 2.914885619448936268e+04 3.065734629527328070e+04 2.147389126778835998e+04 1.043606071392296508e+04 9.486614059699717473e+03 1.300284971975439839e+04 1.423953735969831905e+04 1.212876176819442662e+04 1.312953600138909678e+04 2.023207316473643004e+04 2.030644858106311585e+04 1.334730588319341769e+04 1.151608430235844571e+04 1.489348453650169540e+04 1.561785559780197582e+04 1.293110077918380193e+04 9.482242045237999264e+03 6.963472334580352253e+03 4.599402322003329573e+03 3.586853453711431030e+03 5.766119035881552009e+03 -1.534455163144940737e-01 -1.420278724152510552e-01 -1.241609390386772815e-01 -1.012673094631942189e-01 -7.488188153400647529e-02 -4.658033933514430652e-02 -1.791273051647955875e-02 9.662998829928125255e-03 3.484332846828754049e-02 5.653040579122325937e-02 -9.300740653054646867e-03 -2.871687508683317628e-03 3.368183750449468480e-03 9.154614339675756426e-03 1.424383626117450320e-02 1.842193735600175519e-02 2.151913174531080303e-02 2.341889355236027870e-02 2.405966727633669644e-02 2.343771685745128439e-02
2.514881340833531285e+05 2.070122930339011364e+05 1.286342930079690996e+05 1.121982208043380524e+05 7.968531208688873448e+04 7.067195644414666458e+04 1.503323899512013304e+05 3.466178498859661631e+05 4.432472522209212766e+05 2.558606994215831801e+05 9.647574368628468073e+04 4.890509732851025183e+04 4.244894037012460467e+04 2.708658997968790572e+04 1.799098244610059555e+04 1.547985658180491737e+04 1.390855780796644285e+04 1.275444016791944159e+04 1.223014794509226704e+04 8.326604919698504091e+03 8.993858898489594139e+03 9.206245191619105753e+03 9.650603598053208771e+03 9.712180614815830268e+03 7.109169301040046776e+03 6.417388754869180957e+03 5.334143624654267114e+03 2.704219666877404961e+03 5.847364674680341068e+02 2.889268494550499327e+02 -1.161866847915106064e+03 -3.162437564446244323e+03 -3.376452866399565210e+03 -2.230091629725693110e+03 4.997754204564500924e+02 1.574182914756163427e+03 1.323103923008315032e+05 1.815398237963506836e+05 1.483918202371038788e+05 7.215978848443779862e+04 5.205865320405340753e+04 1.433119811436434247e+03 -5.702674620809699263e+04 -5.875955608524078707e+04 2.859683816155891691e+03 5.506112765536779625e+04 5.602296347456928925e+04 4.434271156573816552e+04 4.077354991321288981e+04 3.785806355306327168e+04 2.944360102931444271e+04 2.234730595484197693e+04 1.974721487148780943e+04 1.547657362599272528e+04 7.951381464922058512e+03 6.558180604922198654e+03 1.179820095335845326e+04 1.450839492842850632e+04 9.966689617739775713e+03 5.357315953505331890e+03 6.680637331895854004e+03 8.053350407915771939e+03 9.675023811622519133e+03 1.250118463604843419e+04 1.392290465155841957e+04 1.269123293310340341e+04 1.106006619522843903e+04 7.101865122928333221e+03 2.564020860797692876e+03 1.895174058244315347e+02 1.194391007466970677e+03 3.575674219209455259e+03 -1.144914980723749642e-01 -9.363490764362392138e-02 -6.885493293728860154e-02 -4.191593676020478887e-02 -1.455686332076922343e-02 1.159591804215758144e-02 3.510223468895903171e-02 5.477204672633721044e-02 6.971590819881778867e-02 7.937577979481921786e-02 1.078751347388908627e-03 5.945382303707895562e-03 1.020772442551544715e-02 1.366387857076149619e-02 1.615618476091972705e-02 1.757757534782461092e-02 1.788162977841858264e-02 1.708628210977018724e-02 1.526911658890075900e-02 1.256255147581152726e-02
1.875450220674141310e+05 1.606280528972144530e+05 1.612625778088998632e+05 1.486795914700637222e+05 9.801536749317814247e+04 4.651677782775845844e+04 3.890322062347444444e+04 1.171231762761615391e+05 2.558606994215833547e+05 3.407928651795513579e+05 1.939802897167079500e+05 6.554653080131144088e+04 2.044599473287025830e+04 1.769473273524726028e+04 1.673522187107693026e+04 1.408673633400781182e+04 1.165215718504846518e+04 1.073676179418917673e+04 9.670338988370383959e+03 5.666052058008674067e+03 4.172141882096168956e+03 6.913925242199753484e+03 1.011782031922845817e+04 7.577254117905558815e+03 5.452065004580801542e+03 5.445431828546648831e+03 4.930855169632463003e+03 3.827791450509658375e+02 1.433095152154819374e+01 3.251331361099822061e+03 2.451318301605273973e+03 -1.326521958033105193e+03 -1.185381187482394353e+03 -1.918358369969882915e+02 7.413115659799757395e+02 8.794374571774164906e+02 1.669806585418980685e+05 1.387975074803358875e+05 7.280093188635370461e+04 2.985301021584617411e+04 4.459531714379321784e+04 3.374682999170138646e+04 -2.197247413770783169e+04 -5.803306946548802807e+04 -2.651153718429228320e+04 1.572424675321599352e+04 3.889687558257281489e+04 3.630948046797497955e+04 2.789873852940858706e+04 2.732805040468254083e+04 2.881228862654943077e+04 1.781171247386624600e+04 4.341908017369982190e+03 3.103204045667149330e+03 6.132182564384480429e+03 4.947960304197069490e+03 1.793460527782202917e+03 -3.724838009554532618e+02 -2.720888929934653788e+02 2.526143112585524705e+03 6.205133091167718703e+03 5.791863509217989304e+03 5.427593172797764055e+03 7.263838603416353180e+03 8.142217191031351831e+03 7.771331887434432247e+03 8.336458924953773021e+03 7.042427931887363229e+03 4.753490854245276751e+03 3.140254974712916464e+03 2.168116110353722434e+03 2.051229444813820010e+03 -6.916736996680704352e-02 -4.404475122411278393e-02 -1.798476967998029891e-02 7.171289797194392059e-03 2.978989426330888590e-02 4.853065029964716975e-02 6.240588823356765791e-02 7.081841678583138122e-02 7.357619644879494214e-02 7.087979880497691232e-02 7.624548190542203632e-03 1.100951636563409462e-02 1.345798180489776556e-02 1.485267086036895674e-02 1.514321096855104042e-02 1.434688804363785930e-02 1.255167841208248286e-02 9.911608177664983990e-03 6.632848781064520569e-03 2.959159312392448116e-03
1.196320328699772072e+05 1.292663502974791045e+05 1.363630951312637480e+05 1.309580077756467799e+05 9.312584834952394885e+04 5.254725727219572582e+04 5.539206548214532086e+04 6.858091603652195772e+04 9.647574368628466618e+04 1.939802897167079500e+05 2.574780724008698598e+05 1.463682735499069968e+05 4.770801085985329701e+04 2.323394940462776867e+04 1.930535068778759887e+04 1.622799516042813048e+04 1.556663470432814938e+04 1.463591859492525327e+04 1.210863890530788558e+04 9.929858622686679155e+03 4.265653648674615397e+03 4.634325919089062154e+03 7.837717358465519283e+03 9.320189742042322905e+03 9.202469396222893920e+03 7.156178648415614589e+03 5.004324617004568609e+03 1.764709612751063787e+03 1.385524338120188077e+03 4.667340244299564802e+03 4.064827848926855495e+03 4.011290434845489017e+02 4.809358241012457711e+02 8.685940996446508962e+02 -4.195503275782363062e+02 -9.593999381327066658e+02 2.486547753864450497e+05 1.430719605560793134e+05 5.648521598998431000e+04 3.229481892535848965e+04 3.805290091712809954e+04 3.252117173324223768e+04 1.076885407854138612e+04 6.033553915813972708e+02 5.000006092238272686e+03 6.472112021199980518e+03 1.117913731965980514e+04 2.288198991225637292e+04 2.154931458913828101e+04 2.187365548951412347e+04 2.480220543361223099e+04 1.584977082138086917e+04 6.298650858853327009e+03 8.231837050726162488e+03 1.215578432044449073e+04 1.240064077643959536e+04 9.823418980653112158e+03 3.541944234272238191e+03 -5.961925671839026109e+02 2.497848037989552722e+03 7.918330773892895195e+03 7.643167884992899417e+03 4.933011476356101412e+03 4.168806104075119947e+03 4.635269417859442910e+03 5.421588082981904336e+03 6.262180891416948725e+03 6.397434976595439366e+03 6.809229234892514796e+03 6.823510647417484506e+03 4.602478993407482449e+03 2.935884885853785818e+03 -2.697549678350754515e-02 -2.855699157284803842e-03 1.936851679434301726e-02 3.812088656605865794e-02 5.221552836597748853e-02 6.091395355307260145e-02 6.394346359100482047e-02 6.148360204554630809e-02 5.412447237245426174e-02 4.279649415583424571e-02 9.715130727632957999e-03 1.203835232665864501e-02 1.323725183809957955e-02 1.328590294957475784e-02 1.224024090607864212e-02 1.023091401825938253e-02 7.457391267542807199e-03 4.173665010651208228e-03 6.646981142395453658e-04 -2.776838014911000175e-03
9.509829126548120985e+04 1.017581719108747930e+05 9.445288349565997487e+04 9.024864985909091774e+04 6.813763734178140294e+04 6.319342409566942661e+04 6.717247909260216693e+04 7.104913996144641715e+04 4.890509732851024455e+04 6.554653080131149909e+04 1.463682735499070259e+05 1.965184548289706581e+05 1.177084418530379626e+05 4.602318916793145763e+04 1.815951849674705954e+04 1.675398927919975904e+04 1.333582456520785308e+04 1.315054532773869505e+04 1.305166252240506583e+04 1.244446733238689922e+04 8.413530596821632571e+03 6.572108388738555732e+03 7.839377636621853526e+03 1.034832091263120856e+04 1.010337307297383632e+04 8.107633434744248007e+03 6.333326368136830752e+03 5.108266320466044817e+03 4.997128941452701838e+03 5.415399548124396460e+03 4.123415283969433403e+03 2.005479372927655277e+03 2.048475634879081554e+03 1.367920561333701698e+03 2.311334878935417407e+02 5.730096058768217517e+02 2.113354459785964573e+05 6.746761396199086448e+04 -4.720965880259573169e+03 1.662083414257490949e+04 3.300422098224064393e+04 3.260090755598455144e+04 3.426629358797864552e+04 4.483230561180542281e+04 4.369514327971312014e+04 2.659812744763006776e+04 1.009181084759983787e+04 9.421597861756492421e+03 1.926925623537584761e+04 2.443860955436087534e+04 2.288362684622703091e+04 1.155221485196171670e+04 2.394285690793425601e+03 -3.824340679407032439e+01 1.819709778097364961e+03 7.668350598373033790e+03 1.279506601858340218e+04 1.106667818305757828e+04 6.656261112666887129e+03 4.930588555395786898e+03 4.527665063634472972e+03 4.529232810991734368e+03 4.705389603934952902e+03 2.824319607950198588e+03 6.003751682215315668e+02 1.691940483101054497e+03 4.057200075404701693e+03 4.565362077234810386e+03 4.749439257660405019e+03 5.664021416380888695e+03 4.816778199665457578e+03 3.144290190469542267e+03 4.572409897487917686e-03 2.384565187553959811e-02 3.917681997613626371e-02 4.953702844194516480e-02 5.441238181506343613e-02 5.380828560383601328e-02 4.820724477092756810e-02 3.849207817449321056e-02 2.584501163069515689e-02 1.162680752194725914e-02 1.029135425854055264e-02 1.107346994181515609e-02 1.079221993313535591e-02 9.537786090197538161e-03 7.474810001399274928e-03 4.825636052875728436e-03 1.855661075798422863e-03 -1.148361683363241731e-03 -3.907148211217726513e-03 -6.174367965418215039e-03
1.071042761061117344e+05 9.446962016601259529e+04 8.475880995934506063e+04 8.678255024153705745e+04 6.271854593892014964e+04 6.969447873941136640e+04 6.611587479892451665e+04 6.377340833334863419e+04 4.244894037012466288e+04 2.044599473287029105e+04 4.770801085985336977e+04 1.177084418530378025e+05 1.614973689860922750e+05 9.863646190343950002e+04 3.605114122020966897e+04 1.817566465060198971e+04 1.226685204410511869e+04 1.316811820948080276e+04 1.237944170178501554e+04 8.996930142109831650e+03 8.229258381051233300e+03 7.700541197695718438e+03 7.326040341425921724e+03 9.768085925416991813e+03 9.883922206737383021e+03 7.727132383818747257e+03 6.948859442709304858e+03 6.083704449490357547e+03 4.490704599251484979e+03 4.517587227630286179e+03 5.421771482114419996e+03 3.828659881814921391e+03 2.835733776893465802e+03 2.112163708310985385e+03 1.480533003979797286e+03 2.032001056500342656e+03 8.211985195106209721e+04 8.767576462402186735e+03 -9.227288201894320082e+03 -4.720786855754340650e+01 -5.629513597572578874e+03 -1.998243209110660246e+03 1.884735842293360838e+04 3.012038627508146601e+04 2.399968232670689031e+04 1.202512157919673700e+04 9.586914725078386255e+02 -1.495618146236198299e+03 7.319262671195453549e+03 1.750024430031213342e+04 1.390365049509264281e+04 5.738831001038762224e+03 3.969686895753509361e+03 2.968055427246133604e+03 1.210021722043552472e+03 5.283096816593716540e+03 1.022180321099042885e+04 8.391187273185996673e+03 4.571498671960608590e+03 4.060133621474160009e+03 3.657062977585896078e+03 3.112034052215956308e+03 3.598495327179364267e+03 2.680729435297024338e+03 7.171927731563789621e+02 7.184295135606250824e+02 1.981924040425979001e+03 1.672035559839972393e+03 3.673616136339912828e+02 3.934607641437007715e+02 1.329298711877802816e+03 2.131442494828454528e+03 2.403514410571818208e-02 3.624885943042845116e-02 4.354674714745244285e-02 4.561519324783253060e-02 4.268296353563051648e-02 3.545800164573306712e-02 2.501949766533038966e-02 1.268398246063175312e-02 -1.375202666730320161e-04 -1.208328991842234738e-02 7.222449551070937723e-03 6.737191169339226682e-03 5.574803062620412898e-03 3.895408547080517984e-03 1.898534181376696764e-03 -1.977901681716181940e-04 -2.172832647280480058e-03 -3.822809761663107514e-03 -4.984439920474567458e-03 -5.551836531662821504e-03
1.499259058220793959e+05 9.638299035553258727e+04 7.533651345401843719e+04 7.867270638762807357e+04 6.000950950821843435e+04 6.663188775766389153e+04 6.081782564754883060e+04 4.547292302910336002e+04 2.708658997968789481e+04 1.769473273524735487e+04 2.323394940462773957e+04 4.602318916793147218e+04 9.863646190343954368e+04 1.327379869290935749e+05 7.490139181688765530e+04 2.746904899412772647e+04 1.402274722694025695e+04 1.408774218197522714e+04 1.173944089579858337e+04 7.044848343390805894e+03 6.599062860709595043e+03 8.582242696024906763e+03 8.919611533249462809e+03 1.063254238375280693e+04 9.722205577316917697e+03 7.373138895090323786e+03 7.439775209268449544e+03 6.836842304331314153e+03 5.001099136751638071e+03 4.528045513941128775e+03 5.941110919593900690e+03 5.108198845759192409e+03 3.957741706718701607e+03 3.682436628380460206e+03 2.870775955310160953e+03 2.868707851338717774e+03 -6.743491931071071303e+04 -6.206548114959079248e+04 -3.723594323683912080e+04 -7.522737236572345864e+03 -6.835914112708447647e+03 -1.223466354563157620e+04 -4.925290595108956040e+03 1.580143828918362487e+03 -4.163507076241502546e+03 -1.013236009691630352e+04 -8.248208594401565279e+03 -1.390231974256446847e+03 2.541438400946889942e+03 1.489815992211174034e+03 -1.052335545974056913e+03 -1.820840565342467926e+03 4.239508078233116066e+03 7.825411613775022488e+03 4.918255590552079411e+03 3.929563394933851669e+03 4.813103173608400539e+03 2.748398253575914168e+03 6.711599389665832405e+02 1.413725181043947714e+03 1.694846983395932739e+03 1.093806319784148855e+03 1.942295650520788286e+03 2.155576111698696877e+03 -1.711371284149981875e+02 -1.595641849814534908e+03 -4.379014874572653753e+02 1.681221844835297361e+02 -8.078843997640610723e+02 -6.010257798860191087e+02 1.192295057496824711e+03 1.217998453598670039e+03 3.156808746883565941e-02 3.664979705132929283e-02 3.693008595734946498e-02 3.279433073282748967e-02 2.509012044055284815e-02 1.499929534210384975e-02 3.879075367620241164e-03 -6.902637244990459005e-03 -1.611672150426990066e-02 -2.279830519194840643e-02 2.833153629405822747e-03 1.861361523941330171e-03 6.961702984853495799e-04 -5.135319593089431684e-04 -1.621705657164421383e-03 -2.501618501403647058e-03 -3.053908351994226878e-03 -3.215654688381552363e-03 -2.971299147450847701e-03 -2.355635671489920112e-03
1.106600900585873896e+05 6.347634420538970880e+04 3.847099267558135762e+04 5.489083931763758301e+04 4.776385164384981908e+04 4.198299658031523722e+04 3.842557502538801054e+04 2.599471771996707685e+04 1.799098244610062102e+04 1.673522187107696300e+04 1.930535068778755522e+04 1.815951849674705227e+04 3.605114122020962532e+04 7.490139181688758254e+04 9.575562864674106822e+04 5.179561364633214544e+04 1.650703513727616519e+04 9.107761131599079818e+03 9.601414064279575541e+03 7.196855431602987665e+03 5.482646418008452201e+03 6.816776096916270035e+03 7.198918030017694946e+03 8.649714497509085049e+03 8.849266242494681137e+03 6.570406983172209038e+03 5.905242475806900075e+03 6.151849400951956341e+03 5.194590730807622094e+03 4.546138564063014201e+03 4.573150659894268756e+03 4.036442015243321293e+03 3.713193284799124740e+03 3.133127595405834654e+03 3.114774084476483495e+03 3.453228299647070344e+03 -1.401231290149861888e+05 -8.958773783532240486e+04 -1.412665518769173104e+04 9.860014633993869211e+03 5.366964431715761748e+03 -6.124451304510343107e+03 -9.762507053231853206e+03 -1.081829723580300197e+04 -1.194137339201347277e+04 -7.479523106548889700e+03 -2.307940500888254974e+03 -1.278527672238896685e+03 -1.877254575538079735e+03 -2.217722726540364420e+03 -8.435259102820089538e+03 -9.108731310876941279e+03 -2.368219207607966382e+03 4.489472854926904802e+03 5.354820721039703130e+03 3.724316415155810773e+03 2.518528802109568005e+03 1.268186321262846604e+03 -1.463605660582331893e+02 -6.118683157197251603e+02 -3.237962165075812209e+02 -2.991731958868225547e+02 -9.246747313263587102e+02 -1.065931952031592573e+03 -1.786784999448411781e+03 -2.308858445051190756e+03 -1.316992575237434266e+03 -3.409676382137570272e+01 3.531771301557319021e+02 6.105671915002036485e+02 8.197178800742318572e+02 5.502945455446422329e+01 3.002535363807814009e-02 2.945174407068570574e-02 2.501789996025787638e-02 1.763109927140914940e-02 8.495253250332956974e-03 -1.060257754439077613e-03 -9.758695401720104620e-03 -1.653269828943298644e-02 -2.063924922071470186e-02 -2.172800955668196740e-02 -3.669007211433873293e-04 -1.029280862251623872e-03 -1.563643590406783770e-03 -1.895311688617746810e-03 -1.978229153828634044e-03 -1.800824647279138839e-03 -1.382093766464520144e-03 -7.682328623964987087e-04 -3.178844915102802378e-05 7.353325722601235107e-04
1.025913186297662469e+05 6.270370838945906144e+04 3.493664781432930613e+04 4.281504671459746896e+04 3.688715429066633078e+04 2.668772061944641609e+04 2.768519615583121777e+04 2.158076473363078549e+04 1.547985658180489190e+04 1.408673633400784092e+04 1.622799516042817959e+04 1.675398927919975176e+04 1.817566465060199334e+04 2.746904899412773375e+04 5.179561364633207268e+04 6.893710317521846446e+04 3.853131657332346367e+04 1.126846756515270135e+04 5.968470540672671632e+03 8.105476747455262739e+03 6.953948339775942259e+03 7.290341757468935612e+03 5.996371629116802978e+03 7.337795076085440087e+03 7.874633793576898825e+03 6.583568884959936440e+03 5.275587571567197301e+03 4.959472287806021995e+03 4.499414485641729698e+03 4.516381719376175170e+03 3.868401962035392899e+03 3.423278467197161262e+03 2.772787204936502349e+03 2.007603988763624102e+03 2.420068144704483075e+03 2.598028896791854550e+03 -1.384689393642528157e+05 -6.664247578319578315e+04 4.879577589657210410e+03 2.061882301589392227e+04 5.324900238540253667e+03 -1.294126334635458625e+04 -1.530505218506348683e+04 -4.069518301453820641e+03 1.184977940451917675e+03 -3.057895627113038245e+03 -7.764638643572695401e+03 -5.479187539808852307e+03 -2.502468705139685881e+02 2.252446553069944002e+03 -2.844091205764369079e+03 -7.670832415214914363e+03 -3.809699016541572291e+03 1.023811416793347234e+03 1.814260281440736208e+03 1.097554937088927545e+03 1.365525308788391158e+03 2.020931238413844767e+03 1.057681407932503589e+03 -1.298625432015225670e+03 -2.454956308916344369e+03 -2.270376086083864266e+03 -2.511801143426570889e+03 -2.411399797737847621e+03 -1.808719281926532403e+03 -5.525797769071916719e+02 9.277200408421924749e+02 1.822121041982924226e+03 2.170945317194972176e+03 1.872371043931124404e+03 8.302159093731836492e+02 6.829937395639049669e+00 2.404987226981341111e-02 1.977024289744110791e-02 1.295403440525981324e-02 4.799866753125724833e-03 -3.404544393026446257e-03 -1.046669859793257842e-02 -1.545115243745637766e-02 -1.779199938203358811e-02 -1.734166494245506160e-02 -1.435984390078804372e-02 -1.624739910951259131e-03 -1.881626122195636380e-03 -1.894517039013207888e-03 -1.654687964566294196e-03 -1.190041295238610441e-03 -5.617012458122006262e-04 1.489746373337790008e-04 8.518705356240196527e-04 1.455285624591673259e-03 1.876547552630645132e-03
1.002899609860658093e+05 5.512973026457457308e+04 2.966629878511571587e+04 3.621552069551736349e+04 3.155506989700270060e+04 2.224972044457118318e+04 1.737995876178993058e+04 1.451994945887506947e+04 1.390855780796643376e+04 1.165215718504849065e+04 1.556663470432816757e+04 1.333582456520787309e+04 1.226685204410511506e+04 1.402274722694026059e+04 1.650703513727615427e+04 3.853131657332338364e+04 5.411829264283436351e+04 2.988797416073359273e+04 1.089268796565758748e+04 7.578568400596443098e+03 7.287734448018810326e+03 6.360716560767870760e+03 5.192018546077553765e+03 7.038960393205192304e+03 7.083988445479471920e+03 6.488241319671980818e+03 5.974862885736403769e+03 5.751302701561688082e+03 4.694451865965166689e+03 4.317640031301549243e+03 3.886457229428388018e+03 3.189694562498596497e+03 2.393951880194299974e+03 2.393800975356348772e+03 2.412825948221006911e+03 1.716292523385565346e+03 -5.602218018516743905e+04 -3.165338405385526130e+04 -1.800820554164723580e+04 -5.994322660178300794e+03 -4.996370231793531275e+03 -1.136477752006352966e+04 -6.561756767637925805e+03 8.028047148809492683e+03 6.634442219067229416e+03 -3.253823022403410960e+03 -6.665686395866984640e+03 -1.249816578313599166e+03 2.657569771837562712e+03 2.726723251088243615e+03 5.970744956308267319e+02 -1.452420937316866457e+03 8.638273103057558728e+02 5.424455653887396693e+03 6.025248548578860209e+03 4.354463585980658536e+03 3.142042601448532878e+03 2.536257382997271634e+03 1.130326002852155398e+03 -7.573012888963800151e+02 -1.268557126221819090e+03 -4.336994498528602549e+02 -4.859980917470537065e+02 -1.254246703803610217e+03 -8.009317220118816749e+02 7.538948960904235719e+02 1.869229804004812422e+03 2.003651688480421399e+03 1.708622644723883468e+03 1.499519041453547288e+03 1.421303156534351274e+03 9.712548579907249859e+02 1.670921200254961436e-02 1.050224361366413131e-02 3.131793795330552622e-03 -4.131316923709885819e-03 -1.013703940989160203e-02 -1.402252058026163574e-02 -1.532673004086714842e-02 -1.403302535447400502e-02 -1.053621658413592642e-02 -5.550094840051153847e-03 -9.821061883245531688e-04 -1.365450297306056767e-03 -1.514424529411792942e-03 -1.402397932941526221e-03 -1.048230977197905965e-03 -5.124709976017659567e-04 1.175210765983980771e-04 7.423318287164614934e-04 1.261819102102132049e-03 1.589618122352925425e-03
6.065689882835645403e+04 1.783951938776529641e+04 2.285317232422591042e+04 3.796441190098013612e+04 3.193860996100415286e+04 2.047781043041063822e+04 1.882887347805286481e+04 1.588819769530531448e+04 1.275444016791943795e+04 1.073676179418917673e+04 1.463591859492525509e+04 1.315054532773869323e+04 1.316811820948079912e+04 1.408774218197522896e+04 9.107761131599079818e+03 1.126846756515268135e+04 2.988797416073354543e+04 4.381367904577132140e+04 2.732153042838994224e+04 1.177154230666683361e+04 6.490311620470702110e+03 5.513068054433621910e+03 5.359638157898496502e+03 6.480877284358093675e+03 6.578358077286458865e+03 5.776971614913731173e+03 5.697648406215999785e+03 5.767847715235016040e+03 4.803476835432915323e+03 4.109578415355124889e+03 3.987241595575320389e+03 3.754708169735327829e+03 3.260947239676768277e+03 3.122360957208519721e+03 2.543444450388679343e+03 1.916374256323941836e+03 1.741058240518653474e+04 1.475617908033544154e+04 -2.521240100446322685e+04 -3.283712514426460984e+04 -1.207545834242546152e+04 -7.485971939637692003e+02 2.778315550830507163e+03 8.032252484606307917e+03 2.606507320764595534e+03 -6.503189857544039114e+03 -8.841316121328713052e+03 -4.706562590473838100e+03 -4.485172012689497024e+03 -5.397003202160582077e+03 -2.942063590216601369e+03 -9.298251542545403936e+02 6.252438114498346522e+02 3.871347211995730049e+03 5.303292019641205115e+03 3.983668368918390115e+03 2.886902983489446342e+03 2.524431485043285193e+03 1.928854157279274204e+03 5.537121725455225487e+02 -5.281267339026105674e+02 -4.679565384799209369e+02 -4.472068188582845210e+02 -7.940936415551145728e+02 -4.297526440858005117e+02 1.115101897508374407e+01 1.006171236217981857e+02 1.833202594349942274e+02 5.232182822221935226e+01 6.454084149962150718e+01 5.606933124059635247e+02 7.567725385490260805e+02 9.352663283488325471e-03 2.579697474152676910e-03 -4.061715026088832947e-03 -9.422630182526909801e-03 -1.266699158528894996e-02 -1.338831553171579078e-02 -1.164976880364785791e-02 -7.939715362166713253e-03 -3.054419033927458123e-03 2.062042001893021805e-03 -7.569384220999992360e-04 -1.170767303448262252e-03 -1.338238699549506921e-03 -1.237745859389722310e-03 -8.986392820986407928e-04 -3.941009447081247549e-04 1.775081733659336647e-04 7.112091817996097362e-04 1.109801353817627427e-03 1.299660962471651214e-03
2.612865590395034360e+03 -8.798422435137081266e+03 1.194706894371289491e+04 2.680528437151960316e+04 2.347183956348900028e+04 2.290828141821424288e+04 2.324080208044896062e+04 1.829569597395183519e+04 1.223014794509225612e+04 9.670338988370394873e+03 1.210863890530787648e+04 1.305166252240505491e+04 1.237944170178501008e+04 1.173944089579855790e+04 9.601414064279604645e+03 5.968470540672674360e+03 1.089268796565756202e+04 2.732153042838997135e+04 3.904103670669436542e+04 2.441699480140091691e+04 9.622650020700430105e+03 5.500301026502487730e+03 5.058715691442039315e+03 5.700009564847842739e+03 5.575147746566020942e+03 4.361102475653691727e+03 4.368974814042009712e+03 5.086816817322351199e+03 4.688260031560032076e+03 4.595842058726145297e+03 4.494955250822910784e+03 3.921097531853873079e+03 3.572582544241850883e+03 3.334223912910706531e+03 2.508636736557618860e+03 2.279253244580260798e+03 5.963547623890906107e+04 4.635147247315922868e+04 8.569839730454757955e+03 -4.134723124630923849e+03 -3.073770320219743098e+03 2.389918443744672459e+03 1.000166086397586878e+04 8.951849167257263616e+03 -4.819288048890363825e+03 -1.418508541025081468e+04 -1.344142090367658420e+04 -6.476444739485222271e+03 -2.377144621270627340e+03 -1.858693322053447901e+03 6.930451941688589841e+02 4.473069675845001257e+03 5.004234044120904400e+03 4.291532548760205827e+03 4.513336257120357004e+03 5.316394604099924436e+03 4.115326879755308255e+03 2.460609341992833834e+03 1.120070810356318134e+03 -3.168954435497284976e+02 -8.687202664287644893e+02 3.636293815138723744e+02 1.703002165231578829e+03 2.098047942182719908e+03 1.956329829070464939e+03 1.450326572618551836e+03 9.929988868554203236e+02 8.353758020412082033e+02 8.394798532290435560e+02 8.983573749677857450e+02 9.867350038760437201e+02 8.721781728529027760e+02 2.819919809769320333e-03 -3.456365359576547662e-03 -8.514951411514986787e-03 -1.149474706944860619e-02 -1.199355416578499513e-02 -1.010666060092007407e-02 -6.375052078870704214e-03 -1.652532984135564017e-03 3.079542039441679740e-03 6.907233370998582152e-03 -9.554999497162047209e-04 -1.172105700798509826e-03 -1.139182733704536014e-03 -8.753131752926793111e-04 -4.444676278582430830e-04 5.787776530194911341e-05 5.281278355434936402e-04 8.751496884470439264e-04 1.033406826481055637e-03 9.738785161845042813e-04
-3.099128126798035737e+03 -2.916891692965232323e+03 1.665069593651130708e+04 2.655173257291153641e+04 2.215692234994821411e+04 2.471856738613835114e+04 2.155869223318581862e+04 1.279803337407502295e+04 8.326604919698515005e+03 5.666052058008683161e+03 9.929858622686657327e+03 1.244446733238688648e+04 8.996930142109846201e+03 7.044848343390811351e+03 7.196855431602997669e+03 8.105476747455257282e+03 7.578568400596441279e+03 1.177154230666684452e+04 2.441699480140093510e+04 3.525658649680098461e+04 2.210039578871297272e+04 9.944464882817470425e+03 5.635609968987580942e+03 4.706618130015765928e+03 4.947734237530770770e+03 4.034762027677252718e+03 3.804545957235071910e+03 4.467296291317468786e+03 4.481041235312361096e+03 4.389723867179998706e+03 4.443232457321739275e+03 3.771646516638560570e+03 3.139991653141556526e+03 2.907570600658033982e+03 2.563261257752070833e+03 2.423456781153035081e+03 2.971083306658396759e+04 2.403871788896791259e+04 5.442398232963802002e+03 1.213700324185060254e+03 -1.212065840218624089e+03 2.385351332982945678e+03 9.039257495545440179e+03 8.079096819900671107e+03 -2.414812404028481069e+03 -1.018583073997201791e+04 -1.217978741187624109e+04 -6.795032387501199992e+03 -2.382910674724708315e+03 -3.777029948613367651e+03 -3.988731546422707197e+03 9.083773797316641776e+02 3.538336268813531660e+03 1.912469153769073273e+03 7.073281835218507467e+02 7.367102234512958603e+02 -6.558233657598592572e+02 -2.032791597717068498e+03 -9.980096133229601492e+02 -8.429090979308519991e+02 -1.952209344344183592e+03 -1.423994785622273639e+03 9.677694480353619610e+01 1.092866889511679801e+03 1.442310690706901369e+03 1.327559290319151160e+03 6.772452720600047087e+02 -1.095615408894155962e+01 9.290050734952643552e+01 6.066966438820294343e+02 8.837211896681183134e+02 8.341104651243738317e+02 -2.619928294024927769e-03 -7.595561942756264354e-03 -1.053285295914357760e-02 -1.099415029659161873e-02 -9.082720314820498519e-03 -5.379715157710080430e-03 -7.935206289585613722e-04 3.648639779131582130e-03 7.022128763835669071e-03 8.689130043678291657e-03 -8.848261169026164002e-04 -7.551660989940712273e-04 -4.675163183993717698e-04 -8.692824468823518726e-05 3.022677622541184925e-04 6.139877516994881115e-04 7.821294641014278669e-04 7.744856586548543942e-04 5.951968980217878843e-04 2.825812923937346690e-04
1.714574685620919990e+04 9.136004721885758045e+03 1.555509044289774829e+04 1.904408307615281228e+04 1.585609020038956078e+04 1.858584951792002903e+04 1.325168373372509632e+04 9.080542057131509864e+03 8.993858898489586863e+03 4.172141882096176232e+03 4.265653648674611759e+03 8.413530596821634390e+03 8.229258381051236938e+03 6.599062860709598681e+03 5.482646418008460387e+03 6.953948339775950444e+03 7.287734448018813055e+03 6.490311620470694834e+03 9.622650020700439200e+03 2.210039578871299454e+04 3.046633977249958116e+04 1.920416184426565087e+04 7.979037180354735028e+03 5.059201333563624758e+03 5.178866310977872672e+03 4.577178557005515358e+03 4.017162834209548237e+03 4.563851263926794672e+03 4.421952831609450186e+03 3.565104728773334500e+03 3.642316256375672310e+03 3.547519949594674472e+03 3.012506633124893597e+03 2.595976460456371569e+03 2.493188100760476118e+03 2.700768381945406418e+03 -1.465982226079021348e+04 -2.367298462210661819e+04 -2.056033355697892694e+04 -1.363011921467216962e+04 -8.010140559217885311e+03 -2.403492748103081794e+03 3.013556072454198784e+03 2.174684422269428978e+03 -3.583431080890582962e+03 -8.874749430891724842e+03 -9.488845647475018268e+03 -2.326500931275103994e+03 1.203575624499698279e+03 -3.033302762322487069e+03 -5.765252565254130786e+03 -3.386220157786043728e+03 -1.037028964178527758e+03 -5.590252025544073149e+02 -6.886889939571731247e+02 -1.665039737682145642e+03 -2.890137247021873918e+03 -2.644130043536541962e+03 -1.986303309838694759e+03 -2.694224217976563068e+03 -3.190184711112134210e+03 -2.355913986835117157e+03 -9.567006010095867623e+02 5.424769241108375581e+02 1.279002281429864524e+03 8.405619343012326681e+02 5.616452793363714591e+01 -2.027120889709912035e+02 -1.046462541778215609e+02 2.024211923455416695e+02 5.586234403190015883e+02 4.415723539092602437e+02 -6.416957705146864553e-03 -9.520011378525065557e-03 -1.017059842662440539e-02 -8.430668385202868403e-03 -4.886903244626639858e-03 -4.806789960064810751e-04 3.723349558352640094e-03 6.781503366575911476e-03 8.074964084636447603e-03 7.426827201710392741e-03 -9.329678238017964599e-04 -7.535612738271290799e-04 -4.145270831863587181e-04 -1.058646139746909090e-06 3.875538333194959348e-04 6.599397817542734150e-04 7.565665009094009463e-04 6.628345401855504282e-04 4.075477151524449873e-04 5.423286697994966304e-05
4.267932080932494864e+04 1.924722462370361609e+04 1.242363737437562668e+04 1.475464981612492556e+04 1.409273042017118496e+04 1.608127892378174693e+04 9.199775273205108533e+03 1.001967888713531283e+04 9.206245191619096659e+03 6.913925242199771674e+03 4.634325919089055787e+03 6.572108388738559370e+03 7.700541197695712071e+03 8.582242696024906763e+03 6.816776096916274582e+03 7.290341757468946525e+03 6.360716560767873489e+03 5.513068054433622819e+03 5.500301026502490458e+03 9.944464882817463149e+03 1.920416184426563996e+04 2.661463727408918567e+04 1.648915702222666005e+04 6.834933658568270403e+03 4.567183829296960539e+03 4.685489349189851055e+03 4.141427032272540600e+03 4.145087594667134908e+03 4.409595930188166676e+03 3.927999267366512868e+03 3.508604688209605683e+03 3.176522934222226468e+03 2.904117657816015708e+03 2.565841683904265665e+03 2.565401677448996452e+03 2.815555778448578167e+03 -7.747352283904627257e+04 -3.389847121877194877e+04 7.803874360023547524e+03 2.904447840348875616e+03 -8.102841311211876018e+03 -7.427974501690528086e+03 4.990771970618038722e+02 4.236384279974882702e+03 1.212997441412137732e+03 -3.036755270401255075e+03 -2.211350040104868640e+03 2.637595368923621209e+03 3.925751780245159352e+03 9.870178647016181230e+02 -1.223164995585959787e+02 6.236575641065126092e+02 6.044939877988688295e+02 -3.385389364182839813e+02 -2.113008104201660444e+03 -4.741763482864315847e+03 -5.936254390190100821e+03 -4.487931886473354098e+03 -2.420019838481140141e+03 -2.865383418233045177e+03 -2.998389409616879675e+03 -1.656392917064782978e+03 -3.396908556842054736e+02 5.345999500670351381e+02 8.032442488898889223e+02 3.084609567846915752e+02 -3.110653248926037122e+02 -2.149439101242109018e+02 2.711635608770315571e+02 5.760514579892699203e+02 6.065780109188754068e+02 3.065052158382591756e+02 -8.379105037351765317e-03 -9.362217277883250199e-03 -7.940023816121884528e-03 -4.665890205432954296e-03 -4.916486656499207287e-04 3.490812602765123226e-03 6.318364663278819814e-03 7.377553008393064257e-03 6.529751851543720391e-03 4.112946586097523081e-03 -4.756949214492763945e-04 -2.293564534591806096e-04 5.435523586123022912e-05 3.049629386928364989e-04 4.614014039236300673e-04 4.858831078348047213e-04 3.764060066979218132e-04 1.672355536333165803e-04 -8.393939856241677767e-05 -3.120843814672140067e-04
4.204687656055342813e+04 1.406469692774549731e+04 1.209464173498229138e+04 1.579579664248808513e+04 1.800309401625506143e+04 1.666959068845571164e+04 6.467936822661728911e+03 7.182759219867280081e+03 9.650603598053225141e+03 1.011782031922846363e+04 7.837717358465521102e+03 7.839377636621861711e+03 7.326040341425921724e+03 8.919611533249448257e+03 7.198918030017703131e+03 5.996371629116802069e+03 5.192018546077552855e+03 5.359638157898505597e+03 5.058715691442028401e+03 5.635609968987570028e+03 7.979037180354729571e+03 1.648915702222664549e+04 2.392677087214959829e+04 1.421698788880100801e+04 6.095254138228897318e+03 4.001666458034665084e+03 3.816368403685819430e+03 3.886892051090824225e+03 4.077918064554770353e+03 4.117799337848501636e+03 3.411689952494501085e+03 2.921459386022009312e+03 2.626526149872974656e+03 2.555591305452346205e+03 2.553728438472697235e+03 2.542921515044831722e+03 -3.757430701148023945e+04 3.068242865084928781e+04 5.910408091593245626e+04 2.965413158030893101e+04 1.674447621766468728e+03 -2.653902935811753196e+03 3.569239121117839204e+02 4.462279228745152068e+03 6.332657563719682912e+03 4.070313591373910640e+03 2.934196829823180906e+03 2.864592877376769593e+03 1.863520159889184015e+03 1.167424584267650289e+03 2.134529566473857813e+03 2.146014815488949807e+03 1.635485147031395172e+03 1.504322953684956246e+03 1.146016725537367336e+02 -1.798935070679687897e+03 -1.366961196354420281e+03 -7.809220321491645791e+02 -9.912210992546405350e+02 -6.984738447754824620e+02 -8.003996332196621211e+01 2.581466964113387803e+02 4.969238522414181034e+02 7.237328120573637307e+02 2.801553152210766484e+02 -4.372885445125855881e+02 -8.329173369086139473e+02 -5.030186975332881048e+02 2.225322883360501010e+02 7.662872449550020519e+02 1.264251070801813057e+03 1.642285298130834235e+03 -8.523090778573503071e-03 -7.593664680701038040e-03 -4.722586355197950017e-03 -8.319156893195640140e-04 2.970035997945321641e-03 5.688664873354436907e-03 6.687932525224557154e-03 5.827334601597648420e-03 3.464885331216182966e-03 3.301917124276503176e-04 1.036721526585127428e-05 2.044177252239808083e-04 3.327780613973383220e-04 3.649171088788118124e-04 2.940657525871182053e-04 1.384984582243393059e-04 -5.908863483287873030e-05 -2.420020310062396542e-04 -3.584583155866237578e-04 -3.769828906292526836e-04
3.078446720366022782e+04 1.569651523779251329e+04 1.307741924337261844e+04 1.444789423438832819e+04 1.371078511341075864e+04 1.425945489384482062e+04 1.187579390732192951e+04 1.094697242869869297e+04 9.712180614815832087e+03 7.577254117905562453e+03 9.320189742042326543e+03 1.034832091263122129e+04 9.768085925416977261e+03 1.063254238375279601e+04 8.649714497509083230e+03 7.337795076085434630e+03 7.038960393205186847e+03 6.480877284358093675e+03 5.700009564847830916e+03 4.706618130015771385e+03 5.059201333563625667e+03 6.834933658568268584e+03 1.421698788880098982e+04 2.126013000115192335e+04 1.316952986758747647e+04 5.297828219227485533e+03 3.368864263315197604e+03 3.145487321991736735e+03 3.389935169777140800e+03 3.776101554620388015e+03 3.892089030996844485e+03 3.584444738443108690e+03 2.797538430746601080e+03 2.340281109324443605e+03 2.414607723570748476e+03 2.613498102904459756e+03 -2.941816802219153396e+04 3.002321187745572388e+03 1.450109941122645068e+04 6.702903295550976509e+03 -2.132313074343045173e+03 -7.749100723035095143e+03 -1.001886389745401175e+04 -6.967657034152916822e+03 -5.663961567687812931e+03 -6.527219104932524715e+03 -2.806022486336386919e+03 1.666650292651426071e+03 1.818184966615042867e+03 1.637489794169596280e+03 1.513128147389424157e+03 -3.344239192734917765e+02 -4.117937392617392334e+01 1.599664686703813913e+03 9.791297086882469785e+02 3.421297062744385471e+02 8.517578713745749610e+02 3.697361146133468424e+02 -5.634152923202689180e+02 -3.989405021923878394e+02 -1.556954140544594267e+01 -3.467707367419436082e+02 -1.152189799917018149e+02 5.380187875591342390e+02 5.115693859056863175e+02 3.919739596790708447e+01 -4.819019503808135596e+02 -5.214974427477839072e+02 -1.423944095171520985e+01 4.264102453642875616e+02 9.011664734339358347e+02 1.423275410751693698e+03 -7.206846183638143145e-03 -4.872105029086126575e-03 -1.349032539906110280e-03 2.264343803576918807e-03 4.938088873453692386e-03 5.990126145726128344e-03 5.245690120841480820e-03 3.046862867912635865e-03 1.217302625984917949e-04 -2.645470652464391136e-03 3.185490196171835852e-04 3.705834819376419335e-04 3.175970873038611638e-04 1.782159479439731958e-04 -8.381422600999719689e-06 -1.930501310411630313e-04 -3.253952678233372627e-04 -3.664637050780094100e-04 -3.032946961566627118e-04 -1.540820894725554154e-04
3.604698612110607064e+04 2.227080911915261458e+04 7.192748950362912183e+03 1.122797993406030400e+04 1.115992356769412982e+04 1.311046060515021600e+04 1.208997558081021270e+04 9.942756578185046237e+03 7.109169301040047685e+03 5.452065004580797904e+03 9.202469396222890282e+03 1.010337307297383450e+04 9.883922206737393935e+03 9.722205577316903145e+03 8.849266242494719336e+03 7.874633793576895187e+03 7.083988445479473739e+03 6.578358077286455227e+03 5.575147746566020942e+03 4.947734237530768951e+03 5.178866310977875401e+03 4.567183829296959630e+03 6.095254138228904594e+03 1.316952986758747284e+04 1.887927505441060930e+04 1.133455445919743761e+04 5.003053605797134878e+03 3.210406938440328759e+03 3.419276819117876130e+03 3.773757260347336342e+03 3.769815614683907370e+03 3.286801322565781447e+03 2.913423904503772064e+03 2.706276838918952308e+03 2.746195127354841134e+03 2.873342172169413516e+03 -3.908917428933145129e+04 -2.703713647747670620e+04 -1.844209649050026928e+04 -4.222959254910013442e+03 3.496768111298858457e+03 -4.175955618693139513e+03 -6.954540711242974794e+03 -3.651230779974216148e+03 -5.124591039322009237e+03 -6.607989626387825410e+03 -3.005337295779996566e+03 -4.208936753475586556e+01 -1.169249690989552619e+03 -6.957554199827878847e+02 1.204272521750561509e+03 1.424502369274723378e+03 1.513718284243321023e+03 1.884744992827706028e+03 1.705280086632048778e+03 1.112357988633272271e+03 4.617218871906199524e+02 -3.756018827603962791e+02 -2.952568838108312548e+02 2.775582240147386415e+02 2.155651040657259898e+02 -1.244409526355258038e+02 -9.306675810780628808e+02 -1.123255291375161278e+03 -5.402650938386462940e+02 5.915426633649684618e+01 -7.467128218949056873e+01 -3.438417694673088931e+02 -3.565622491105132212e+02 -1.597402715098529598e+02 3.582110901803005163e+02 8.099402135018865465e+02 -4.901880616638976812e-03 -1.851045122622253011e-03 1.498072542048082016e-03 4.103004851943533454e-03 5.233984929123535607e-03 4.666052082596258352e-03 2.703628611828124643e-03 4.793492617722728384e-05 -2.440473523174362634e-03 -4.010777067836080595e-03 4.955225703791307302e-04 2.841363810928964348e-04 3.122381317089405860e-06 -2.635296653196532966e-04 -4.414255663898097913e-04 -4.860458696427952209e-04 -3.898548790392497815e-04 -1.824424870626240914e-04 7.497698067020692775e-05 3.063280392335322472e-04
2.834382927740890955e+04 2.443253701776146045e+04 1.158687275559881891e+04 5.282139245577136535e+03 2.127356555687348191e+03 5.127684294180846337e+03 6.363531674499518886e+03 6.443286694497318422e+03 6.417388754869183686e+03 5.445431828546637917e+03 7.156178648415601856e+03 8.107633434744255283e+03 7.727132383818745438e+03 7.373138895090313781e+03 6.570406983172214495e+03 6.583568884959935531e+03 6.488241319671968085e+03 5.776971614913720259e+03 4.361102475653694455e+03 4.034762027677253172e+03 4.577178557005525363e+03 4.685489349189851055e+03 4.001666458034662355e+03 5.297828219227482805e+03 1.133455445919744307e+04 1.618507378118887209e+04 1.027189253003831982e+04 4.673785672137339134e+03 3.460396925851340256e+03 3.715425718360837891e+03 3.333602916396122964e+03 3.021506358469591760e+03 3.158178935146091135e+03 2.872610646663812076e+03 2.467872178820267436e+03 2.467829199113039977e+03 -4.261196476908687328e+04 -3.572736661396724958e+04 -1.958993648576580017e+04 -6.389449710470973514e+03 -1.187720025595842344e+03 -6.544236948099405708e+03 -9.465260684624683563e+03 -9.678828131517917427e+03 -9.585307050138879276e+03 -8.023400856148326966e+03 -5.832172553920463542e+03 -4.589187286559525091e+03 -4.174259125608554314e+03 -2.241909999837488613e+03 7.044255565836101596e+02 1.934140446623723165e+03 1.292102190552892807e+03 7.754399936278134646e+02 1.329814855699342843e+03 7.409246128227537156e+02 -5.498946396038473949e+02 -1.152791252794628008e+03 -8.727320822494148160e+02 -7.739205847700898175e+02 -1.342505356641068829e+03 -1.810651919260340946e+03 -1.847417270929123788e+03 -1.730684271708441429e+03 -1.092748378404635559e+03 -4.875071867087490318e+02 -4.645799940409004307e+02 -3.891040070104871802e+02 -1.976902198690257819e+02 -5.226869026451160494e+01 3.380944844629585191e+02 8.353888116452586701e+02 -2.468863466732433912e-03 5.927176115061978754e-04 3.190408913728995290e-03 4.520040064278896784e-03 4.254087151132866784e-03 2.607871838686610065e-03 2.251489889208010899e-04 -2.062224232357184363e-03 -3.513420981933775781e-03 -3.709740738054357213e-03 3.807536799096169480e-04 2.000587613936796055e-05 -3.219473845822020753e-04 -5.418894187480103762e-04 -5.805649632123941698e-04 -4.383140116853455944e-04 -1.680080321397022848e-04 1.441005217095338157e-04 4.021400505317552620e-04 5.287421499139600576e-04
2.426441108021459513e+04 6.173309842535360985e+03 2.853727931909346808e+03 5.288930371198304101e+02 1.316928858975894855e+03 3.577730384727115052e+03 4.048102953319099470e+03 5.143518709700969339e+03 5.334143624654262567e+03 4.930855169632463003e+03 5.004324617004570428e+03 6.333326368136826204e+03 6.948859442709298492e+03 7.439775209268451363e+03 5.905242475806910079e+03 5.275587571567208215e+03 5.974862885736393764e+03 5.697648406215986142e+03 4.368974814042016988e+03 3.804545957235071910e+03 4.017162834209548237e+03 4.141427032272536962e+03 3.816368403685820340e+03 3.368864263315197149e+03 5.003053605797127602e+03 1.027189253003833073e+04 1.414312361789740135e+04 9.174486291217319376e+03 4.635184577549841379e+03 3.405896471739228218e+03 3.154580882685960205e+03 3.334017512159745820e+03 3.308095557526158245e+03 2.702665134288315130e+03 2.530248736304822160e+03 2.414060833763272512e+03 -3.461717343812664330e+04 -1.024545682243515512e+04 -3.024095833046976622e+01 -8.899460718496913614e+03 -1.803311425302087446e+04 -1.757937200600350116e+04 -1.361374755527689922e+04 -1.189637913638434293e+04 -1.301156670885229323e+04 -1.275650132588153247e+04 -9.541738769231462356e+03 -5.171315644104752209e+03 -3.139655949155886901e+03 -3.188669088509563153e+03 -2.070563700144635732e+03 4.081435966872254539e+01 2.348592612708678189e+02 -5.950684806437536736e+02 1.498819301507923001e+02 8.927720042381598660e+02 3.175975080002642130e+02 -5.453255172676126676e+02 -9.414925566268555031e+02 -1.543461150285783560e+03 -2.299218370213596700e+03 -2.428607897642566058e+03 -1.470855959169378366e+03 -4.459177043174332198e+02 -3.198575537682711456e+02 -5.406173084795898376e+02 -6.263930895212674841e+02 -6.327668759012199189e+02 -5.032035406507906714e+02 -2.059469134792969953e+02 1.073734632058505554e+02 7.702297434065044968e+01 -3.441267638440096820e-04 2.211446048311463061e-03 3.769878374530375408e-03 3.876056904318890724e-03 2.612761378328450502e-03 5.293230340587857944e-04 -1.585511416721073616e-03 -2.993207022418531340e-03 -3.253172479922925540e-03 -2.352047984668068342e-03 1.186965391402767107e-04 -2.096263619987934917e-04 -4.474580397051393203e-04 -5.216420371883001865e-04 -4.170589759570898195e-04 -1.791291605872899516e-04 1.074874770192002320e-04 3.488862259364443243e-04 4.692867358847058385e-04 4.337301486124838196e-04
1.554706549886235553e+04 -7.141088394533435348e+02 3.248554203247686019e+02 3.499694427986679329e+03 7.608959539120399313e+03 6.195135754650073977e+03 4.399286927610858584e+03 3.863628387873170141e+03 2.704219666877400869e+03 3.827791450509668039e+02 1.764709612751070836e+03 5.108266320466062098e+03 6.083704449490360275e+03 6.836842304331326886e+03 6.151849400951949065e+03 4.959472287806025633e+03 5.751302701561680806e+03 5.767847715235007854e+03 5.086816817322351199e+03 4.467296291317467876e+03 4.563851263926793763e+03 4.145087594667141275e+03 3.886892051090818313e+03 3.145487321991740828e+03 3.210406938440337854e+03 4.673785672137349138e+03 9.174486291217304824e+03 1.244452622323531432e+04 8.379951268403341601e+03 4.255425483377035562e+03 2.901740865159389159e+03 3.122332885542689382e+03 2.933126527163720311e+03 2.791841354547240371e+03 2.853954089080235008e+03 2.739648642654469768e+03 -2.646382718652388940e+04 4.749497939038395998e+03 1.099821239495553709e+04 1.764569004318594125e+03 -1.035716752049466595e+04 -1.380310141270446547e+04 -1.263473698137870815e+04 -9.477284351350186625e+03 -7.246634201597065839e+03 -8.274669278485076575e+03 -9.429796653975470690e+03 -7.122806618276037625e+03 -3.387929671171394602e+03 -1.646171499624239459e+03 -7.185703839084558240e+02 7.739536690379134143e+02 1.708154941859517294e+03 1.289700134147397193e+03 7.032275364605575305e+02 7.565558779688692539e+02 6.661731481345301518e+02 1.937380680636591137e+02 -1.002329031591121975e+02 -1.529359578369601422e+02 -4.681147696805024907e+02 -7.870169982421906525e+02 -5.666880443348524068e+02 3.566111859776773372e+02 8.307519492549479310e+02 9.159884134892004681e+01 -6.049441109152052150e+02 -6.311708465203903415e+02 -2.696789595497796768e+02 2.848118638316009310e+02 5.413579104847183316e+02 3.814392978480778140e+01 1.285858851950937498e-03 3.006653124189316573e-03 3.455664467541001792e-03 2.574572618130586011e-03 7.989956574931486198e-04 -1.139725915051888715e-03 -2.507633420502205970e-03 -2.838302973099559711e-03 -2.082258022081413112e-03 -5.944595253139751349e-04 -3.120604834698416391e-05 -2.332286454054020657e-04 -3.405644962492951431e-04 -3.186860543513196599e-04 -1.810034314732147974e-04 1.719761051879204074e-05 2.033164493926151780e-04 3.142154249037736372e-04 3.145756480409726526e-04 2.071447863147639324e-04
1.089164160855433511e+04 3.812682076764333033e+03 2.225831462396528877e+03 6.461145929495105520e+03 6.349580608242209564e+03 7.729648949887873641e+03 7.757837110600258711e+03 4.259929778315951808e+03 5.847364674680334247e+02 1.433095152154866980e+01 1.385524338120188077e+03 4.997128941452702747e+03 4.490704599251484069e+03 5.001099136751632614e+03 5.194590730807620275e+03 4.499414485641718784e+03 4.694451865965165780e+03 4.803476835432920780e+03 4.688260031560017524e+03 4.481041235312361096e+03 4.421952831609447458e+03 4.409595930188170314e+03 4.077918064554769444e+03 3.389935169777139890e+03 3.419276819117871128e+03 3.460396925851322521e+03 4.635184577549844107e+03 8.379951268403339782e+03 1.094170808141145608e+04 7.202999073793776006e+03 3.668242115277005723e+03 3.098200705455510615e+03 2.906231059511784224e+03 2.814871461798522432e+03 2.967975845315168499e+03 3.012280439631518220e+03 -5.226291410849534441e+04 -2.984892414877631381e+04 -1.367756254709485984e+04 -1.096376357893732347e+04 -7.540171361243739739e+03 -6.704608513908321584e+03 -8.341031582932620950e+03 -9.161787167680126004e+03 -7.023648858484547418e+03 -7.513378583124980651e+03 -9.760740884113451102e+03 -8.640965070592621487e+03 -4.999059398211147709e+03 -3.174119494929165739e+03 -1.557941070232009679e+03 -1.140276899658547336e+02 -2.533681070384103577e+02 -6.533154046928644902e+02 1.561444666097684149e+02 8.149434603147557254e+02 -7.968612191786701260e+01 -1.360153693106383798e+03 -1.570593503829874862e+03 -1.128565587367938406e+03 -1.055637419026249290e+03 -1.418103098345369290e+03 -1.549516304109320572e+03 -7.482538205460343761e+02 1.897821948271972019e+02 5.223984526422668750e+01 -6.867143256622323406e+02 -8.694929338904399856e+02 -6.288226528313313111e+02 -4.016224345770262403e+02 -2.394770639684362266e+02 -3.671558255210438233e+02 2.214254183482028317e-03 3.065887063855438511e-03 2.629843550945118718e-03 1.186052636256567120e-03 -6.148289675922211789e-04 -2.032991444085688847e-03 -2.536571370380499759e-03 -1.994129564624147217e-03 -6.945217701961901640e-04 7.968849696237262359e-04 -1.849388146588062042e-04 -3.061152240847123530e-04 -3.033293909451431430e-04 -1.828546043814278336e-04 4.094035156189610174e-06 1.820239998250837161e-04 2.839751902254731815e-04 2.768550779630359342e-04 1.689838594350628756e-04 4.003364024400383595e-06
8.747632761269123876e+03 1.164651773938266160e+04 3.340230600840395709e+03 -2.051532111263986735e+01 -2.709099516943733761e+02 4.105864557819139918e+03 4.847962606702703852e+03 3.568149294656796883e+03 2.889268494550478863e+02 3.251331361099826609e+03 4.667340244299571168e+03 5.415399548124398279e+03 4.517587227630281632e+03 4.528045513941119680e+03 4.546138564063017839e+03 4.516381719376177898e+03 4.317640031301539238e+03 4.109578415355121251e+03 4.595842058726146206e+03 4.389723867179995068e+03 3.565104728773331772e+03 3.927999267366510594e+03 4.117799337848504365e+03 3.776101554620390743e+03 3.773757260347330885e+03 3.715425718360845167e+03 3.405896471739230947e+03 4.255425483377024648e+03 7.202999073793777825e+03 9.640480330594018596e+03 6.728427642665555140e+03 3.579979027072264216e+03 2.836353290939989165e+03 2.593945079363440527e+03 2.672118425570919953e+03 2.771241117971419499e+03 -2.191518270556450079e+04 -1.663909310735648251e+04 -9.071111761745063632e+03 -8.888728693439476046e+03 -8.507014854965402264e+03 -6.067250913549170946e+03 -3.484870164439710607e+03 -2.954066635454030802e+03 -3.476126655505452618e+03 -5.845021555316767262e+03 -7.147567291775872945e+03 -5.101974986974226340e+03 -1.967025491908373169e+03 -8.410565394560044297e+02 -6.133160363062993383e+02 -1.064740669766863448e+03 -1.727176416772185348e+03 -1.171049408270750519e+03 4.975146254128612782e+02 1.053583766307327551e+03 -3.102237333343169325e+02 -1.753799707320487414e+03 -1.938954245033180541e+03 -1.422029945561363547e+03 -8.723986003956905506e+02 -6.656280748467319199e+02 -7.456355238642526047e+02 -6.795804621918327939e+02 -6.600734809914256402e+02 -8.798848116859143147e+02 -1.156429914157381518e+03 -1.246630528594799898e+03 -9.798159851532051334e+02 -6.610835456263562264e+02 -5.055737587641689288e+02 -3.811354817843229625e+02 2.586938755208661664e-03 2.639361997703144284e-03 1.582681792088052328e-03 -5.112880710029508075e-05 -1.534635370402468585e-03 -2.258784079656768820e-03 -1.977088794341223983e-03 -8.811517340031191836e-04 5.123940304373861190e-04 1.599754388877743915e-03 -2.884605239122498867e-04 -3.133933277938203256e-04 -2.097033892985102792e-04 -2.530585076122514288e-05 1.611940025229346898e-04 2.728608429329903214e-04 2.683830458503590134e-04 1.573859160101067538e-04 -9.256383503713893756e-06 -1.630651981755063581e-04
1.351238139422950553e+04 1.084101312514978417e+04 3.301689563524014375e+03 1.121520624494459298e+03 -7.231410935758740379e+02 1.737694739371176638e+03 2.356619237138874723e+03 4.524832498965024570e+02 -1.161866847915104927e+03 2.451318301605264423e+03 4.064827848926860042e+03 4.123415283969427946e+03 5.421771482114424543e+03 5.941110919593907056e+03 4.573150659894266937e+03 3.868401962035386077e+03 3.886457229428398023e+03 3.987241595575327665e+03 4.494955250822915332e+03 4.443232457321737456e+03 3.642316256375671401e+03 3.508604688209611595e+03 3.411689952494497447e+03 3.892089030996840847e+03 3.769815614683911917e+03 3.333602916396129331e+03 3.154580882685963843e+03 2.901740865159388704e+03 3.668242115277004814e+03 6.728427642665554231e+03 9.521814236516798701e+03 6.260641187346961487e+03 3.364351076815386932e+03 2.707588190849432522e+03 2.701899901002960632e+03 2.556216403079180509e+03 -2.364165769827208351e+04 -8.504405494285660097e+03 3.317495870003007440e+03 3.131369663968964232e+03 -1.546373993794060880e+03 -1.337001013285450426e+03 2.306202993543109187e+03 4.671260510887642340e+03 3.833506149723128601e+03 3.400818144984823448e+02 -2.509801837950255504e+03 -2.305455472840375933e+03 -2.942772755124610740e+02 9.027186362631509837e+02 3.307647150962648084e+02 -7.415128972745262672e+02 -7.686622097675666510e+02 -2.406556868634879720e+00 9.854064449277020685e+02 1.297089762046337455e+03 1.493287399044144195e+02 -1.351775592362005682e+03 -1.469528800921330003e+03 -6.756322601567909487e+02 -2.123432232561700062e+02 -2.463936459233962637e+02 -6.792168684846194537e+01 -1.618158295955014410e+02 -8.667087112217957383e+02 -1.543367797585356811e+03 -1.757636166310559020e+03 -1.273708723860582495e+03 -5.403716558212029213e+02 -6.474586155803064003e+01 -1.395063544848542847e+02 -3.998201993436133534e+02 2.515774002182611865e-03 1.859196325617992664e-03 4.364308974978169174e-04 -1.062251316775447620e-03 -1.969389388829188674e-03 -1.928597401070810020e-03 -1.028505433642091507e-03 2.685661599989508049e-04 1.358448665224325658e-03 1.771417388418351909e-03 -4.562599186000310938e-04 -3.319024608176454573e-04 -7.562604545726305948e-05 1.963695665721296288e-04 3.676461346190172241e-04 3.699206923344602513e-04 2.122374325877537525e-04 -2.677539898971900047e-05 -2.394375922559890480e-04 -3.376282470832952035e-04
-1.511482250283472604e+04 -1.059612607531945287e+04 -7.729970829838564896e+03 -4.720452378195122947e+03 -1.527772161637393765e+03 1.275947753209571601e+03 -2.567748468960876380e+02 -2.893017363672573083e+03 -3.162437564446248416e+03 -1.326521958033102010e+03 4.011290434845484469e+02 2.005479372927659597e+03 3.828659881814923210e+03 5.108198845759195137e+03 4.036442015243321293e+03 3.423278467197164900e+03 3.189694562498592859e+03 3.754708169735320553e+03 3.921097531853875807e+03 3.771646516638557841e+03 3.547519949594666741e+03 3.176522934222222830e+03 2.921459386022002946e+03 3.584444738443110509e+03 3.286801322565778719e+03 3.021506358469594034e+03 3.334017512159738999e+03 3.122332885542689382e+03 3.098200705455517436e+03 3.579979027072259669e+03 6.260641187346962397e+03 8.276301880628487197e+03 5.513468729994301611e+03 3.094921623609932794e+03 2.482756616427821427e+03 2.453696285873842953e+03 -3.544299578169157030e+04 -1.504428563832976033e+04 -3.145530374568344996e+03 -1.143470060747012758e+04 -1.686651742757030661e+04 -9.577144401089935855e+03 -2.074039677865473550e+03 1.528433468569260185e+03 2.062687253785543362e+02 -3.898037462860779215e+03 -6.779464518070048143e+03 -6.069234349490738168e+03 -4.513778983753561988e+03 -4.144708629302114787e+03 -3.768234109106915639e+03 -2.496665259512881676e+03 -1.089313638577327538e+03 -4.877781802974952825e+02 -3.916234620711121579e+02 -4.228055886001410499e+02 -6.683612633928694322e+02 -1.154817436192890909e+03 -1.516633203618871903e+03 -1.477373935305244004e+03 -1.218670114418691355e+03 -1.283137689050045083e+03 -1.003697713045954970e+03 -4.695496155966632728e+02 -5.962641165976056072e+02 -1.055291896659473650e+03 -1.326165664189045174e+03 -9.946144624474950433e+02 -1.506588493421928092e+02 3.989326846217126104e+02 3.129842302801250753e+02 3.790650609040838503e+00 2.057733909508278110e-03 9.173780307522534433e-04 -5.518853284278918761e-04 -1.639269394082365971e-03 -1.868698338245818090e-03 -1.198773609098283295e-03 -1.047766920381874782e-05 1.100253728534400380e-03 1.616629295796697318e-03 1.336569562982208937e-03 -4.063374811185795424e-04 -1.745723082519867427e-04 1.170978929595652661e-04 3.349988064243636810e-04 3.862122497386785572e-04 2.567826463214867229e-04 1.622005574505451484e-05 -2.180966456844557521e-04 -3.395804214005862173e-04 -3.009494027204591480e-04
-2.704271052444643647e+04 -1.355576605424071022e+04 -1.036787986766498943e+04 -8.095256655882668383e+03 -4.896508799872592135e+03 -1.902360148387406298e+02 2.082945305704206476e+02 -1.975465714395154919e+03 -3.376452866399560207e+03 -1.185381187482394580e+03 4.809358241012414510e+02 2.048475634879078825e+03 2.835733776893463073e+03 3.957741706718696150e+03 3.713193284799126559e+03 2.772787204936501439e+03 2.393951880194299974e+03 3.260947239676764639e+03 3.572582544241842243e+03 3.139991653141556526e+03 3.012506633124895416e+03 2.904117657816015708e+03 2.626526149872977385e+03 2.797538430746603353e+03 2.913423904503765698e+03 3.158178935146090225e+03 3.308095557526154153e+03 2.933126527163720766e+03 2.906231059511786043e+03 2.836353290939983708e+03 3.364351076815384204e+03 5.513468729994300702e+03 7.271527800160463812e+03 5.069636983898163635e+03 2.868521422144374355e+03 2.337801726049181070e+03 -2.359601492178349872e+04 -1.794108489051560173e+04 -1.502243078518591574e+03 -3.607387376885769299e+03 -9.886294283929395533e+03 -7.610552378555774339e+03 -5.073609857275565446e+03 -6.079309690687640796e+03 -7.694308387757972014e+03 -8.072732279670390199e+03 -6.723839601787614811e+03 -4.248165653333112459e+03 -3.722762345777379778e+03 -4.692400952789797884e+03 -4.125627041609492153e+03 -2.486793660890740284e+03 -1.421838919554809763e+03 -7.099960121659594279e+02 -1.238328242252067639e+02 -2.638416960213127140e+02 -9.871242497237709586e+02 -1.431786623023963330e+03 -1.552105821033827624e+03 -1.645056116324008372e+03 -1.685298242284442040e+03 -1.600115491893897797e+03 -1.052756721026695686e+03 -3.936260287187843687e+02 -2.822258427885604988e+02 -4.816834245781259369e+02 -5.719607000990865799e+02 -4.901352278853262305e+02 -1.353210615048702721e+02 3.693708072377464759e+02 5.241437367210270395e+02 3.682679677268400269e+02 1.398936926516434250e-03 5.344493781717713827e-05 -1.198712814779117220e-03 -1.753413363435190470e-03 -1.395678953839201222e-03 -3.720896503043511481e-04 7.628929478539309096e-04 1.439812506789475569e-03 1.355452914626429761e-03 6.034302943555828374e-04 -2.640692284342466387e-04 9.851650094991410579e-08 2.415889703334077180e-04 3.492790277970281082e-04 2.815992173542798097e-04 8.094116873763327800e-05 -1.486504911222115649e-04 -2.939331403363052049e-04 -2.896872618571961436e-04 -1.479281448376393564e-04
-2.435238488530582981e+04 -1.379558974529250190e+04 -9.178030358389347384e+03 -9.682618099910281671e+03 -7.882765326420268138e+03 -1.650675568570394489e+03 -1.766942662367855519e+02 -1.750634558982088265e+03 -2.230091629725690382e+03 -1.918358369969885189e+02 8.685940996446486224e+02 1.367920561333703290e+03 2.112163708310986294e+03 3.682436628380457478e+03 3.133127595405831926e+03 2.007603988763625694e+03 2.393800975356351046e+03 3.122360957208517902e+03 3.334223912910703802e+03 2.907570600658032163e+03 2.595976460456368841e+03 2.565841683904259753e+03 2.555591305452346205e+03 2.340281109324440877e+03 2.706276838918953217e+03 2.872610646663812076e+03 2.702665134288317859e+03 2.791841354547239462e+03 2.814871461798521977e+03 2.593945079363443256e+03 2.707588190849432067e+03 3.094921623609934613e+03 5.069636983898149992e+03 6.898972430001967950e+03 4.786832162570775836e+03 2.666658835947592706e+03 -1.184221182978677462e+04 -4.195462525626466231e+03 9.864380222974126809e+03 1.132851995594812252e+04 2.114821643630227300e+03 -1.496923432550080179e+03 -2.079390562415331260e+03 -4.276542743771826281e+03 -6.730944567929882396e+03 -6.825006143562255602e+03 -5.003066442554301830e+03 -3.571168483562165420e+03 -3.935515808021049452e+03 -4.261255643148235322e+03 -3.663988373363822575e+03 -2.696688842181279142e+03 -1.852597291912168657e+03 -1.455325292019119843e+03 -1.267812662537552114e+03 -1.018428782687287367e+03 -1.073351233101856451e+03 -1.133006183311713357e+03 -1.098386426085729454e+03 -1.354574833231370576e+03 -1.608805582452306453e+03 -1.290376228840043041e+03 -7.484449144392330027e+02 -5.848762722094437549e+02 -5.941937965026147594e+02 -4.006860554635345011e+02 -1.231597848080506026e+02 1.398448304954299886e+02 2.362146568181097166e+02 2.716392792499068491e+02 3.513554862280245743e+02 2.976462575158112713e+02 6.125481590926643667e-04 -7.013217554739043305e-04 -1.534376908751351786e-03 -1.499019507119891091e-03 -6.848331210130180003e-04 4.261225466302355123e-04 1.234884850344054831e-03 1.341601266988916644e-03 7.388455559933617203e-04 -2.111701869342197846e-04 -1.099710119795673299e-04 1.711550033467217817e-04 3.411720272444321799e-04 3.249812204665477526e-04 1.443941241205812991e-04 -9.980488286165151070e-05 -2.803600637975634294e-04 -3.082942073064136529e-04 -1.779789955306498828e-04 3.412113501587149674e-05
-1.884638149549745140e+04 -1.738456618539054034e+04 -7.884836760095232421e+03 -5.878060123623907202e+03 -6.767761756358058847e+03 -1.008893891255494964e+03 2.030882023247826510e+03 5.785387063579287314e+02 4.997754204564553220e+02 7.413115659799711921e+02 -4.195503275782384662e+02 2.311334878935418828e+02 1.480533003979799560e+03 2.870775955310159588e+03 3.114774084476482585e+03 2.420068144704484439e+03 2.412825948221008275e+03 2.543444450388677069e+03 2.508636736557618860e+03 2.563261257752071742e+03 2.493188100760484758e+03 2.565401677448996907e+03 2.553728438472699054e+03 2.414607723570746202e+03 2.746195127354842043e+03 2.467872178820264708e+03 2.530248736304822160e+03 2.853954089080230460e+03 2.967975845315168954e+03 2.672118425570915861e+03 2.701899901002961087e+03 2.482756616427828703e+03 2.868521422144377539e+03 4.786832162570766741e+03 6.427934401104812423e+03 4.439927110446749793e+03 -4.428368325814939453e+03 -2.039075183532082519e+03 2.745316512369274278e+03 -2.265673759420751594e+02 -8.040608528701210162e+03 -8.868070664854301867e+03 -6.791519024213359444e+03 -6.595321131957924081e+03 -6.625161204550067851e+03 -5.178881274176388615e+03 -4.901556183332380897e+03 -5.488907366748499953e+03 -4.863572369725544377e+03 -3.724863509380355481e+03 -3.302361664494429533e+03 -2.436141790632153516e+03 -1.260747465015070475e+03 -1.395583709186828855e+03 -2.107478785210481874e+03 -1.954382236363052016e+03 -1.841246563409937608e+03 -2.250887194649677440e+03 -2.372857826493142511e+03 -2.079316636088494761e+03 -1.564752307722745172e+03 -8.479119798089463984e+02 -5.016416377370836130e+02 -5.493529448952480152e+02 -7.147136498894392389e+02 -6.847671110119729292e+02 -4.694708275445916570e+02 -2.257487513968976316e+02 -1.626920059730292678e+01 1.510415814458576733e+01 -5.315306087722336770e+01 -5.953421084354924631e+01 -1.286975652829999792e-04 -1.191089157106363502e-03 -1.509426076606848162e-03 -9.754023887132981996e-04 5.092413201222565689e-05 9.728068553870850531e-04 1.294962899823174718e-03 8.831657877527730521e-04 1.270443480089148259e-05 -8.086250807531891738e-04 6.087508023847957293e-05 3.089627726474193257e-04 3.702268243871641943e-04 2.285327003860657808e-04 -2.579932161250802632e-05 -2.512389236188471847e-04 -3.300019080536820658e-04 -2.279325903439833050e-04 -9.875498739751545566e-06 1.999590417624184891e-04
-1.446002475327518914e+04 -9.133176080390911011e+03 -5.329128148332776618e+03 -3.709233962996698665e+03 -5.403267213290094332e+03 -1.822457755857950133e+03 1.839396864983457817e+03 1.739098697533845097e+03 1.574182914756162745e+03 8.794374571774110336e+02 -9.593999381327043920e+02 5.730096058768205012e+02 2.032001056500339473e+03 2.868707851338719593e+03 3.453228299647068070e+03 2.598028896791851366e+03 1.716292523385566255e+03 1.916374256323941154e+03 2.279253244580260343e+03 2.423456781153038719e+03 2.700768381945400506e+03 2.815555778448580895e+03 2.542921515044832176e+03 2.613498102904461575e+03 2.873342172169411242e+03 2.467829199113038158e+03 2.414060833763274331e+03 2.739648642654467949e+03 3.012280439631515947e+03 2.771241117971421772e+03 2.556216403079176416e+03 2.453696285873847046e+03 2.337801726049180616e+03 2.666658835947592706e+03 4.439927110446751612e+03 5.874762374341285977e+03 -1.707864807184175879e+04 -1.115201551646703774e+04 -5.485281323245913882e+03 -1.042334119520252898e+04 -1.204387069072860322e+04 -7.349723331505722854e+03 -3.666410833922511301e+03 -4.403374186370651842e+03 -5.933443387741307561e+03 -5.530464080774289869e+03 -5.060160420774176600e+03 -5.080022852844853332e+03 -4.821082663238409623e+03 -4.486299544768510714e+03 -3.887007166605422753e+03 -2.643587702468468706e+03 -1.417872801945165520e+03 -1.547553518074657859e+03 -2.284357548637321997e+03 -2.179852164962934694e+03 -1.652926955901575639e+03 -1.768534472189496455e+03 -2.049713584252529927e+03 -1.777605204494238478e+03 -1.262201965096624008e+03 -9.084067730601833546e+02 -6.984609880045287582e+02 -4.319032083498605630e+02 -4.356682961938777225e+02 -4.818863599236473760e+02 -3.992114786238338411e+02 -2.591493087074337609e+02 -8.761790235665108639e+01 -5.502905788278697230e+01 -3.058145888226076750e+02 -5.363454344808750420e+02 -6.877595454941208206e-04 -1.361194240317761166e-03 -1.196257866376453051e-03 -3.593702461099498803e-04 6.173186223561284930e-04 1.165927522989009500e-03 1.004842062560329461e-03 2.763188316546443001e-04 -5.632372098722381471e-04 -1.024012335001766704e-03 2.274836879088942669e-04 3.888398666209211653e-04 3.169841509292803850e-04 7.215848742256176737e-05 -1.956430615394436903e-04 -3.363141654735729872e-04 -2.799177441238373878e-04 -6.946669308761700440e-05 1.678817917857925173e-04 2.963574261873243862e-04
-2.349650624239438679e+06 -1.535421043062287383e+06 -2.800426026780688553e+05 5.153430473030385328e+05 4.804302869295425480e+05 1.994634323885472259e+05 1.214420329412831052e+04 1.037245467554646893e+05 1.323103923008314450e+05 1.669806585418978939e+05 2.486547753864448168e+05 2.113354459785966028e+05 8.211985195106206811e+04 -6.743491931071042200e+04 -1.401231290149862471e+05 -1.384689393642526120e+05 -5.602218018516732263e+04 1.741058240518653474e+04 5.963547623890898103e+04 2.971083306658394213e+04 -1.465982226079021348e+04 -7.747352283904628712e+04 -3.757430701148022490e+04 -2.941816802219153760e+04 -3.908917428933140036e+04 -4.261196476908683690e+04 -3.461717343812666513e+04 -2.646382718652386393e+04 -5.226291410849535168e+04 -2.191518270556446078e+04 -2.364165769827210897e+04 -3.544299578169158485e+04 -2.359601492178353510e+04 -1.184221182978671277e+04 -4.428368325814935815e+03 -1.707864807184170058e+04 6.261030949503104389e+07 3.543116547140025347e+07 1.029384610118723847e+07 2.719532954507081769e+06 6.808930271824385272e+05 3.128919145621350617e+05 1.789327779241557000e+05 3.802394654574382002e+04 2.939515242594825395e+04 3.138780156374636572e+05 6.742020523487089667e+05 7.498449575708971824e+05 5.869279015344956424e+05 5.837805091518479167e+05 5.061959149908369291e+05 2.776723144648449961e+05 1.909582375167203136e+05 2.281665680560928304e+05 2.103934607205549546e+05 1.840247284276320133e+05 1.702340042134145915e+05 1.505631677279258147e+05 1.052722539626763464e+05 8.359222096298556426e+04 1.062683261163963762e+05 1.417023011035030650e+05 1.406748713094238483e+05 1.175590084319451271e+05 9.961381818448056583e+04 7.657868076824393938e+04 3.655890933779523039e+04 6.427716914684887342e+03 1.173476338874143403e+04 2.410271683185502116e+04 2.848615031796604308e+04 2.056587928276875755e+04 1.707630985439791527e+00 1.566462317384300418e+00 1.424476196108086956e+00 1.282370183288816801e+00 1.140837048662538766e+00 1.000564061799974480e+00 8.622282833235052069e-01 7.264858291392999323e-01 5.939680550668525738e-01 4.652752551113912283e-01 -4.426411258249986602e+00 -4.736955354941051688e+00 -5.039464260183803113e+00 -5.331542838161660747e+00 -5.610891282657884283e+00 -5.875312405123835013e+00 -6.122725197582740364e+00 -6.351187294026464869e+00 -6.558902878999533392e+00 -6.744235459436377589e+00
1.783915713127036579e+06 -4.466439237767528393e+05 -4.411368157999591203e+05 9.268043167154383264e+04 1.547719918445755029e+05 1.990998928276034130e+05 1.128710518793940573e+05 1.761901081215829181e+05 1.815398237963505671e+05 1.387975074803358293e+05 1.430719605560793716e+05 6.746761396199076262e+04 8.767576462402204925e+03 -6.206548114959077793e+04 -8.958773783532223024e+04 -6.664247578319572494e+04 -3.165338405385529404e+04 1.475617908033530148e+04 4.635147247315913410e+04 2.403871788896798535e+04 -2.367298462210665821e+04 -3.389847121877191967e+04 3.068242865084916775e+04 3.002321187745576026e+03 -2.703713647747670257e+04 -3.572736661396718409e+04 -1.024545682243514602e+04 4.749497939038434197e+03 -2.984892414877632109e+04 -1.663909310735647523e+04 -8.504405494285632813e+03 -1.504428563832973123e+04 -1.794108489051557262e+04 -4.195462525626455317e+03 -2.039075183532151641e+03 -1.115201551646705775e+04 3.543116547140019387e+07 3.566487813043238968e+07 1.976227696836900339e+07 7.227273123673082329e+06 1.315364262369246688e+06 5.044772540024303016e+05 5.992330404270042200e+05 6.179503894807960605e+05 4.650580379765086109e+05 4.281517051972839981e+05 4.981446641318076872e+05 4.629348044472626643e+05 3.874388314322344959e+05 4.431935780908550951e+05 3.996950843561752699e+05 2.662468337187485304e+05 2.247018808046091872e+05 2.086196901984933356e+05 1.400253441042724298e+05 1.251440591478249698e+05 1.620895480001997203e+05 1.823759496983755089e+05 1.574041508661548141e+05 1.239643703147837950e+05 1.030557282644483930e+05 1.082580730281227443e+05 1.135297340953729436e+05 1.107311722606775875e+05 1.096491287588284322e+05 1.004406634692934895e+05 7.635728623772460560e+04 3.259547797456692206e+04 -7.138312337289085917e+03 -1.695291222614074286e+04 1.225651635045151124e+02 1.135414134868481960e+04 8.506401136463679347e-01 7.202578481889925222e-01 5.925846313212416172e-01 4.684958855788000642e-01 3.488236052519712582e-01 2.343515249916658105e-01 1.258067116706052813e-01 2.384703386700274749e-02 -7.094481742602952445e-02 -1.580684021810601914e-01 -4.598191195648969831e+00 -4.847729354207408470e+00 -5.075593487464337805e+00 -5.279052141166709511e+00 -5.455662770385205640e+00 -5.603289831641797392e+00 -5.720125477015657545e+00 -5.804710628648794390e+00 -5.855943989582752529e+00 -5.873090705001851042e+00
1.944096000954426127e+06 1.177769456410584040e+06 1.974698619803585170e+05 -2.324465931319355441e+05 -2.513124522811271017e+05 1.130440985623513989e+05 1.216622576819451351e+05 1.842909702342666860e+05 1.483918202371039952e+05 7.280093188635364641e+04 5.648521598998428090e+04 -4.720965880259660480e+03 -9.227288201894407393e+03 -3.723594323683909897e+04 -1.412665518769172013e+04 4.879577589657263161e+03 -1.800820554164722125e+04 -2.521240100446331780e+04 8.569839730454756136e+03 5.442398232963786540e+03 -2.056033355697894149e+04 7.803874360023519330e+03 5.910408091593234712e+04 1.450109941122643795e+04 -1.844209649050026565e+04 -1.958993648576580017e+04 -3.024095833045066684e+01 1.099821239495558075e+04 -1.367756254709487257e+04 -9.071111761745029071e+03 3.317495870003003802e+03 -3.145530374568377738e+03 -1.502243078518571565e+03 9.864380222974095886e+03 2.745316512369277916e+03 -5.485281323245909334e+03 1.029384610118724965e+07 1.976227696836903691e+07 1.983631114990745857e+07 1.212760884464807808e+07 4.155090966456440277e+06 1.009180209603995201e+06 5.473949693513622042e+05 5.055152364404260297e+05 3.983435225136278896e+05 4.251070532962843427e+05 4.447943922229895834e+05 3.413520615893495851e+05 3.049684748480841517e+05 3.468470015659223427e+05 2.827856037549155881e+05 2.163936340319010196e+05 2.156032579604914645e+05 1.938803471427625918e+05 1.371953043407642108e+05 1.301377527592061670e+05 1.543509258377915539e+05 1.578686423678892606e+05 1.254205798237476265e+05 8.688596966943870939e+04 7.049027076953777578e+04 8.315132918356043228e+04 9.358980277109336748e+04 8.146557791823966545e+04 6.825766479464588338e+04 6.430626377388893161e+04 6.619409650147180946e+04 4.898752907406720624e+04 9.569047994641092373e+03 -1.213780712122680416e+04 1.712239441922275546e+03 2.105281680773181142e+04 2.654523439159644504e-01 1.648571176788724557e-01 7.012651513871762110e-02 -1.792321419232894772e-02 -9.857171984033148704e-02 -1.712015601572145218e-01 -2.353071966102153745e-01 -2.905050797985592737e-01 -3.365378812927402596e-01 -3.732776540264542420e-01 -3.965024003492583216e+00 -4.100355960899285890e+00 -4.204327419794850584e+00 -4.274951644261810735e+00 -4.310752427337667392e+00 -4.310779866686167416e+00 -4.274621751438711925e+00 -4.202404194611956356e+00 -4.094783196533989589e+00 -3.952929154357299524e+00
7.606616714491319144e+05 1.107704379579216707e+06 9.625620372129954631e+05 -4.601835496535463608e+04 -2.660845759883362334e+05 -8.097700873702182434e+03 5.530584152314174571e+04 1.220556141236994881e+05 7.215978848443753668e+04 2.985301021584629052e+04 3.229481892535842417e+04 1.662083414257481127e+04 -4.720786855757251033e+01 -7.522737236572338588e+03 9.860014633993845564e+03 2.061882301589390772e+04 -5.994322660178277147e+03 -3.283712514426465350e+04 -4.134723124630930215e+03 1.213700324185062527e+03 -1.363011921467215325e+04 2.904447840348866521e+03 2.965413158030894920e+04 6.702903295550973780e+03 -4.222959254909984338e+03 -6.389449710470956234e+03 -8.899460718496915433e+03 1.764569004318601401e+03 -1.096376357893733075e+04 -8.888728693439483322e+03 3.131369663968989698e+03 -1.143470060747011485e+04 -3.607387376885755657e+03 1.132851995594812433e+04 -2.265673759420478746e+02 -1.042334119520248169e+04 2.719532954507085495e+06 7.227273123673087917e+06 1.212760884464809671e+07 1.282827299707782082e+07 7.591875896196074784e+06 2.583732585371241439e+06 5.076001502369698137e+05 9.386995720602244546e+04 1.500067477827450493e+05 2.482148596931631910e+05 2.941791914605164202e+05 2.754373706259712926e+05 3.136751438343525515e+05 3.437455886477980530e+05 2.412439636427063961e+05 1.583486808734063234e+05 1.660878307269393699e+05 1.755932369386353530e+05 1.440365265335353906e+05 1.132871520729328477e+05 9.604055840478425671e+04 8.773831233558895474e+04 7.215449767234170577e+04 5.611305663400425692e+04 6.375128428837005049e+04 8.771841233121714322e+04 8.781792431810050039e+04 6.142898017741359217e+04 4.253939085765685013e+04 4.382127673306050565e+04 5.496453804758047772e+04 5.208553169461253128e+04 2.307686186814825123e+04 -1.283391891840200515e+03 3.105202625421240555e+03 1.871348271319970809e+04 -1.714459266305191562e-02 -8.793805285814210171e-02 -1.508375979832159153e-01 -2.052810112334416959e-01 -2.508556799552859595e-01 -2.873032515586610436e-01 -3.145241200756743183e-01 -3.325798241936963606e-01 -3.416897854365785747e-01 -3.422249704736887166e-01 -3.382442497874788678e+00 -3.418734115326314438e+00 -3.418227612829255690e+00 -3.380355027733175532e+00 -3.305273523156170956e+00 -3.193856736985106526e+00 -3.047673246067216013e+00 -2.868944264149628776e+00 -2.660493545901459811e+00 -2.425684491363981454e+00
9.686655533327834564e+04 5.254428964479588903e+05 6.975450589399589226e+05 3.971068682104044128e+05 5.811197639053198509e+04 -7.166107301328302128e+03 -5.040941087550229713e+04 4.960693604664870509e+04 5.205865320405336388e+04 4.459531714379326149e+04 3.805290091712808498e+04 3.300422098224065849e+04 -5.629513597572651634e+03 -6.835914112708458561e+03 5.366964431715719911e+03 5.324900238540247301e+03 -4.996370231793536732e+03 -1.207545834242548335e+04 -3.073770320219740825e+03 -1.212065840218633411e+03 -8.010140559217879854e+03 -8.102841311211869652e+03 1.674447621766460998e+03 -2.132313074343047901e+03 3.496768111298869826e+03 -1.187720025595844163e+03 -1.803311425302086354e+04 -1.035716752049467686e+04 -7.540171361243739739e+03 -8.507014854965405902e+03 -1.546373993794088165e+03 -1.686651742757033207e+04 -9.886294283929384619e+03 2.114821643630206381e+03 -8.040608528701217438e+03 -1.204387069072855775e+04 6.808930271824365482e+05 1.315364262369245291e+06 4.155090966456443071e+06 7.591875896196071990e+06 7.959581315636164509e+06 4.756640451342911460e+06 1.672392334138200153e+06 1.171809713349620288e+05 -8.220598534623401065e+03 1.415586949446998769e+05 1.742938053155668604e+05 1.643950454160859808e+05 2.116117766614648863e+05 2.471027556543997489e+05 1.696269092301761557e+05 9.193013559885314316e+04 9.998448897736743675e+04 1.263950304623724369e+05 1.045451318359886354e+05 6.163211909626179113e+04 4.189724941505027527e+04 4.890492067068316101e+04 4.735391985858471162e+04 3.320722446622564166e+04 3.880163580047023424e+04 6.010663242757957778e+04 5.882808765500987647e+04 3.839689792226152349e+04 2.605249740682637275e+04 3.161178881615990394e+04 4.273251144816573651e+04 3.952524888775449654e+04 1.486008250485137978e+04 -2.547016693090491117e+03 3.111424049809861572e+03 1.381254541953126500e+04 -1.514062206950514688e-01 -1.913087475722396735e-01 -2.223782728661529706e-01 -2.444954772809396215e-01 -2.577353929436017044e-01 -2.623627468106944360e-01 -2.588244226097500267e-01 -2.477368248725050626e-01 -2.298679882965679599e-01 -2.061154390870929554e-01 -2.612873350360383373e+00 -2.552703768450363953e+00 -2.456124544305945179e+00 -2.324769060898165929e+00 -2.161119868216141438e+00 -1.968440954640449325e+00 -1.750689516280990565e+00 -1.512401016210405125e+00 -1.258569777666979750e+00 -9.945160368152170527e-01
2.603512314173507621e+05 2.429976789315444184e+05 2.315457171396283084e+05 2.586909587604886037e+05 2.185825414488391252e+05 7.576204562494695710e+04 -5.420811656964737631e+04 -4.166742964721757744e+04 1.433119811436437885e+03 3.374682999170132098e+04 3.252117173324229225e+04 3.260090755598455144e+04 -1.998243209110605676e+03 -1.223466354563149252e+04 -6.124451304510347654e+03 -1.294126334635456078e+04 -1.136477752006350056e+04 -7.485971939637838659e+02 2.389918443744678825e+03 2.385351332982934764e+03 -2.403492748103081340e+03 -7.427974501690522629e+03 -2.653902935811761381e+03 -7.749100723035089686e+03 -4.175955618693135875e+03 -6.544236948099400252e+03 -1.757937200600351571e+04 -1.380310141270447093e+04 -6.704608513908337954e+03 -6.067250913549171855e+03 -1.337001013285439512e+03 -9.577144401089930398e+03 -7.610552378555763426e+03 -1.496923432550107464e+03 -8.868070664854300048e+03 -7.349723331505719216e+03 3.128919145621354110e+05 5.044772540024298942e+05 1.009180209603994037e+06 2.583732585371239111e+06 4.756640451342915185e+06 4.972956449962899089e+06 3.227888420032022987e+06 1.158594810892723734e+06 2.291200599065701244e+05 1.399236110709629138e+05 1.550405811146540509e+05 1.387515704597325530e+05 1.400727641435297264e+05 1.388800052716186619e+05 9.870289036161896365e+04 7.141013425529836968e+04 8.104214456794306170e+04 8.665948235502025636e+04 5.597582785695628991e+04 2.425517186354046498e+04 2.462226098210072087e+04 4.239427408567321982e+04 4.085395476972907636e+04 2.469998495426517911e+04 2.426267048343222268e+04 4.107076117656794668e+04 4.617662255109132821e+04 3.604491202882460493e+04 2.428188457990725510e+04 2.244659877846948439e+04 2.716085951878075139e+04 2.323688356182682401e+04 3.093150992353136644e+03 -9.925329217734917620e+03 -1.696764172866116951e+03 1.143804661163992569e+04 -1.787148200899465467e-01 -1.961328593275293852e-01 -2.049344807968463134e-01 -2.054871849784536408e-01 -1.983669649742104135e-01 -1.843381716090610467e-01 -1.643286830758568517e-01 -1.393988043252749054e-01 -1.107062602895216158e-01 -7.946780958306007281e-02 -1.937953651065753347e+00 -1.812099208407717876e+00 -1.655498106279348569e+00 -1.472009109522182335e+00 -1.266276782208359153e+00 -1.043582566560222080e+00 -8.096744492621746891e-01 -5.705736843386505219e-01 -3.323863222715119914e-01 -1.011107015065375869e-01
5.474429748650393449e+05 2.424035068181597162e+05 4.676243122706329450e+04 -1.588000547508447198e+03 7.376470051879089442e+04 1.272607964305708010e+05 -1.446590336037312227e+03 -8.019954940584012365e+04 -5.702674620809708722e+04 -2.197247413770783533e+04 1.076885407854137156e+04 3.426629358797861642e+04 1.884735842293364112e+04 -4.925290595108943307e+03 -9.762507053231824102e+03 -1.530505218506350684e+04 -6.561756767637922167e+03 2.778315550830502161e+03 1.000166086397589788e+04 9.039257495545438360e+03 3.013556072454192872e+03 4.990771970618079649e+02 3.569239121117916511e+02 -1.001886389745400629e+04 -6.954540711242982070e+03 -9.465260684624676287e+03 -1.361374755527689922e+04 -1.263473698137871725e+04 -8.341031582932620950e+03 -3.484870164439712880e+03 2.306202993543122830e+03 -2.074039677865472186e+03 -5.073609857275565446e+03 -2.079390562415325348e+03 -6.791519024213362172e+03 -3.666410833922507663e+03 1.789327779241552344e+05 5.992330404270052677e+05 5.473949693513617385e+05 5.076001502369694645e+05 1.672392334138203645e+06 3.227888420032017399e+06 3.626424902267816942e+06 2.439062939406357240e+06 8.946558106757457135e+05 2.366799541178983636e+05 1.504556555296197766e+05 1.725639736961481976e+05 1.390576832069967058e+05 9.150338210773149331e+04 6.903038204771633900e+04 6.682804195508104749e+04 7.014853226948935480e+04 6.904981429138986277e+04 4.831605727376914729e+04 3.118344944819220473e+04 3.364257498924753600e+04 3.829899960641229700e+04 3.249505787068505379e+04 2.719457391712868775e+04 2.750521844464897731e+04 3.697096419066838280e+04 4.317986819598585134e+04 3.791060506639128289e+04 2.390403049787505734e+04 1.406128887744803069e+04 1.379835746042619394e+04 1.399454856470113009e+04 1.888604232260636309e+03 -1.119945042469685177e+04 -8.758206882024265724e+03 4.373870727513809470e+03 -1.730786021002006236e-01 -1.735290627229196803e-01 -1.662804252559165197e-01 -1.522029912212984060e-01 -1.323545999022461006e-01 -1.079398432528459600e-01 -8.026452651224479096e-02 -5.068508974119968757e-02 -2.055741442770077365e-02 8.814187807602345479e-03 -1.408412793699099108e+00 -1.235432278619238877e+00 -1.040152192803787567e+00 -8.285850440457247501e-01 -6.072774547969957970e-01 -3.830633947796985850e-01 -1.628053750935700983e-01 4.687100043941851146e-02 2.398179273466424510e-01 4.105883802955995754e-01
6.756515936051986646e+05 3.453096222928971983e+05 1.038042803525788622e+05 -7.400885891242708021e+04 -1.262331200140354485e+04 9.278261384332217858e+04 3.259838074509274156e+04 -2.831050668178030173e+04 -5.875955608524091076e+04 -5.803306946548807900e+04 6.033553915814190987e+02 4.483230561180537188e+04 3.012038627508152422e+04 1.580143828918388863e+03 -1.081829723580302016e+04 -4.069518301453820186e+03 8.028047148809489954e+03 8.032252484606308826e+03 8.951849167257270892e+03 8.079096819900685659e+03 2.174684422269430797e+03 4.236384279974879973e+03 4.462279228745143882e+03 -6.967657034152915003e+03 -3.651230779974209327e+03 -9.678828131517915608e+03 -1.189637913638433929e+04 -9.477284351350184807e+03 -9.161787167680113271e+03 -2.954066635454026255e+03 4.671260510887647797e+03 1.528433468569270190e+03 -6.079309690687640796e+03 -4.276542743771831738e+03 -6.595321131957940452e+03 -4.403374186370659118e+03 3.802394654574325250e+04 6.179503894807950128e+05 5.055152364404249820e+05 9.386995720602272195e+04 1.171809713349623489e+05 1.158594810892724665e+06 2.439062939406358637e+06 2.793069474387300201e+06 1.763075398929756135e+06 6.902013753769552568e+05 2.423210256899847882e+05 1.789926370762747829e+05 1.394232484592379187e+05 8.603517354411113774e+04 7.704137400279668509e+04 6.329080383788587642e+04 4.900838667881445144e+04 5.700382614878446475e+04 5.922574747738251608e+04 4.950372557997363037e+04 4.330339302541554935e+04 3.698718263325798034e+04 3.420444809720158082e+04 3.730039973503885267e+04 3.174122422122514399e+04 2.649335673456472796e+04 2.730974633558747882e+04 2.591769868252738888e+04 1.561293410847585801e+04 7.487179662394814841e+03 8.205550477212016631e+03 1.177774895813053627e+04 6.115722488374916793e+03 -5.481312238413560408e+03 -9.079567171783523008e+03 -2.753663932138533710e+02 -1.446107944691112090e-01 -1.314286383809543379e-01 -1.123389907669978816e-01 -8.870992996345331005e-02 -6.202126697419707568e-02 -3.379954439387677229e-02 -5.551588899176861103e-03 2.130173328313965733e-02 4.548556778237816678e-02 6.592359499344686846e-02 -9.182038089267906544e-01 -7.152849365813191973e-01 -5.024884043983686155e-01 -2.876528526581637046e-01 -7.860766726412296568e-02 1.171711264124968427e-01 2.928886734017440707e-01 4.427291918542627380e-01 5.620931900833040507e-01 6.477784462536821941e-01
5.545268106766764540e+05 3.925271226920448244e+05 1.801644608074266580e+05 1.539099958107466955e+04 5.889510505372194166e+04 6.846084003625452169e+04 1.518186155382413199e+04 4.749364191151906562e+04 2.859683816155909881e+03 -2.651153718429255605e+04 5.000006092238365454e+03 4.369514327971305465e+04 2.399968232670689758e+04 -4.163507076241488903e+03 -1.194137339201344003e+04 1.184977940451895620e+03 6.634442219067232145e+03 2.606507320764579617e+03 -4.819288048890368373e+03 -2.414812404028489254e+03 -3.583431080890582962e+03 1.212997441412147737e+03 6.332657563719701102e+03 -5.663961567687803836e+03 -5.124591039322001961e+03 -9.585307050138872000e+03 -1.301156670885226777e+04 -7.246634201597070387e+03 -7.023648858484551056e+03 -3.476126655505455346e+03 3.833506149723133603e+03 2.062687253785425128e+02 -7.694308387757977471e+03 -6.730944567929880577e+03 -6.625161204550079674e+03 -5.933443387741304832e+03 2.939515242594787560e+04 4.650580379765083781e+05 3.983435225136277149e+05 1.500067477827448747e+05 -8.220598534623706655e+03 2.291200599065701826e+05 8.946558106757457135e+05 1.763075398929762188e+06 1.958985995832325425e+06 1.356543476444891654e+06 6.459249663920927560e+05 2.274670655343245307e+05 1.107437722252920066e+05 9.287550033598624577e+04 9.309691226233747147e+04 6.958902628400659887e+04 4.682017062931104010e+04 4.544842176289961935e+04 5.148060070666886168e+04 5.138457955548072641e+04 5.030395876330951432e+04 4.901284483093609742e+04 5.165443471674546890e+04 5.025468852494789462e+04 3.456702108639098151e+04 1.990804483271098798e+04 1.536621640397579722e+04 1.288916601805699793e+04 8.061812291413789353e+03 7.625498507283105937e+03 1.062889691326579486e+04 1.296173116126016248e+04 9.242722995718817401e+03 9.086906640808097109e+02 -4.448093979329487411e+03 -3.173293029146680055e+02 -9.972047429685779174e-02 -7.854632623240646871e-02 -5.413706575092575024e-02 -2.815560759768128557e-02 -2.237039394657239309e-03 2.209211301249457485e-02 4.348797492798572861e-02 6.085336060907668709e-02 7.338578478606443134e-02 8.060824747014648517e-02 -4.732575812538502014e-01 -2.705538344267325312e-01 -7.303914224890131757e-02 1.109428150664631962e-01 2.738744549233614323e-01 4.094393322681554870e-01 5.128305726156048294e-01 5.809745759171853763e-01 6.126481009149697954e-01 6.084953131049042341e-01
3.957057607732171309e+05 3.747088652651665616e+05 1.869617130882931524e+05 7.706951226622206741e+04 1.186819747847101826e+05 9.424326291157866945e+04 2.385460553698366857e+04 5.344413285808282671e+04 5.506112765536789084e+04 1.572424675321627001e+04 6.472112021200122399e+03 2.659812744763004957e+04 1.202512157919669335e+04 -1.013236009691627987e+04 -7.479523106548915166e+03 -3.057895627113017326e+03 -3.253823022403405503e+03 -6.503189857544041843e+03 -1.418508541025080558e+04 -1.018583073997201245e+04 -8.874749430891719385e+03 -3.036755270401247344e+03 4.070313591373911095e+03 -6.527219104932528353e+03 -6.607989626387830867e+03 -8.023400856148335151e+03 -1.275650132588153247e+04 -8.274669278485085670e+03 -7.513378583124985198e+03 -5.845021555316762715e+03 3.400818144984841638e+02 -3.898037462860775122e+03 -8.072732279670402932e+03 -6.825006143562268335e+03 -5.178881274176397710e+03 -5.530464080774276226e+03 3.138780156374631915e+05 4.281517051972841145e+05 4.251070532962841680e+05 2.482148596931635693e+05 1.415586949446996441e+05 1.399236110709629138e+05 2.366799541178989748e+05 6.902013753769553732e+05 1.356543476444891887e+06 1.538810283807499567e+06 1.098283678301619831e+06 4.578728898888588301e+05 1.467826018035286106e+05 1.034947727749750338e+05 1.035068962169703445e+05 8.222251282367239764e+04 6.046136984336253954e+04 3.990106482893671637e+04 3.130198235869372365e+04 3.947694774006277294e+04 5.106551546144259919e+04 5.422290393835142459e+04 5.350560617951575841e+04 4.718960895720546250e+04 3.491014123052922514e+04 2.615087366919294800e+04 1.975081429489909715e+04 1.104229451543205141e+04 6.544109111081923402e+03 8.833613455590158992e+03 1.107144352645715662e+04 1.248934200715133920e+04 9.738347647047374267e+03 1.810598458510797400e+03 -4.725159738492368888e+03 -1.646447671439888836e+03 -5.718339620921664840e-02 -3.366334390989218772e-02 -9.572632295070420544e-03 1.341475371108883687e-02 3.381130369423469145e-02 5.039476742948850729e-02 6.226965065923114467e-02 6.890759550511521558e-02 7.016259799606396064e-02 6.626141739048004020e-02 -1.455421277281724324e-01 3.418966975967635546e-02 1.954920787820312311e-01 3.310010565978263042e-01 4.350096115274681985e-01 5.037711469483961979e-01 5.356788282463799122e-01 5.313070478009511710e-01 4.933108756456788258e-01 4.261997740954008851e-01
3.065670766053427942e+05 3.117031378177239676e+05 1.418414828026992909e+05 8.771400017552937788e+04 1.130354619834884070e+05 1.030575660927891731e+05 3.880155483111158537e+04 4.072453336523049074e+04 5.602296347456922376e+04 3.889687558257272030e+04 1.117913731965995248e+04 1.009181084759984333e+04 9.586914725077949697e+02 -8.248208594401548908e+03 -2.307940500888253155e+03 -7.764638643572712681e+03 -6.665686395866983730e+03 -8.841316121328693043e+03 -1.344142090367658784e+04 -1.217978741187626110e+04 -9.488845647475023725e+03 -2.211350040104872278e+03 2.934196829823189546e+03 -2.806022486336381917e+03 -3.005337295779995657e+03 -5.832172553920458085e+03 -9.541738769231460537e+03 -9.429796653975474328e+03 -9.760740884113463835e+03 -7.147567291775888407e+03 -2.509801837950260051e+03 -6.779464518070053600e+03 -6.723839601787620268e+03 -5.003066442554306377e+03 -4.901556183332386354e+03 -5.060160420774194790e+03 6.742020523487091996e+05 4.981446641318078618e+05 4.447943922229898162e+05 2.941791914605165366e+05 1.742938053155666275e+05 1.550405811146542546e+05 1.504556555296196311e+05 2.423210256899847882e+05 6.459249663920931052e+05 1.098283678301622393e+06 1.193578433702373644e+06 8.063066673118070466e+05 3.581279782950451481e+05 1.500291868772603630e+05 9.946281748624963802e+04 8.113764256106586254e+04 5.927502073820709484e+04 3.366480243616195366e+04 2.214302448545790321e+04 3.310187589492638654e+04 4.437281370558032359e+04 4.163920229857810773e+04 3.470988664342915581e+04 3.088178866661750362e+04 3.219083630440364868e+04 3.350472798014833097e+04 2.511050914799779275e+04 1.232416843562668510e+04 8.008627205667131420e+03 1.082542262208645298e+04 1.386220280837504652e+04 1.725401333087806051e+04 1.478370588516831049e+04 3.936838796687120066e+03 -4.274672652219381234e+03 -7.551150652273008745e+01 -2.017438394251185388e-02 1.562827956286940616e-03 2.146482548806355473e-02 3.812110181921976593e-02 5.046090654801754088e-02 5.780863177102555511e-02 5.991071462804389847e-02 5.693184734821761517e-02 4.942050968470005495e-02 3.824747134515718572e-02 9.079186032079195057e-02 2.317877164355033881e-01 3.439230198223727220e-01 4.221579677528187746e-01 4.638289634450372678e-01 4.687637618190990674e-01 4.392201291322014312e-01 3.796499440961992877e-01 2.963119185925605636e-01 1.967673651853795724e-01
2.826712409423594945e+05 2.353168530651708716e+05 1.159089533343630028e+05 7.722714785222696082e+04 8.286547833455071668e+04 8.254847974483521830e+04 4.654763990244967135e+04 4.948998817115936254e+04 4.434271156573807821e+04 3.630948046797493589e+04 2.288198991225636200e+04 9.421597861756525162e+03 -1.495618146236147368e+03 -1.390231974256422291e+03 -1.278527672238907144e+03 -5.479187539808866859e+03 -1.249816578313598029e+03 -4.706562590473839009e+03 -6.476444739485225000e+03 -6.795032387501199082e+03 -2.326500931275110361e+03 2.637595368923627575e+03 2.864592877376774595e+03 1.666650292651425616e+03 -4.208936753475427395e+01 -4.589187286559522363e+03 -5.171315644104757666e+03 -7.122806618276039444e+03 -8.640965070592617849e+03 -5.101974986974231797e+03 -2.305455472840385482e+03 -6.069234349490739987e+03 -4.248165653333110640e+03 -3.571168483562156780e+03 -5.488907366748493587e+03 -5.080022852844863337e+03 7.498449575708979974e+05 4.629348044472625479e+05 3.413520615893494687e+05 2.754373706259712344e+05 1.643950454160858935e+05 1.387515704597328149e+05 1.725639736961482558e+05 1.789926370762749866e+05 2.274670655343246472e+05 4.578728898888586555e+05 8.063066673118071631e+05 9.406086969040075783e+05 6.614378300452042604e+05 3.017660054932732019e+05 1.030213694625767239e+05 5.398682950570977118e+04 4.265442442155836761e+04 2.880597634188214943e+04 2.752182292211032473e+04 4.020964423247695959e+04 4.313452572598504048e+04 3.108028082142983112e+04 1.964406322699494558e+04 1.829369412246631691e+04 2.842491354445535399e+04 3.462079791317367926e+04 2.549076067379568485e+04 1.406013637628067590e+04 1.062418979273190780e+04 1.300110843962853141e+04 1.860814786563554298e+04 2.373633300743270956e+04 2.064317996406224484e+04 9.594452801610148526e+03 3.637032465173188029e+03 8.000065015965804378e+03 8.893001493961796150e-03 2.537327211206965791e-02 3.820314264114622188e-02 4.650975722826324044e-02 4.987011913181227385e-02 4.831867372828486940e-02 4.231848194410761654e-02 3.269806209040735517e-02 2.056004769987412883e-02 7.170118308439637177e-03 2.425354363232553878e-01 3.314647575184743178e-01 3.856651256819615958e-01 4.036974304331364394e-01 3.868923505485544201e-01 3.391519661256067741e-01 2.665502291374023391e-01 1.767641128300629638e-01 7.839413249673379824e-02 -1.976750548189699572e-02
2.271522456904912251e+05 1.599879857482322841e+05 1.011339235798844602e+05 6.638353282039784244e+04 6.306676457421614032e+04 5.966724014529897977e+04 4.239048387165390886e+04 6.235149439848103066e+04 4.077354991321293346e+04 2.789873852940851430e+04 2.154931458913832466e+04 1.926925623537597130e+04 7.319262671195475377e+03 2.541438400946938600e+03 -1.877254575538051540e+03 -2.502468705139724534e+02 2.657569771837556345e+03 -4.485172012689495205e+03 -2.377144621270621883e+03 -2.382910674724710134e+03 1.203575624499694186e+03 3.925751780245157988e+03 1.863520159889182196e+03 1.818184966615043322e+03 -1.169249690989551709e+03 -4.174259125608556133e+03 -3.139655949155888266e+03 -3.387929671171395967e+03 -4.999059398211148618e+03 -1.967025491908378854e+03 -2.942772755124733521e+02 -4.513778983753571083e+03 -3.722762345777385235e+03 -3.935515808021045814e+03 -4.863572369725536191e+03 -4.821082663238406894e+03 5.869279015344958752e+05 3.874388314322348451e+05 3.049684748480839771e+05 3.136751438343530172e+05 2.116117766614649445e+05 1.400727641435298428e+05 1.390576832069969096e+05 1.394232484592380933e+05 1.107437722252920503e+05 1.467826018035284360e+05 3.581279782950453227e+05 6.614378300452047260e+05 7.254116691474706167e+05 4.972271720445202664e+05 2.006967319799260586e+05 5.501373899807801354e+04 3.176315803731855704e+04 2.898310670004409985e+04 3.222030242240535517e+04 4.459767235373684525e+04 4.470592631168475782e+04 3.031590458804174705e+04 1.953609654610685902e+04 1.879274201845460630e+04 2.638436444654783918e+04 3.088612476824490295e+04 2.482904183771384123e+04 1.701952100539402454e+04 1.332109421048875993e+04 1.399496223868087509e+04 1.979769217974758794e+04 2.414142075036260212e+04 2.184306845434841671e+04 1.550709513029350273e+04 1.271195980466337460e+04 1.347954395341265445e+04 2.364054155638877983e-02 3.345439265721675964e-02 3.898245169135180349e-02 3.998604138887813103e-02 3.668691877697961151e-02 2.971793194742284802e-02 2.003842864324549208e-02 8.822200525604990615e-03 -2.670069050111260368e-03 -1.322144228252111579e-02 2.902987645124476823e-01 3.285734354095704579e-01 3.330617990195692824e-01 3.060519687598370342e-01 2.524108124880962700e-01 1.790483380224675569e-01 9.421262172826559700e-02 6.681221902719562504e-03 -7.506275468311379706e-02 -1.435955819385844323e-01
1.643322689648800006e+05 1.271598684309098462e+05 8.820447147976592532e+04 7.383255613584829553e+04 6.169780632232950302e+04 3.936409368842097319e+04 2.601808375124314625e+04 5.445929326022677560e+04 3.785806355306326441e+04 2.732805040468258449e+04 2.187365548951412347e+04 2.443860955436082440e+04 1.750024430031210795e+04 1.489815992211208140e+03 -2.217722726540319400e+03 2.252446553069931724e+03 2.726723251088247252e+03 -5.397003202160590263e+03 -1.858693322053446536e+03 -3.777029948613362649e+03 -3.033302762322492981e+03 9.870178647016214200e+02 1.167424584267650062e+03 1.637489794169602874e+03 -6.957554199827820867e+02 -2.241909999837487703e+03 -3.188669088509564972e+03 -1.646171499624242642e+03 -3.174119494929173925e+03 -8.410565394560103414e+02 9.027186362631455268e+02 -4.144708629302124791e+03 -4.692400952789795156e+03 -4.261255643148240779e+03 -3.724863509380360483e+03 -4.486299544768512533e+03 5.837805091518490808e+05 4.431935780908548622e+05 3.468470015659222263e+05 3.437455886477979366e+05 2.471027556543996616e+05 1.388800052716187492e+05 9.150338210773149331e+04 8.603517354411115230e+04 9.287550033598633308e+04 1.034947727749751357e+05 1.500291868772604212e+05 3.017660054932733765e+05 4.972271720445203246e+05 5.501464681011501234e+05 3.656419610148553620e+05 1.437455196806357708e+05 4.488996830078311177e+04 2.907854952066652550e+04 3.316825952459351538e+04 4.033627424705685553e+04 3.949460191202968417e+04 2.887786630236234487e+04 2.242320388652097245e+04 2.208768556516629906e+04 2.335636080195856630e+04 2.494195913336804733e+04 2.358134138176218403e+04 1.904548387289246602e+04 1.619157384529436604e+04 1.586313639844138015e+04 1.821539654208470165e+04 1.966454447205006727e+04 1.914441001233200222e+04 1.721467898024077294e+04 1.452112073209775008e+04 1.172208798317822948e+04 2.756572775016220486e-02 3.122734803935589901e-02 3.090882922400467123e-02 2.694344105326778802e-02 2.004658613917338628e-02 1.121512176295586319e-02 1.602050995113369789e-03 -7.620165912244620914e-03 -1.539187140774833477e-02 -2.088025093762009565e-02 2.732490853899453009e-01 2.702646129777596107e-01 2.392018923404093667e-01 1.854688349475305531e-01 1.163708912639809939e-01 4.028981176675994202e-02 -3.421900129121625139e-02 -9.931574648513070980e-02 -1.486497309239311060e-01 -1.779437518364953841e-01
1.600592091690977977e+05 1.165902174838498468e+05 7.304945719320983335e+04 6.482905255557595228e+04 5.366312045477620268e+04 2.943017980583673852e+04 1.504528255622247343e+04 3.522987964758990711e+04 2.944360102931442816e+04 2.881228862654942714e+04 2.480220543361228192e+04 2.288362684622700181e+04 1.390365049509262099e+04 -1.052335545974069646e+03 -8.435259102820135013e+03 -2.844091205764385450e+03 5.970744956307985376e+02 -2.942063590216603643e+03 6.930451941688568240e+02 -3.988731546422700376e+03 -5.765252565254131696e+03 -1.223164995585951829e+02 2.134529566473852810e+03 1.513128147389423702e+03 1.204272521750566057e+03 7.044255565836049300e+02 -2.070563700144637551e+03 -7.185703839084558240e+02 -1.557941070232013999e+03 -6.133160363063052500e+02 3.307647150962702653e+02 -3.768234109106924279e+03 -4.125627041609493972e+03 -3.663988373363818937e+03 -3.302361664494419983e+03 -3.887007166605420935e+03 5.061959149908366380e+05 3.996950843561756192e+05 2.827856037549155299e+05 2.412439636427067744e+05 1.696269092301760684e+05 9.870289036161897820e+04 6.903038204771633900e+04 7.704137400279678695e+04 9.309691226233745692e+04 1.035068962169704173e+05 9.946281748624966713e+04 1.030213694625767530e+05 2.006967319799266988e+05 3.656419610148556530e+05 4.112612147866313462e+05 2.736201940278969123e+05 1.119463026268132089e+05 3.982194770182768843e+04 3.172401084563556287e+04 3.369349369677787763e+04 2.895183496017848302e+04 2.250941437285340362e+04 2.086196967552339993e+04 1.929298061714866708e+04 1.669431325534103235e+04 1.881548595525324708e+04 2.055218960921248799e+04 1.720881457690402749e+04 1.694729960741498144e+04 1.823827068974468057e+04 1.677049106440648757e+04 1.434764660309228930e+04 1.445231821017342736e+04 1.454429380684834177e+04 1.121599725560953448e+04 7.218618355402261841e+03 2.404912932396838232e-02 2.307891534074565584e-02 1.911531457665374689e-02 1.289110866454111839e-02 5.372463478266860208e-03 -2.373653156397932673e-03 -9.317579680261967728e-03 -1.459415399160033690e-02 -1.760321841309073557e-02 -1.807249539367950311e-02 2.141797104756704428e-01 1.827260075911437132e-01 1.324053049975477403e-01 7.057392678683005460e-02 5.391435088748545816e-03 -5.515015463791163308e-02 -1.041380074829701130e-01 -1.364859001899825230e-01 -1.494281855954177340e-01 -1.427154897828773472e-01
1.935807046035488020e+05 1.114576412403760478e+05 6.125103211385694158e+04 3.572937779082729685e+04 3.773416614934537211e+04 3.789080794568647252e+04 2.338906383785948128e+04 2.914885619448935540e+04 2.234730595484195146e+04 1.781171247386622053e+04 1.584977082138087644e+04 1.155221485196170397e+04 5.738831001038764953e+03 -1.820840565342471564e+03 -9.108731310876968564e+03 -7.670832415214906177e+03 -1.452420937316875552e+03 -9.298251542545378925e+02 4.473069675844993981e+03 9.083773797316688388e+02 -3.386220157786048730e+03 6.236575641065112450e+02 2.146014815488948443e+03 -3.344239192734909807e+02 1.424502369274728835e+03 1.934140446623716798e+03 4.081435966871958954e+01 7.739536690379161428e+02 -1.140276899658570073e+02 -1.064740669766861402e+03 -7.415128972745227429e+02 -2.496665259512882585e+03 -2.486793660890737101e+03 -2.696688842181281871e+03 -2.436141790632154880e+03 -2.643587702468475072e+03 2.776723144648452289e+05 2.662468337187488214e+05 2.163936340319010196e+05 1.583486808734065271e+05 9.193013559885323048e+04 7.141013425529829692e+04 6.682804195508106204e+04 6.329080383788589097e+04 6.958902628400662798e+04 8.222251282367235399e+04 8.113764256106573157e+04 5.398682950570978574e+04 5.501373899807798443e+04 1.437455196806357708e+05 2.736201940278963884e+05 3.054434322438910604e+05 2.105542337857071252e+05 9.573043288785593177e+04 3.905490191194909130e+04 2.577494161810880541e+04 1.961861347705091612e+04 1.597182897224605404e+04 1.645744181966414544e+04 1.412967032000548352e+04 1.168812528952406137e+04 1.545404116086723297e+04 1.705936290608189665e+04 1.302685451921676213e+04 1.372834812178947323e+04 1.623766621572175245e+04 1.345901503359392154e+04 9.072649524230262614e+03 8.507900587373656890e+03 8.963280917598509404e+03 7.001640953280172653e+03 4.372329782441860516e+03 1.774045269068205005e-02 1.415612422593238301e-02 8.740100727938696079e-03 2.405391354127714345e-03 -3.866744171069687579e-03 -9.165866319023467310e-03 -1.277519759822749214e-02 -1.426211066287913151e-02 -1.352458442334660525e-02 -1.078923985929235337e-02 1.431292265611435743e-01 9.797159508009330164e-02 4.375990795332875688e-02 -1.168565985426675731e-02 -6.093087815396118490e-02 -9.786012320982807877e-02 -1.183963397069578011e-01 -1.209204553362267925e-01 -1.063428175484756461e-01 -7.783450590321576434e-02
2.056601255144358147e+05 1.196146088652059261e+05 7.563280305112406495e+04 3.781682038967544213e+04 3.004342823543255872e+04 3.716608870059972105e+04 2.989258950140381785e+04 3.065734629527327706e+04 1.974721487148779124e+04 4.341908017369967638e+03 6.298650858853279715e+03 2.394285690793413778e+03 3.969686895753514364e+03 4.239508078233105152e+03 -2.368219207607948192e+03 -3.809699016541571837e+03 8.638273103057592834e+02 6.252438114498281720e+02 5.004234044120908038e+03 3.538336268813526203e+03 -1.037028964178524802e+03 6.044939877988720127e+02 1.635485147031393353e+03 -4.117937392617432124e+01 1.513718284243322159e+03 1.292102190552885304e+03 2.348592612708688421e+02 1.708154941859515247e+03 -2.533681070384060376e+02 -1.727176416772181256e+03 -7.686622097675656278e+02 -1.089313638577325037e+03 -1.421838919554807035e+03 -1.852597291912169112e+03 -1.260747465015075022e+03 -1.417872801945170750e+03 1.909582375167202263e+05 2.247018808046090999e+05 2.156032579604915809e+05 1.660878307269395445e+05 9.998448897736749495e+04 8.104214456794298894e+04 7.014853226948928204e+04 4.900838667881445144e+04 4.682017062931103283e+04 6.046136984336255409e+04 5.927502073820704391e+04 4.265442442155841854e+04 3.176315803731852066e+04 4.488996830078311177e+04 1.119463026268132962e+05 2.105542337857070088e+05 2.538116941293985001e+05 1.853306520979697525e+05 8.479250434137403499e+04 2.738083887745019092e+04 1.204238820119525917e+04 1.294914280564507135e+04 1.444525787661740287e+04 1.269743110648799848e+04 1.208020931495839977e+04 1.494667027676107136e+04 1.473578894355179000e+04 1.008431249891961670e+04 8.405330673286096498e+03 9.095151438941984452e+03 7.431787371972393885e+03 4.793332453709761467e+03 4.194237204244045643e+03 4.295938562255765646e+03 3.682383417443309554e+03 2.679330644302102883e+03 1.130976002390485582e-02 6.701358016379346805e-03 1.332582981585326599e-03 -3.887508923952468377e-03 -8.132528498274846709e-03 -1.078016016860241892e-02 -1.149720086792055222e-02 -1.027629558898446489e-02 -7.420337288489085859e-03 -3.479277006615892100e-03 8.016859193889806778e-02 3.252133290596433829e-02 -1.568911462731002737e-02 -5.738189348689493735e-02 -8.691756495752026024e-02 -1.008209309965370643e-01 -9.815661325552234306e-02 -8.051513476793428770e-02 -5.162714356326088272e-02 -1.668069323025792375e-02
1.955503025647399481e+05 1.157543528697953152e+05 7.875738227235933300e+04 5.480345028018293669e+04 2.632681715034823355e+04 1.390748724806826976e+04 1.500293950135907289e+04 2.147389126778837817e+04 1.547657362599269982e+04 3.103204045667133869e+03 8.231837050726147936e+03 -3.824340679407123389e+01 2.968055427246116778e+03 7.825411613775011574e+03 4.489472854926911168e+03 1.023811416793348599e+03 5.424455653887413973e+03 3.871347211995725957e+03 4.291532548760189457e+03 1.912469153769071681e+03 -5.590252025544062917e+02 -3.385389364182836403e+02 1.504322953684954427e+03 1.599664686703813913e+03 1.884744992827709439e+03 7.754399936278144878e+02 -5.950684806437550378e+02 1.289700134147400377e+03 -6.533154046928639218e+02 -1.171049408270752792e+03 -2.406556868636243962e+00 -4.877781802974906213e+02 -7.099960121659592005e+02 -1.455325292019119615e+03 -1.395583709186827036e+03 -1.547553518074659223e+03 2.281665680560926558e+05 2.086196901984930155e+05 1.938803471427627373e+05 1.755932369386354694e+05 1.263950304623725533e+05 8.665948235502021271e+04 6.904981429138990643e+04 5.700382614878444292e+04 4.544842176289962663e+04 3.990106482893671637e+04 3.366480243616199732e+04 2.880597634188216034e+04 2.898310670004411440e+04 2.907854952066652186e+04 3.982194770182768843e+04 9.573043288785594632e+04 1.853306520979699271e+05 2.280307782594109303e+05 1.585115991972848133e+05 6.756540882515601697e+04 1.758243670576475051e+04 1.082028054499903556e+04 1.337022542252220956e+04 1.291074188561369010e+04 1.379660120149222348e+04 1.512040977923412720e+04 1.349251216297085557e+04 9.490695745066699601e+03 6.116483574257397777e+03 4.351577743458316036e+03 3.750207545566299814e+03 3.699206827315069859e+03 3.341402905319975616e+03 2.612920166879549470e+03 2.130254949393366132e+03 1.756835841736960447e+03 5.727463602067711136e-03 1.081683726908071446e-03 -3.427046133463635107e-03 -7.020249825360739930e-03 -9.126294300284998329e-03 -9.464756098001370424e-03 -8.078572194806751469e-03 -5.309823961283974270e-03 -1.725385493253279220e-03 1.992648528373535104e-03 2.915319183171510495e-02 -1.430804483901182943e-02 -5.150952905287035921e-02 -7.695159034728019098e-02 -8.740877327491809734e-02 -8.230145673046178334e-02 -6.362650959202062473e-02 -3.547589316564006556e-02 -3.240834089996551173e-03 2.735419421249217845e-02
1.786074270345233381e+05 9.809478588738801773e+04 6.133996169659367297e+04 5.537250289886567043e+04 1.925887672434450724e+04 -5.593119223794912614e+03 -4.399164640009257710e+01 1.043606071392295416e+04 7.951381464922023042e+03 6.132182564384430407e+03 1.215578432044447982e+04 1.819709778097379967e+03 1.210021722043537011e+03 4.918255590552076683e+03 5.354820721039704949e+03 1.814260281440741664e+03 6.025248548578871123e+03 5.303292019641216029e+03 4.513336257120357004e+03 7.073281835218720062e+02 -6.886889939571716468e+02 -2.113008104201659535e+03 1.146016725537374725e+02 9.791297086882483427e+02 1.705280086632050370e+03 1.329814855699341933e+03 1.498819301507918453e+02 7.032275364605576442e+02 1.561444666097706886e+02 4.975146254128619603e+02 9.854064449276992264e+02 -3.916234620711129537e+02 -1.238328242252050586e+02 -1.267812662537553024e+03 -2.107478785210484602e+03 -2.284357548637320178e+03 2.103934607205550710e+05 1.400253441042726336e+05 1.371953043407643563e+05 1.440365265335354779e+05 1.045451318359887082e+05 5.597582785695621715e+04 4.831605727376924915e+04 5.922574747738256701e+04 5.148060070666887623e+04 3.130198235869372365e+04 2.214302448545790685e+04 2.752182292211034292e+04 3.222030242240538064e+04 3.316825952459348628e+04 3.172401084563550467e+04 3.905490191194912040e+04 8.479250434137407865e+04 1.585115991972849006e+05 1.911885151157465880e+05 1.326488240431978484e+05 5.565474943793837156e+04 1.616595904740800324e+04 1.014358833374627284e+04 1.209574182859112989e+04 1.345032865970569765e+04 1.359291626818829172e+04 1.258015742498890177e+04 1.056966273896919483e+04 7.978790459272643602e+03 5.661360826556952816e+03 5.261914294906590840e+03 5.617751196452101794e+03 4.260806789002207552e+03 2.784876678755506873e+03 3.019791564267331069e+03 3.078108930595734819e+03 1.258424853012981171e-03 -2.763559007634668139e-03 -5.965387171178777696e-03 -7.792385986266267203e-03 -7.982830614217150886e-03 -6.599605359473830618e-03 -4.001280762687418717e-03 -7.592711839893202547e-04 2.461268706044078634e-03 5.032778005622551808e-03 -1.007152691865119062e-02 -4.483925387724022049e-02 -6.837028398990757649e-02 -7.740255424363136350e-02 -7.146433749377857636e-02 -5.277781469923107510e-02 -2.569548809509536805e-02 4.210339656239076543e-03 3.122433382042642813e-02 5.053182530504162634e-02
1.199993560868956702e+05 6.661397695024035056e+04 3.940469713280562428e+04 4.271530793736308988e+04 1.370458970281205620e+04 -2.027626593298735315e+03 2.540216508749791501e+03 9.486614059699701102e+03 6.558180604922177736e+03 4.947960304197074038e+03 1.240064077643959354e+04 7.668350598373026514e+03 5.283096816593732001e+03 3.929563394933842574e+03 3.724316415155822142e+03 1.097554937088929819e+03 4.354463585980657626e+03 3.983668368918392844e+03 5.316394604099928074e+03 7.367102234512667565e+02 -1.665039737682154509e+03 -4.741763482864321304e+03 -1.798935070679684941e+03 3.421297062744387745e+02 1.112357988633270452e+03 7.409246128227547388e+02 8.927720042381619123e+02 7.565558779688698223e+02 8.149434603147557254e+02 1.053583766307327551e+03 1.297089762046339729e+03 -4.228055886001417321e+02 -2.638416960213114635e+02 -1.018428782687289527e+03 -1.954382236363050197e+03 -2.179852164962933784e+03 1.840247284276320424e+05 1.251440591478249989e+05 1.301377527592060651e+05 1.132871520729330514e+05 6.163211909626171837e+04 2.425517186354043224e+04 3.118344944819223747e+04 4.950372557997363037e+04 5.138457955548065365e+04 3.947694774006273656e+04 3.310187589492641564e+04 4.020964423247693776e+04 4.459767235373691074e+04 4.033627424705689191e+04 3.369349369677786308e+04 2.577494161810879814e+04 2.738083887745019820e+04 6.756540882515600242e+04 1.326488240431978484e+05 1.620836883020025271e+05 1.136928585585121764e+05 4.891267177685032948e+04 1.424851874141990265e+04 1.048280709846972604e+04 1.291400318780219459e+04 1.255452366835082285e+04 1.264095447120072822e+04 1.209890490240353756e+04 1.016112173909669582e+04 8.986402558987851080e+03 9.398453005937553826e+03 8.935196963275458984e+03 6.060551972687886519e+03 4.108636418618439166e+03 5.205297083505194678e+03 5.810535423543007710e+03 -2.054051381440398245e-03 -5.062289788609116575e-03 -6.792517608832421630e-03 -6.973182045786135812e-03 -5.666345163483510299e-03 -3.236189670026410215e-03 -2.588919324226321862e-04 2.606794965650726867e-03 4.760052680181900246e-03 5.780057794318430378e-03 -3.775427052222159879e-02 -6.102578594089068387e-02 -7.012780577032577678e-02 -6.446185586927266620e-02 -4.632311497514029347e-02 -2.026730960958336367e-02 7.920147277001236830e-03 3.243426544449361237e-02 4.859293007129755759e-02 5.369419044745028097e-02
3.579483006724232109e+04 1.634481939970173335e+04 1.188025278769176293e+04 2.998414801339545738e+04 1.836606914352456806e+04 1.707103931328296312e+04 1.406801409484183750e+04 1.300284971975436565e+04 1.179820095335845690e+04 1.793460527782217468e+03 9.823418980653108520e+03 1.279506601858340946e+04 1.022180321099041794e+04 4.813103173608395991e+03 2.518528802109565277e+03 1.365525308788392977e+03 3.142042601448531514e+03 2.886902983489445432e+03 4.115326879755299160e+03 -6.558233657598548234e+02 -2.890137247021885742e+03 -5.936254390190113554e+03 -1.366961196354427329e+03 8.517578713745758705e+02 4.617218871906202367e+02 -5.498946396038470539e+02 3.175975080002653499e+02 6.661731481345317434e+02 -7.968612191786621679e+01 -3.102237333343167620e+02 1.493287399044154427e+02 -6.683612633928703417e+02 -9.871242497237690259e+02 -1.073351233101856451e+03 -1.841246563409936925e+03 -1.652926955901574274e+03 1.702340042134146497e+05 1.620895480001994001e+05 1.543509258377913793e+05 9.604055840478422760e+04 4.189724941505021707e+04 2.462226098210073178e+04 3.364257498924755055e+04 4.330339302541547659e+04 5.030395876330952888e+04 5.106551546144259919e+04 4.437281370558033814e+04 4.313452572598510596e+04 4.470592631168479420e+04 3.949460191202964779e+04 2.895183496017843936e+04 1.961861347705091248e+04 1.204238820119525008e+04 1.758243670576476143e+04 5.565474943793830607e+04 1.136928585585120891e+05 1.393052846688942518e+05 9.692186767745245015e+04 3.997944832703848078e+04 1.349458552140148277e+04 1.092022214201249517e+04 1.189168024390553910e+04 1.250464882442959242e+04 1.175503209243224228e+04 1.014368751458045699e+04 1.054627628728755371e+04 1.194827439682489421e+04 1.103883508808073930e+04 7.828989204552692172e+03 5.922182519857406987e+03 6.946880629317456624e+03 7.824834301401633638e+03 -4.174519002224101778e-03 -5.866824618069210046e-03 -6.101383005324626310e-03 -4.924264298156652390e-03 -2.691917751106820238e-03 2.454967857169763673e-05 2.577101561736335443e-03 4.389715657093530392e-03 5.084595969176477701e-03 4.557998955138342287e-03 -5.380374777159701444e-02 -6.378260709612686152e-02 -5.909462456372390621e-02 -4.195771299411586719e-02 -1.704783699010616743e-02 9.650779632308297690e-03 3.220090331740815826e-02 4.597621412151575021e-02 4.856884631278851616e-02 4.016920416589127990e-02
-2.659379708678316092e+02 -1.614080894715173054e+04 -6.899034707766873908e+03 2.459081981665088824e+04 3.095474954388001424e+04 3.095139250484059812e+04 1.987286536095922929e+04 1.423953735969832633e+04 1.450839492842851723e+04 -3.724838009554405289e+02 3.541944234272235917e+03 1.106667818305761102e+04 8.391187273185982122e+03 2.748398253575905528e+03 1.268186321262846604e+03 2.020931238413844994e+03 2.536257382997271179e+03 2.524431485043285647e+03 2.460609341992835198e+03 -2.032791597717070317e+03 -2.644130043536551511e+03 -4.487931886473356826e+03 -7.809220321491693539e+02 3.697361146133486614e+02 -3.756018827603974160e+02 -1.152791252794626189e+03 -5.453255172676126676e+02 1.937380680636592274e+02 -1.360153693106383798e+03 -1.753799707320486050e+03 -1.351775592362001589e+03 -1.154817436192892728e+03 -1.431786623023962420e+03 -1.133006183311713357e+03 -2.250887194649672892e+03 -1.768534472189498956e+03 1.505631677279258147e+05 1.823759496983751305e+05 1.578686423678893480e+05 8.773831233558904205e+04 4.890492067068312463e+04 4.239427408567319071e+04 3.829899960641223879e+04 3.698718263325800217e+04 4.901284483093611925e+04 5.422290393835140276e+04 4.163920229857807135e+04 3.108028082142984567e+04 3.031590458804171794e+04 2.887786630236236670e+04 2.250941437285340726e+04 1.597182897224607223e+04 1.294914280564509136e+04 1.082028054499904647e+04 1.616595904740803053e+04 4.891267177685025672e+04 9.692186767745229008e+04 1.117752034228758275e+05 7.671290219350201369e+04 3.366717977496001549e+04 1.296252381945491652e+04 1.017024038172133078e+04 1.186035520320096111e+04 1.164153465595423586e+04 1.087753280783918672e+04 1.158268218263353629e+04 1.232532646704320359e+04 1.089096946032965934e+04 8.291158933463000722e+03 6.665034452520416380e+03 6.824007614146721608e+03 7.609493640597349440e+03 -4.950960587819597594e-03 -5.336677151965886663e-03 -4.378730877505264581e-03 -2.400466856186926450e-03 4.991124803436630398e-05 2.342104383792788583e-03 3.919024280407833356e-03 4.428153701894908291e-03 3.797699225972031752e-03 2.240813731102616300e-03 -5.756817675396674189e-02 -5.505511043187363146e-02 -3.987015166629415130e-02 -1.658001568397178896e-02 8.738870907866643986e-03 2.999346697851607707e-02 4.247809140156884322e-02 4.387190840070865488e-02 3.462237860143795032e-02 1.766327324020179265e-02
9.082789476142570493e+03 -5.670930351712857373e+03 1.014871998596438971e+04 3.356736685940906318e+04 4.040322263368905988e+04 3.177606034310459654e+04 1.672395457657965017e+04 1.212876176819440661e+04 9.966689617739775713e+03 -2.720888929934726548e+02 -5.961925671839017014e+02 6.656261112666880763e+03 4.571498671960603133e+03 6.711599389665807394e+02 -1.463605660582318251e+02 1.057681407932506772e+03 1.130326002852157671e+03 1.928854157279278297e+03 1.120070810356316997e+03 -9.980096133229603765e+02 -1.986303309838692940e+03 -2.420019838481149691e+03 -9.912210992546290527e+02 -5.634152923202682359e+02 -2.952568838108303453e+02 -8.727320822494141339e+02 -9.414925566268559578e+02 -1.002329031591132207e+02 -1.570593503829873498e+03 -1.938954245033176676e+03 -1.469528800921329093e+03 -1.516633203618872130e+03 -1.552105821033825123e+03 -1.098386426085727635e+03 -2.372857826493140237e+03 -2.049713584252529472e+03 1.052722539626765356e+05 1.574041508661545813e+05 1.254205798237477429e+05 7.215449767234163301e+04 4.735391985858471162e+04 4.085395476972909819e+04 3.249505787068507198e+04 3.420444809720157355e+04 5.165443471674545435e+04 5.350560617951575841e+04 3.470988664342914853e+04 1.964406322699493103e+04 1.953609654610689904e+04 2.242320388652098700e+04 2.086196967552343267e+04 1.645744181966415272e+04 1.444525787661741379e+04 1.337022542252221865e+04 1.014358833374628011e+04 1.424851874141990083e+04 3.997944832703845896e+04 7.671290219350194093e+04 9.029270080945971131e+04 6.685647355300829804e+04 3.125017363428576209e+04 1.228400819875152956e+04 1.157072947181617747e+04 1.377719507997004985e+04 1.324244410820808298e+04 1.196433422351146692e+04 1.128974475691507723e+04 9.900317201472991655e+03 7.998457525840203743e+03 6.363997765808914664e+03 5.734071015436444213e+03 6.551521215115973064e+03 -4.582535062238114396e-03 -3.913780668364966187e-03 -2.248685587394407253e-03 -9.093056957681848831e-05 1.959424896418918670e-03 3.365096250307714372e-03 3.787235434081740078e-03 3.164373469477925558e-03 1.715602993848054517e-03 -1.304410875515033940e-04 -5.114340072144618610e-02 -3.882919558418598122e-02 -1.778690596092079648e-02 5.987567289273256453e-03 2.628378613282966736e-02 3.822911808959298524e-02 3.941065742138946670e-02 3.031213320306669692e-02 1.399766911286889730e-02 -4.832243314442573497e-03
1.118389134394233406e+04 1.846976848718190740e+04 4.666310303029118222e+04 4.786884794338463689e+04 4.383992037864501617e+04 2.797427681660019516e+04 1.332492209756588090e+04 1.312953600138909496e+04 5.357315953505330071e+03 2.526143112585495146e+03 2.497848037989545901e+03 4.930588555395776893e+03 4.060133621474165466e+03 1.413725181043944986e+03 -6.118683157197276614e+02 -1.298625432015226579e+03 -7.573012888963824025e+02 5.537121725455227761e+02 -3.168954435497289523e+02 -8.429090979308489295e+02 -2.694224217976566251e+03 -2.865383418233050179e+03 -6.984738447754882600e+02 -3.989405021923907384e+02 2.775582240147385278e+02 -7.739205847700872027e+02 -1.543461150285783106e+03 -1.529359578369583232e+02 -1.128565587367937042e+03 -1.422029945561361501e+03 -6.756322601567887887e+02 -1.477373935305244004e+03 -1.645056116324007235e+03 -1.354574833231371258e+03 -2.079316636088497035e+03 -1.777605204494236887e+03 8.359222096298541874e+04 1.239643703147837805e+05 8.688596966943860753e+04 5.611305663400427147e+04 3.320722446622566349e+04 2.469998495426518275e+04 2.719457391712870231e+04 3.730039973503881629e+04 5.025468852494781459e+04 4.718960895720542612e+04 3.088178866661751817e+04 1.829369412246632419e+04 1.879274201845459538e+04 2.208768556516629906e+04 1.929298061714867799e+04 1.412967032000548534e+04 1.269743110648799302e+04 1.291074188561370465e+04 1.209574182859112261e+04 1.048280709846972240e+04 1.349458552140149550e+04 3.366717977496002277e+04 6.685647355300832714e+04 8.246027178662452206e+04 6.074057992452498729e+04 2.846926572906133879e+04 1.460940998988711726e+04 1.451290240568111585e+04 1.375764423836987407e+04 1.084314993685579066e+04 9.736261316944177452e+03 9.897645275689337723e+03 9.067205478217849304e+03 6.904802616310060330e+03 5.277013429465396257e+03 5.962473049173016989e+03 -3.478220680924049100e-03 -2.201560173657786477e-03 -3.803924938636411845e-04 1.435591433551889218e-03 2.732061077460247889e-03 3.169569967259203407e-03 2.668827043940251095e-03 1.420698500260311877e-03 -1.798929454964926411e-04 -1.655368141492761245e-03 -3.847375112869712288e-02 -2.051855808357385541e-02 1.406185871812939015e-03 2.106553800270543481e-02 3.331874420975237255e-02 3.541005482690772616e-02 2.753958401934422651e-02 1.260347203586471149e-02 -4.774756122620577546e-03 -1.961674945021476407e-02
-4.107815087428680272e+02 3.298102661065074062e+04 6.626183223449620709e+04 4.998845185088255676e+04 4.014115542253874446e+04 2.513628344802614447e+04 1.792160620177233432e+04 2.023207316473641549e+04 6.680637331895848547e+03 6.205133091167718703e+03 7.918330773892887009e+03 4.527665063634472062e+03 3.657062977585893350e+03 1.694846983395935013e+03 -3.237962165075800840e+02 -2.454956308916343914e+03 -1.268557126221818407e+03 -5.281267339026088621e+02 -8.687202664287649441e+02 -1.952209344344181545e+03 -3.190184711112138302e+03 -2.998389409616881039e+03 -8.003996332196282992e+01 -1.556954140543993859e+01 2.155651040657333795e+02 -1.342505356641069511e+03 -2.299218370213598973e+03 -4.681147696805013538e+02 -1.055637419026249290e+03 -8.723986003956908917e+02 -2.123432232561693809e+02 -1.218670114418689991e+03 -1.685298242284444314e+03 -1.608805582452306226e+03 -1.564752307722743808e+03 -1.262201965096625827e+03 1.062683261163963034e+05 1.030557282644485240e+05 7.049027076953773212e+04 6.375128428837010870e+04 3.880163580047021242e+04 2.426267048343226998e+04 2.750521844464898459e+04 3.174122422122517310e+04 3.456702108639098151e+04 3.491014123052923242e+04 3.219083630440366687e+04 2.842491354445535035e+04 2.638436444654784646e+04 2.335636080195853356e+04 1.669431325534101416e+04 1.168812528952404864e+04 1.208020931495837976e+04 1.379660120149223076e+04 1.345032865970569401e+04 1.291400318780217822e+04 1.092022214201248062e+04 1.296252381945490743e+04 3.125017363428572935e+04 6.074057992452498002e+04 7.478548423331676167e+04 5.564534144195386034e+04 2.741683114913077225e+04 1.324216286637840312e+04 9.974437871229791199e+03 9.072525139443778244e+03 8.790597774748312077e+03 1.008042954734107116e+04 1.037301578440124649e+04 8.062297429355290660e+03 5.682256308980331596e+03 5.955139915028576070e+03 -2.083343784670037800e-03 -6.370217195085422493e-04 9.111764727467724792e-04 2.085385377786624830e-03 2.550815592622190150e-03 2.204779861402975452e-03 1.195492849947368168e-03 -1.340575148628529072e-04 -1.358599843877203190e-03 -2.104064477770034147e-03 -2.285268137077320003e-02 -3.404284986985634757e-03 1.527123160246536548e-02 2.783997020532295516e-02 3.114904018242143496e-02 2.496950135157817094e-02 1.185135672678066902e-02 -3.814366384428524194e-03 -1.720342102731441808e-02 -2.449849215718685053e-02
1.399644791105369586e+04 3.584222991561527306e+04 5.802898208445958880e+04 3.904183612280417583e+04 2.782293398034487473e+04 1.813981403775329818e+04 1.933917029870349506e+04 2.030644858106310858e+04 8.053350407915761025e+03 5.791863509217990213e+03 7.643167884992898507e+03 4.529232810991733459e+03 3.112034052215954489e+03 1.093806319784155676e+03 -2.991731958868247148e+02 -2.270376086083860628e+03 -4.336994498528617328e+02 -4.679565384799209937e+02 3.636293815138710670e+02 -1.423994785622272502e+03 -2.355913986835120340e+03 -1.656392917064781614e+03 2.581466964113392351e+02 -3.467707367419424713e+02 -1.244409526355197215e+02 -1.810651919260346403e+03 -2.428607897642562421e+03 -7.870169982421912209e+02 -1.418103098345368835e+03 -6.656280748467313515e+02 -2.463936459233964911e+02 -1.283137689050044173e+03 -1.600115491893899616e+03 -1.290376228840045314e+03 -8.479119798089463984e+02 -9.084067730601830135e+02 1.417023011035028903e+05 1.082580730281228753e+05 8.315132918356034497e+04 8.771841233121712867e+04 6.010663242757961416e+04 4.107076117656796850e+04 3.697096419066836825e+04 2.649335673456471341e+04 1.990804483271101708e+04 2.615087366919295891e+04 3.350472798014836007e+04 3.462079791317370109e+04 3.088612476824488840e+04 2.494195913336803642e+04 1.881548595525324708e+04 1.545404116086726572e+04 1.494667027676106773e+04 1.512040977923410537e+04 1.359291626818828445e+04 1.255452366835081921e+04 1.189168024390553910e+04 1.017024038172132168e+04 1.228400819875152411e+04 2.846926572906137881e+04 5.564534144195379486e+04 6.634789261462913419e+04 4.711170395575850853e+04 2.133560280144432545e+04 8.246171881609094271e+03 7.052954620352738857e+03 8.074273733159865515e+03 9.026753132809864837e+03 9.139010272887744577e+03 7.569565226031366365e+03 5.906979383422176397e+03 6.251183567531637891e+03 -7.839976399416667512e-04 4.986431834284682724e-04 1.540236297077517049e-03 2.016036255652226515e-03 1.802402660087867436e-03 1.005181278147106866e-03 -8.537772407197202339e-05 -1.096287118680264227e-03 -1.696466611945669258e-03 -1.703743113668126094e-03 -7.397946790328457055e-03 9.793281833023810556e-03 2.235510348545333495e-02 2.677945753359666642e-02 2.235428926537794125e-02 1.117552719744771203e-02 -2.706797528306000445e-03 -1.469165736013767001e-02 -2.110617591481469754e-02 -2.029576879599849157e-02
5.173177466532396647e+04 3.660877025508310908e+04 3.761649883075567777e+04 2.402581810977097120e+04 1.339468146511423038e+04 8.727251809168719774e+03 1.407134989660622159e+04 1.334730588319341405e+04 9.675023811622526409e+03 5.427593172797769512e+03 4.933011476356096864e+03 4.705389603934961997e+03 3.598495327179367905e+03 1.942295650520793515e+03 -9.246747313263592787e+02 -2.511801143426574527e+03 -4.859980917470546729e+02 -4.472068188582846346e+02 1.703002165231587924e+03 9.677694480353609663e+01 -9.567006010095868760e+02 -3.396908556842059852e+02 4.969238522414176487e+02 -1.152189799917010049e+02 -9.306675810780646998e+02 -1.847417270929126971e+03 -1.470855959169381777e+03 -5.666880443348532026e+02 -1.549516304109319435e+03 -7.456355238642515815e+02 -6.792168684846456017e+01 -1.003697713045957130e+03 -1.052756721026695686e+03 -7.484449144392322069e+02 -5.016416377370840678e+02 -6.984609880045290993e+02 1.406748713094239647e+05 1.135297340953731182e+05 9.358980277109323652e+04 8.781792431810047128e+04 5.882808765500986192e+04 4.617662255109132821e+04 4.317986819598587317e+04 2.730974633558749701e+04 1.536621640397581541e+04 1.975081429489912625e+04 2.511050914799772363e+04 2.549076067379568849e+04 2.482904183771381213e+04 2.358134138176218403e+04 2.055218960921250255e+04 1.705936290608190757e+04 1.473578894355179182e+04 1.349251216297084284e+04 1.258015742498890722e+04 1.264095447120071185e+04 1.250464882442959424e+04 1.186035520320095929e+04 1.157072947181619020e+04 1.460940998988712636e+04 2.741683114913074314e+04 4.711170395575851580e+04 5.473825920956382470e+04 3.989637735901551059e+04 1.869847931353747845e+04 8.154971079250801267e+03 6.857708259881261256e+03 7.496555458390917920e+03 7.173382242456125823e+03 6.383337919247696846e+03 5.843320375308165239e+03 6.414544046847773643e+03 1.140221042672758033e-04 1.015600318009340398e-03 1.510644119939377229e-03 1.449048935482744743e-03 8.811913867261168690e-04 3.042336030162796296e-05 -7.915617130721943695e-04 -1.295959321902086106e-03 -1.316522507456133412e-03 -8.638211428477663529e-04 4.136050332858419269e-03 1.680667081498416621e-02 2.268755588752806654e-02 2.040134470749171980e-02 1.138658639129972241e-02 -7.870180837231066867e-04 -1.176017582352198790e-02 -1.789815041747923330e-02 -1.745995353611488887e-02 -1.105464615812410713e-02
8.372213380865285581e+04 3.644184276161404705e+04 2.157897300759348582e+04 1.445994739214902620e+04 7.972237191645934217e+03 5.687209471980572744e+03 1.162094381812100073e+04 1.151608430235844935e+04 1.250118463604843419e+04 7.263838603416344085e+03 4.168806104075099938e+03 2.824319607950194950e+03 2.680729435297029340e+03 2.155576111698698242e+03 -1.065931952031592346e+03 -2.411399797737850349e+03 -1.254246703803609989e+03 -7.940936415551159371e+02 2.098047942182717179e+03 1.092866889511681848e+03 5.424769241108374445e+02 5.345999500670359339e+02 7.237328120573627075e+02 5.380187875591341253e+02 -1.123255291375163097e+03 -1.730684271708440974e+03 -4.459177043174320829e+02 3.566111859776801225e+02 -7.482538205460316476e+02 -6.795804621918325665e+02 -1.618158295955022368e+02 -4.695496155966642391e+02 -3.936260287187840277e+02 -5.848762722094429591e+02 -5.493529448952491521e+02 -4.319032083498612451e+02 1.175590084319452726e+05 1.107311722606773983e+05 8.146557791823960724e+04 6.142898017741346848e+04 3.839689792226144345e+04 3.604491202882460493e+04 3.791060506639126834e+04 2.591769868252736705e+04 1.288916601805701066e+04 1.104229451543204777e+04 1.232416843562667054e+04 1.406013637628067954e+04 1.701952100539400999e+04 1.904548387289246966e+04 1.720881457690402749e+04 1.302685451921675849e+04 1.008431249891962034e+04 9.490695745066703239e+03 1.056966273896920029e+04 1.209890490240352301e+04 1.175503209243223864e+04 1.164153465595422495e+04 1.377719507997006076e+04 1.451290240568112677e+04 1.324216286637840676e+04 2.133560280144431817e+04 3.989637735901546694e+04 4.852476303527550044e+04 3.646310308498329687e+04 1.802447944069477671e+04 8.261844302113033336e+03 6.454328288030307704e+03 6.595534746895360513e+03 6.432562921348944656e+03 6.141029905782665992e+03 6.381008474720403683e+03 5.728334857383284885e-04 1.075092947090925581e-03 1.150380741170085918e-03 7.918922376621270525e-04 1.535514832819767281e-04 -5.138498484677370744e-04 -9.588895661387875297e-04 -1.022280508297557450e-03 -6.930050503967126376e-04 -1.082322322325848774e-04 1.121115230209535768e-02 1.859762345733942390e-02 1.865534631486551534e-02 1.199267769142000478e-02 1.544419958466817415e-03 -8.636982925756347962e-03 -1.490027782282604858e-02 -1.526945591826676593e-02 -1.003405151694546776e-02 -1.489419157034944799e-03
8.424503262026270386e+04 3.324411668015386385e+04 1.139532621558823485e+04 8.588775257302400860e+03 8.594774516904077245e+03 7.688069765619585269e+03 1.242852108549487457e+04 1.489348453650170813e+04 1.392290465155842503e+04 8.142217191031362745e+03 4.635269417859454734e+03 6.003751682215270193e+02 7.171927731563782800e+02 -1.711371284149911389e+02 -1.786784999448407234e+03 -1.808719281926533540e+03 -8.009317220118828118e+02 -4.297526440857992043e+02 1.956329829070469032e+03 1.442310690706903188e+03 1.279002281429860886e+03 8.032442488898909687e+02 2.801553152210784106e+02 5.115693859056874544e+02 -5.402650938386467487e+02 -1.092748378404636242e+03 -3.198575537682689287e+02 8.307519492549489541e+02 1.897821948271957240e+02 -6.600734809914250718e+02 -8.667087112217957383e+02 -5.962641165976049251e+02 -2.822258427885606693e+02 -5.941937965026147594e+02 -7.147136498894390115e+02 -4.356682961938770404e+02 9.961381818448076956e+04 1.096491287588284322e+05 6.825766479464585427e+04 4.253939085765686468e+04 2.605249740682636548e+04 2.428188457990721145e+04 2.390403049787503915e+04 1.561293410847585255e+04 8.061812291413792082e+03 6.544109111081924311e+03 8.008627205667137787e+03 1.062418979273191144e+04 1.332109421048875447e+04 1.619157384529435149e+04 1.694729960741497780e+04 1.372834812178946049e+04 8.405330673286087404e+03 6.116483574257389591e+03 7.978790459272629960e+03 1.016112173909669218e+04 1.014368751458044426e+04 1.087753280783918126e+04 1.324244410820808116e+04 1.375764423836986498e+04 9.974437871229805751e+03 8.246171881609090633e+03 1.869847931353748208e+04 3.646310308498330414e+04 4.440833794135653443e+04 3.326893013382653589e+04 1.724837958359019467e+04 7.739301092975545544e+03 6.279890863234993958e+03 7.067079563629207769e+03 7.087758524741371730e+03 6.694581014091590987e+03 7.327869396592457318e-04 8.949692416947611180e-04 6.941028680310821694e-04 2.250274063418803761e-04 -3.151318070453789462e-04 -7.083742172707251789e-04 -8.024431906314358903e-04 -5.687799020332290865e-04 -1.103919674213028234e-04 3.822208457324671412e-04 1.466364933151512867e-02 1.675602570091710639e-02 1.225704372362275071e-02 3.434604404991130865e-03 -5.995017999099444723e-03 -1.237338008239878551e-02 -1.347916340072874766e-02 -9.270884299791471231e-03 -1.751164312712946832e-03 5.939668539836010473e-03
6.115795147086877842e+04 2.125120525389555405e+04 6.605572861535438278e+03 6.289088076993653885e+03 1.170303448739338273e+04 1.137133634154501488e+04 1.182533524933658919e+04 1.561785559780197946e+04 1.269123293310339614e+04 7.771331887434433156e+03 5.421588082981905245e+03 1.691940483101055634e+03 7.184295135606225813e+02 -1.595641849814538318e+03 -2.308858445051190756e+03 -5.525797769071926950e+02 7.538948960904249361e+02 1.115101897508354512e+01 1.450326572618552518e+03 1.327559290319152979e+03 8.405619343012319860e+02 3.084609567846899267e+02 -4.372885445125862134e+02 3.919739596790719816e+01 5.915426633649737198e+01 -4.875071867087482929e+02 -5.406173084795896102e+02 9.159884134892121210e+01 5.223984526422611907e+01 -8.798848116859144284e+02 -1.543367797585355902e+03 -1.055291896659472968e+03 -4.816834245781259938e+02 -4.006860554635353537e+02 -6.847671110119724744e+02 -4.818863599236480013e+02 7.657868076824398304e+04 1.004406634692936350e+05 6.430626377388887340e+04 4.382127673306055658e+04 3.161178881615985301e+04 2.244659877846949894e+04 1.406128887744805616e+04 7.487179662394812112e+03 7.625498507283096842e+03 8.833613455590173544e+03 1.082542262208645116e+04 1.300110843962854415e+04 1.399496223868088600e+04 1.586313639844138197e+04 1.823827068974468784e+04 1.623766621572173608e+04 9.095151438941988090e+03 4.351577743458320583e+03 5.661360826556941902e+03 8.986402558987851080e+03 1.054627628728754644e+04 1.158268218263353265e+04 1.196433422351145600e+04 1.084314993685579066e+04 9.072525139443769149e+03 7.052954620352747952e+03 8.154971079250810362e+03 1.802447944069476580e+04 3.326893013382656500e+04 4.061933689579743077e+04 3.018572142970308778e+04 1.515765363280902602e+04 7.468908285050083578e+03 6.890044476918806140e+03 7.554616646280217537e+03 7.004253183433789673e+03 6.594044749718781708e-04 6.014203730060445341e-04 2.917510990952592123e-04 -1.303509927409082748e-04 -4.826434051021139568e-04 -6.177746621634382009e-04 -4.844307858455023817e-04 -1.463896495343910867e-04 2.471621221727802369e-04 5.264763720949196604e-04 1.472150610710647872e-02 1.266365622253196217e-02 5.654786409618586633e-03 -3.054300240814134069e-03 -9.798736933009850533e-03 -1.199452514639574169e-02 -9.094757600959253035e-03 -2.662556610811090459e-03 4.411457069324061821e-03 9.176255051068560320e-03
5.110060133331123507e+04 1.157026419050576260e+04 8.595598750376788303e+03 8.523625126649691083e+03 1.633567700567491920e+04 1.628930562781591289e+04 1.074147704996118409e+04 1.293110077918380375e+04 1.106006619522842266e+04 8.336458924953787573e+03 6.262180891416954182e+03 4.057200075404700328e+03 1.981924040425971725e+03 -4.379014874572653753e+02 -1.316992575237435631e+03 9.277200408421890643e+02 1.869229804004809012e+03 1.006171236217989673e+02 9.929988868554194141e+02 6.772452720600043676e+02 5.616452793363578166e+01 -3.110653248926068954e+02 -8.329173369086116736e+02 -4.819019503808146396e+02 -7.467128218948931817e+01 -4.645799940408999191e+02 -6.263930895212674841e+02 -6.049441109152046465e+02 -6.867143256622312038e+02 -1.156429914157381063e+03 -1.757636166310557428e+03 -1.326165664189044492e+03 -5.719607000990864663e+02 -1.231597848080508584e+02 -4.694708275445912591e+02 -3.992114786238340685e+02 3.655890933779518673e+04 7.635728623772459105e+04 6.619409650147183856e+04 5.496453804758048500e+04 4.273251144816577289e+04 2.716085951878083506e+04 1.379835746042620121e+04 8.205550477212014812e+03 1.062889691326580578e+04 1.107144352645717481e+04 1.386220280837505925e+04 1.860814786563553207e+04 1.979769217974758067e+04 1.821539654208470165e+04 1.677049106440652395e+04 1.345901503359393428e+04 7.431787371972394794e+03 3.750207545566302088e+03 5.261914294906595387e+03 9.398453005937557464e+03 1.194827439682488330e+04 1.232532646704321087e+04 1.128974475691509178e+04 9.736261316944171995e+03 8.790597774748315715e+03 8.074273733159872791e+03 6.857708259881261256e+03 8.261844302113026060e+03 1.724837958359019467e+04 3.018572142970309505e+04 3.771353474689498398e+04 2.633010122642252827e+04 1.348828246348798166e+04 7.336799606017095357e+03 6.916848383309257770e+03 6.871190684685981978e+03 5.032007003903613560e-04 3.245971862277955366e-04 5.608539163124481274e-06 -3.080827376649433388e-04 -4.757681378430440020e-04 -4.247164434866125635e-04 -1.819407612404457160e-04 1.395527925200745582e-04 3.929243027054739757e-04 4.639670543359799139e-04 1.300871060922898295e-02 8.020580327184105573e-03 3.513145116486655379e-05 -7.285617654160372013e-03 -1.086065320944480661e-02 -9.447387719323154659e-03 -4.032699179888988086e-03 2.748583966518966613e-03 7.858168665784917226e-03 9.189282780821733665e-03
5.902970676677474694e+04 1.676575426831334335e+04 1.820885840030993495e+04 1.607820443516801424e+04 1.855848698829155910e+04 1.611813447148243540e+04 9.101036141281412711e+03 9.482242045238008359e+03 7.101865122928338678e+03 7.042427931887379600e+03 6.397434976595443914e+03 4.565362077234807657e+03 1.672035559839968300e+03 1.681221844835276897e+02 -3.409676382137251949e+01 1.822121041982921724e+03 2.003651688480417988e+03 1.833202594349945969e+02 8.353758020412082033e+02 -1.095615408894025222e+01 -2.027120889709923404e+02 -2.149439101242113566e+02 -5.030186975332848078e+02 -5.214974427477827703e+02 -3.438417694673084384e+02 -3.891040070104862139e+02 -6.327668759012190094e+02 -6.311708465203893184e+02 -8.694929338904397582e+02 -1.246630528594801717e+03 -1.273708723860581586e+03 -9.946144624474947022e+02 -4.901352278853271969e+02 1.398448304954299317e+02 -2.257487513968978305e+02 -2.591493087074335335e+02 6.427716914684877338e+03 3.259547797456702756e+04 4.898752907406720624e+04 5.208553169461260404e+04 3.952524888775455474e+04 2.323688356182683128e+04 1.399454856470113737e+04 1.177774895813053627e+04 1.296173116126014611e+04 1.248934200715133738e+04 1.725401333087805324e+04 2.373633300743269865e+04 2.414142075036262395e+04 1.966454447205006727e+04 1.434764660309230203e+04 9.072649524230273528e+03 4.793332453709767833e+03 3.699206827315065311e+03 5.617751196452101794e+03 8.935196963275448070e+03 1.103883508808075385e+04 1.089096946032965388e+04 9.900317201472986198e+03 9.897645275689328628e+03 1.008042954734108571e+04 9.026753132809868475e+03 7.496555458390928834e+03 6.454328288030308613e+03 7.739301092975555548e+03 1.515765363280900601e+04 2.633010122642254646e+04 3.210194612960161612e+04 2.340267177333877771e+04 1.262443108568683238e+04 7.037536655339563367e+03 6.153508428320252278e+03 3.120515673567599187e-04 9.599371976737138316e-05 -1.620797997748287520e-04 -3.398735289206458103e-04 -3.536546148557549729e-04 -1.982563138605914410e-04 5.037170752852677681e-05 2.719972276588626323e-04 3.601539982155376189e-04 2.730645366858807407e-04 9.707402954473072151e-03 2.974122010004938768e-03 -4.504846090131478520e-03 -9.289813440414806250e-03 -9.434877585199624370e-03 -5.241963131310423130e-03 1.044789879942776157e-03 6.394233566196360664e-03 8.418427720168880288e-03 6.416098933669097185e-03
4.490752148909219250e+04 2.378004066657086150e+04 2.111246595779500785e+04 1.782558853709947289e+04 1.511960603600844843e+04 9.858779232188768219e+03 6.244330600825696820e+03 6.963472334580354072e+03 2.564020860797700152e+03 4.753490854245274022e+03 6.809229234892512977e+03 4.749439257660419571e+03 3.673616136339860532e+02 -8.078843997640608450e+02 3.531771301557286051e+02 2.170945317194972631e+03 1.708622644723882331e+03 5.232182822222023333e+01 8.394798532290442381e+02 9.290050734952836820e+01 -1.046462541778198556e+02 2.711635608770328076e+02 2.225322883360512378e+02 -1.423944095171327717e+01 -3.565622491105137328e+02 -1.976902198690253272e+02 -5.032035406507912967e+02 -2.696789595497793925e+02 -6.288226528313314247e+02 -9.798159851532043376e+02 -5.403716558212039445e+02 -1.506588493421937756e+02 -1.353210615048704426e+02 2.362146568181093471e+02 -1.626920059730264256e+01 -8.761790235665164062e+01 1.173476338874145949e+04 -7.138312337289084098e+03 9.569047994641066907e+03 2.307686186814824759e+04 1.486008250485140525e+04 3.093150992353153924e+03 1.888604232260639492e+03 6.115722488374928616e+03 9.242722995718846505e+03 9.738347647047339706e+03 1.478370588516830503e+04 2.064317996406225211e+04 2.184306845434841671e+04 1.914441001233201314e+04 1.445231821017343464e+04 8.507900587373658709e+03 4.194237204244045643e+03 3.341402905319974707e+03 4.260806789002206642e+03 6.060551972687885609e+03 7.828989204552695810e+03 8.291158933462997084e+03 7.998457525840196467e+03 9.067205478217852942e+03 1.037301578440125741e+04 9.139010272887746396e+03 7.173382242456120366e+03 6.595534746895356875e+03 6.279890863234995777e+03 7.468908285050090853e+03 1.348828246348797984e+04 2.340267177333879226e+04 2.740922410769739872e+04 2.108397403087156999e+04 1.149618428217180008e+04 6.569599096606689272e+03 1.312781384275520536e-04 -5.569863230205020395e-05 -2.155929204153930365e-04 -2.686328261650367585e-04 -1.871521492968277486e-04 -1.109174069664355728e-05 1.707099541184294814e-04 2.654025289970113745e-04 2.239096209937431903e-04 6.641283937536839228e-05 5.584174592168799148e-03 -1.566017752106396970e-03 -7.324143807924178920e-03 -9.065001837900746665e-03 -6.288089070908783364e-03 -6.860854921852231484e-04 4.827108711899083179e-03 7.596050647007917753e-03 6.476159850516376507e-03 2.279631634825873571e-03
1.660438139801208672e+04 2.123145944658954249e+04 1.412647036304458015e+04 1.295313515194758656e+04 1.054171024161303103e+04 5.389405399008633140e+03 4.510379206599485769e+03 4.599402322003317749e+03 1.895174058244392654e+02 3.140254974712911462e+03 6.823510647417484506e+03 5.664021416380886876e+03 3.934607641437114580e+02 -6.010257798860184266e+02 6.105671915002061496e+02 1.872371043931127360e+03 1.499519041453547970e+03 6.454084149962154981e+01 8.983573749677861997e+02 6.066966438820297753e+02 2.024211923455399642e+02 5.760514579892694655e+02 7.662872449550027341e+02 4.264102453642860269e+02 -1.597402715098544945e+02 -5.226869026451214495e+01 -2.059469134792973932e+02 2.848118638316005899e+02 -4.016224345770260697e+02 -6.610835456263564538e+02 -6.474586155803059739e+01 3.989326846217139746e+02 3.693708072377455096e+02 2.716392792499069628e+02 1.510415814458602313e+01 -5.502905788278664545e+01 2.410271683185503935e+04 -1.695291222614073922e+04 -1.213780712122681325e+04 -1.283391891840205972e+03 -2.547016693090496119e+03 -9.925329217734903068e+03 -1.119945042469687360e+04 -5.481312238413553132e+03 9.086906640808147131e+02 1.810598458510791716e+03 3.936838796687115973e+03 9.594452801610128517e+03 1.550709513029350455e+04 1.721467898024075475e+04 1.454429380684834905e+04 8.963280917598534870e+03 4.295938562255766556e+03 2.612920166879550379e+03 2.784876678755507783e+03 4.108636418618438256e+03 5.922182519857411535e+03 6.665034452520420928e+03 6.363997765808908298e+03 6.904802616310053963e+03 8.062297429355296117e+03 7.569565226031370912e+03 6.383337919247704122e+03 6.432562921348948294e+03 7.067079563629209588e+03 6.890044476918814325e+03 7.336799606017084443e+03 1.262443108568680691e+04 2.108397403087158818e+04 2.488093820820232213e+04 1.922662351648676849e+04 1.089012988594081071e+04 -2.782275944662083734e-06 -1.225599507361128059e-04 -1.824938376269880503e-04 -1.490361813209300460e-04 -3.606530326822602364e-05 9.915259998911998037e-05 1.843701551038404141e-04 1.715469009024493891e-04 6.458822731313562573e-05 -8.108364355936946053e-05 1.284303401701374732e-03 -4.996656213456218340e-03 -8.188659096500579271e-03 -6.950789833566196722e-03 -2.275000303256763563e-03 3.196163766538158164e-03 6.622933760071748714e-03 6.412060151301102531e-03 2.931013969975707501e-03 -1.814242200575028356e-03
1.247059620333472958e+04 1.527618234508304704e+04 6.447332803633238655e+03 5.668487416574440431e+03 6.848379890740148767e+03 5.569915324049981791e+03 5.527875199574909857e+03 3.586853453711426482e+03 1.194391007466970223e+03 2.168116110353724252e+03 4.602478993407483358e+03 4.816778199665463944e+03 1.329298711877805090e+03 1.192295057496822892e+03 8.197178800742300382e+02 8.302159093731859230e+02 1.421303156534352411e+03 5.606933124059630700e+02 9.867350038760422422e+02 8.837211896681176313e+02 5.586234403190002240e+02 6.065780109188763163e+02 1.264251070801810329e+03 9.011664734339361758e+02 3.582110901802994931e+02 3.380944844629588033e+02 1.073734632058504417e+02 5.413579104847185590e+02 -2.394770639684359423e+02 -5.055737587641690425e+02 -1.395063544848547394e+02 3.129842302801257574e+02 5.241437367210274942e+02 3.513554862280252564e+02 -5.315306087722359507e+01 -3.058145888226079023e+02 2.848615031796601033e+04 1.225651635045196599e+02 1.712239441922284641e+03 3.105202625421241464e+03 3.111424049809849748e+03 -1.696764172866115132e+03 -8.758206882024285733e+03 -9.079567171783521189e+03 -4.448093979329493777e+03 -4.725159738492370707e+03 -4.274672652219381234e+03 3.637032465173191667e+03 1.271195980466337278e+04 1.452112073209776099e+04 1.121599725560953084e+04 7.001640953280177200e+03 3.682383417443312737e+03 2.130254949393367951e+03 3.019791564267330614e+03 5.205297083505194678e+03 6.946880629317451167e+03 6.824007614146723427e+03 5.734071015436440575e+03 5.277013429465390800e+03 5.682256308980329777e+03 5.906979383422176397e+03 5.843320375308167968e+03 6.141029905782668720e+03 7.087758524741375368e+03 7.554616646280213899e+03 6.916848383309262317e+03 7.037536655339557910e+03 1.149618428217179826e+04 1.922662351648675394e+04 2.283512566047861037e+04 1.811325705229113373e+04 -6.513554686168324863e-05 -1.090081122147889582e-04 -9.865227016579452451e-05 -3.468211596662880089e-05 5.293472918102874129e-05 1.172791745070386342e-04 1.194515930312992709e-04 5.293575932553942396e-05 -4.898917820453659819e-05 -1.298079485178119954e-04 -2.286209853684221388e-03 -6.781506729653369488e-03 -7.265929149825016940e-03 -3.822909413758665553e-03 1.393572643699746106e-03 5.459153013724557524e-03 6.285814215739457360e-03 3.667373931782714168e-03 -7.461651921061301799e-04 -4.456802711416690474e-03
2.440730173182755607e+04 1.377968627544419724e+04 2.548462661426734485e+03 -5.904196666561365419e+02 2.900217576531040777e+03 3.824589347857322537e+03 5.660644574970827307e+03 5.766119035881555646e+03 3.575674219209460716e+03 2.051229444813820010e+03 2.935884885853781725e+03 3.144290190469541358e+03 2.131442494828454528e+03 1.217998453598667993e+03 5.502945455446291589e+01 6.829937395639390729e+00 9.712548579907252133e+02 7.567725385490240342e+02 8.721781728529028896e+02 8.341104651243726948e+02 4.415723539092597889e+02 3.065052158382632115e+02 1.642285298130831052e+03 1.423275410751694835e+03 8.099402135018857507e+02 8.353888116452581016e+02 7.702297434065070547e+01 3.814392978480782403e+01 -3.671558255210438233e+02 -3.811354817843233604e+02 -3.998201993436139219e+02 3.790650609041009034e+00 3.682679677268405385e+02 2.976462575158114419e+02 -5.953421084354874893e+01 -5.363454344808776568e+02 2.056587928276878665e+04 1.135414134868482870e+04 2.105281680773187691e+04 1.871348271319967535e+04 1.381254541953125226e+04 1.143804661163991477e+04 4.373870727513801285e+03 -2.753663932138470045e+02 -3.173293029146611843e+02 -1.646447671439877922e+03 -7.551150652273463493e+01 8.000065015965788007e+03 1.347954395341265990e+04 1.172208798317822766e+04 7.218618355402255474e+03 4.372329782441853240e+03 2.679330644302102883e+03 1.756835841736961356e+03 3.078108930595733909e+03 5.810535423543004072e+03 7.824834301401633638e+03 7.609493640597365811e+03 6.551521215115970335e+03 5.962473049173012441e+03 5.955139915028579708e+03 6.251183567531632434e+03 6.414544046847774553e+03 6.381008474720390950e+03 6.694581014091594625e+03 7.004253183433793311e+03 6.871190684685989254e+03 6.153508428320261373e+03 6.569599096606695639e+03 1.089012988594080525e+04 1.811325705229115556e+04 2.176409842304650374e+04 -5.390125090923546394e-05 -3.998772538116775199e-05 -7.135064477746011015e-06 3.318994480720987536e-05 6.267834026476362945e-05 6.302054344471807600e-05 2.754024778714556261e-05 -2.998257821673550714e-05 -7.869885905151085940e-05 -8.758698273034242658e-05 -4.589436763195736332e-03 -6.909536984816148746e-03 -5.158811834760781458e-03 -6.583422259261468429e-04 3.850264515893461574e-03 5.838179606470207152e-03 4.380325253315503140e-03 5.513082976778656752e-04 -3.320231960903030199e-03 -5.043700491289379757e-03
1.551725951943635717e+00 8.021495779580344321e-01 2.881405590449535592e-01 7.395576641155223591e-03 -1.309281736045886657e-01 -1.734061990013189558e-01 -1.765712183176305627e-01 -1.534455163144940737e-01 -1.144914980723749642e-01 -6.916736996680704352e-02 -2.697549678350754515e-02 4.572409897487917686e-03 2.403514410571818208e-02 3.156808746883565941e-02 3.002535363807814009e-02 2.404987226981341111e-02 1.670921200254961436e-02 9.352663283488325471e-03 2.819919809769320333e-03 -2.619928294024927769e-03 -6.416957705146864553e-03 -8.379105037351765317e-03 -8.523090778573503071e-03 -7.206846183638143145e-03 -4.901880616638976812e-03 -2.468863466732433912e-03 -3.441267638440096820e-04 1.285858851950937498e-03 2.214254183482028317e-03 2.586938755208661664e-03 2.515774002182611865e-03 2.057733909508278110e-03 1.398936926516434250e-03 6.125481590926643667e-04 -1.286975652829999792e-04 -6.877595454941208206e-04 1.707630985439791527e+00 8.506401136463679347e-01 2.654523439159644504e-01 -1.714459266305191562e-02 -1.514062206950514688e-01 -1.787148200899465467e-01 -1.730786021002006236e-01 -1.446107944691112090e-01 -9.972047429685779174e-02 -5.718339620921664840e-02 -2.017438394251185388e-02 8.893001493961796150e-03 2.364054155638877983e-02 2.756572775016220486e-02 2.404912932396838232e-02 1.774045269068205005e-02 1.130976002390485582e-02 5.727463602067711136e-03 1.258424853012981171e-03 -2.054051381440398245e-03 -4.174519002224101778e-03 -4.950960587819597594e-03 -4.582535062238114396e-03 -3.478220680924049100e-03 -2.083343784670037800e-03 -7.839976399416667512e-04 1.140221042672758033e-04 5.728334857383284885e-04 7.327869396592457318e-04 6.594044749718781708e-04 5.032007003903613560e-04 3.120515673567599187e-04 1.312781384275520536e-04 -2.782275944662083734e-06 -6.513554686168324863e-05 -5.390125090923546394e-05 1.008833670372673043e-06 8.575674188772269451e-07 7.387944904775325541e-07 6.341991456696828530e-07 5.515262853149451533e-07 4.618572599917660932e-07 3.928514387819062804e-07 3.232243975870127522e-07 2.786428590782327112e-07 2.100561912121713140e-07 6.277688628096435270e-08 2.682303447461176975e-08 -7.393234490563106409e-08 -1.478663858114669096e-07 -1.728282479521859601e-07 -2.157868794379351016e-07 -2.713611882503044670e-07 -2.458653067312874666e-07 -2.319524004210448115e-07 -1.967883682028618364e-07
1.424775174409341760e+00 6.768954707566371409e-01 1.865596572094683492e-01 -6.498979647753300171e-02 -1.751184200119240142e-01 -1.949689646046058877e-01 -1.792207663228034265e-01 -1.420278724152510552e-01 -9.363490764362392138e-02 -4.404475122411278393e-02 -2.855699157284803842e-03 2.384565187553959811e-02 3.624885943042845116e-02 3.664979705132929283e-02 2.945174407068570574e-02 1.977024289744110791e-02 1.050224361366413131e-02 2.579697474152676910e-03 -3.456365359576547662e-03 -7.595561942756264354e-03 -9.520011378525065557e-03 -9.362217277883250199e-03 -7.593664680701038040e-03 -4.872105029086126575e-03 -1.851045122622253011e-03 5.927176115061978754e-04 2.211446048311463061e-03 3.006653124189316573e-03 3.065887063855438511e-03 2.639361997703144284e-03 1.859196325617992664e-03 9.173780307522534433e-04 5.344493781717713827e-05 -7.013217554739043305e-04 -1.191089157106363502e-03 -1.361194240317761166e-03 1.566462317384300418e+00 7.202578481889925222e-01 1.648571176788724557e-01 -8.793805285814210171e-02 -1.913087475722396735e-01 -1.961328593275293852e-01 -1.735290627229196803e-01 -1.314286383809543379e-01 -7.854632623240646871e-02 -3.366334390989218772e-02 1.562827956286940616e-03 2.537327211206965791e-02 3.345439265721675964e-02 3.122734803935589901e-02 2.307891534074565584e-02 1.415612422593238301e-02 6.701358016379346805e-03 1.081683726908071446e-03 -2.763559007634668139e-03 -5.062289788609116575e-03 -5.866824618069210046e-03 -5.336677151965886663e-03 -3.913780668364966187e-03 -2.201560173657786477e-03 -6.370217195085422493e-04 4.986431834284682724e-04 1.015600318009340398e-03 1.075092947090925581e-03 8.949692416947611180e-04 6.014203730060445341e-04 3.245971862277955366e-04 9.599371976737138316e-05 -5.569863230205020395e-05 -1.225599507361128059e-04 -1.090081122147889582e-04 -3.998772538116775199e-05 8.575674188772269451e-07 9.336297250566471131e-07 7.711784002205687761e-07 6.796992002139001595e-07 5.918884432082043031e-07 5.026496850655187263e-07 4.317995417343043147e-07 3.642656656145389369e-07 3.099342645116564781e-07 2.378363270785068332e-07 1.665569315146205730e-07 1.301618490346894197e-07 6.648090739824199482e-08 1.824014012909324565e-09 -4.353907757455940039e-08 -9.836262658209370579e-08 -1.718288196080262708e-07 -1.702833362450282266e-07 -1.830497505368052851e-07 -1.674576575165549857e-07
1.297056660500127689e+00 5.541374706078225909e-01 9.051887223799152948e-02 -1.296220431741422485e-01 -2.103886800766528176e-01 -2.075705692780960288e-01 -1.737327254238634211e-01 -1.241609390386772815e-01 -6.885493293728860154e-02 -1.798476967998029891e-02 1.936851679434301726e-02 3.917681997613626371e-02 4.354674714745244285e-02 3.693008595734946498e-02 2.501789996025787638e-02 1.295403440525981324e-02 3.131793795330552622e-03 -4.061715026088832947e-03 -8.514951411514986787e-03 -1.053285295914357760e-02 -1.017059842662440539e-02 -7.940023816121884528e-03 -4.722586355197950017e-03 -1.349032539906110280e-03 1.498072542048082016e-03 3.190408913728995290e-03 3.769878374530375408e-03 3.455664467541001792e-03 2.629843550945118718e-03 1.582681792088052328e-03 4.364308974978169174e-04 -5.518853284278918761e-04 -1.198712814779117220e-03 -1.534376908751351786e-03 -1.509426076606848162e-03 -1.196257866376453051e-03 1.424476196108086956e+00 5.925846313212416172e-01 7.012651513871762110e-02 -1.508375979832159153e-01 -2.223782728661529706e-01 -2.049344807968463134e-01 -1.662804252559165197e-01 -1.123389907669978816e-01 -5.413706575092575024e-02 -9.572632295070420544e-03 2.146482548806355473e-02 3.820314264114622188e-02 3.898245169135180349e-02 3.090882922400467123e-02 1.911531457665374689e-02 8.740100727938696079e-03 1.332582981585326599e-03 -3.427046133463635107e-03 -5.965387171178777696e-03 -6.792517608832421630e-03 -6.101383005324626310e-03 -4.378730877505264581e-03 -2.248685587394407253e-03 -3.803924938636411845e-04 9.111764727467724792e-04 1.540236297077517049e-03 1.510644119939377229e-03 1.150380741170085918e-03 6.941028680310821694e-04 2.917510990952592123e-04 5.608539163124481274e-06 -1.620797997748287520e-04 -2.155929204153930365e-04 -1.824938376269880503e-04 -9.865227016579452451e-05 -7.135064477746011015e-06 7.387944904775325541e-07 7.711784002205687761e-07 8.433077743094174008e-07 7.117222941490417798e-07 6.257227401034635994e-07 5.355634963739861579e-07 4.564086838462611769e-07 3.972677379431742636e-07 3.398697277202281456e-07 2.582301615694842902e-07 1.669593591549178907e-07 1.700409604109280231e-07 1.081510057662788031e-07 9.150768222804764565e-08 3.652573712897268871e-08 -2.216877295701962121e-08 -1.047940445169425064e-07 -1.095518559250536060e-07 -1.228522470050264422e-07 -1.109132855767614992e-07
1.169267698959083779e+00 4.347605964793713751e-01 8.460346623184618591e-04 -1.859324684068848488e-01 -2.365977030569270112e-01 -2.115751146773152125e-01 -1.610282075971457838e-01 -1.012673094631942189e-01 -4.191593676020478887e-02 7.171289797194392059e-03 3.812088656605865794e-02 4.953702844194516480e-02 4.561519324783253060e-02 3.279433073282748967e-02 1.763109927140914940e-02 4.799866753125724833e-03 -4.131316923709885819e-03 -9.422630182526909801e-03 -1.149474706944860619e-02 -1.099415029659161873e-02 -8.430668385202868403e-03 -4.665890205432954296e-03 -8.319156893195640140e-04 2.264343803576918807e-03 4.103004851943533454e-03 4.520040064278896784e-03 3.876056904318890724e-03 2.574572618130586011e-03 1.186052636256567120e-03 -5.112880710029508075e-05 -1.062251316775447620e-03 -1.639269394082365971e-03 -1.753413363435190470e-03 -1.499019507119891091e-03 -9.754023887132981996e-04 -3.593702461099498803e-04 1.282370183288816801e+00 4.684958855788000642e-01 -1.792321419232894772e-02 -2.052810112334416959e-01 -2.444954772809396215e-01 -2.054871849784536408e-01 -1.522029912212984060e-01 -8.870992996345331005e-02 -2.815560759768128557e-02 1.341475371108883687e-02 3.812110181921976593e-02 4.650975722826324044e-02 3.998604138887813103e-02 2.694344105326778802e-02 1.289110866454111839e-02 2.405391354127714345e-03 -3.887508923952468377e-03 -7.020249825360739930e-03 -7.792385986266267203e-03 -6.973182045786135812e-03 -4.924264298156652390e-03 -2.400466856186926450e-03 -9.093056957681848831e-05 1.435591433551889218e-03 2.085385377786624830e-03 2.016036255652226515e-03 1.449048935482744743e-03 7.918922376621270525e-04 2.250274063418803761e-04 -1.303509927409082748e-04 -3.080827376649433388e-04 -3.398735289206458103e-04 -2.686328261650367585e-04 -1.490361813209300460e-04 -3.468211596662880089e-05 3.318994480720987536e-05 6.341991456696828530e-07 6.796992002139001595e-07 7.117222941490417798e-07 7.733831416860249205e-07 6.617822542878020601e-07 5.757162794055032837e-07 4.974783207490275549e-07 4.328699611380409612e-07 3.879476754443071750e-07 3.005036997100253105e-07 1.519613320433775961e-07 1.610207616589148206e-07 1.322263032038799797e-07 1.255390510827576300e-07 9.775917164514247918e-08 3.729939186338205054e-08 -3.458846073517895718e-08 -5.008015318088194192e-08 -7.268409845170454131e-08 -6.875402641238850859e-08
1.042094743862209683e+00 3.195979419850720205e-01 -8.173565889122429151e-02 -2.335120764175117880e-01 -2.538075957598996402e-01 -2.075633133305924694e-01 -1.422190325386893939e-01 -7.488188153400647529e-02 -1.455686332076922343e-02 2.978989426330888590e-02 5.221552836597748853e-02 5.441238181506343613e-02 4.268296353563051648e-02 2.509012044055284815e-02 8.495253250332956974e-03 -3.404544393026446257e-03 -1.013703940989160203e-02 -1.266699158528894996e-02 -1.199355416578499513e-02 -9.082720314820498519e-03 -4.886903244626639858e-03 -4.916486656499207287e-04 2.970035997945321641e-03 4.938088873453692386e-03 5.233984929123535607e-03 4.254087151132866784e-03 2.612761378328450502e-03 7.989956574931486198e-04 -6.148289675922211789e-04 -1.534635370402468585e-03 -1.969389388829188674e-03 -1.868698338245818090e-03 -1.395678953839201222e-03 -6.848331210130180003e-04 5.092413201222565689e-05 6.173186223561284930e-04 1.140837048662538766e+00 3.488236052519712582e-01 -9.857171984033148704e-02 -2.508556799552859595e-01 -2.577353929436017044e-01 -1.983669649742104135e-01 -1.323545999022461006e-01 -6.202126697419707568e-02 -2.237039394657239309e-03 3.381130369423469145e-02 5.046090654801754088e-02 4.987011913181227385e-02 3.668691877697961151e-02 2.004658613917338628e-02 5.372463478266860208e-03 -3.866744171069687579e-03 -8.132528498274846709e-03 -9.126294300284998329e-03 -7.982830614217150886e-03 -5.666345163483510299e-03 -2.691917751106820238e-03 4.991124803436630398e-05 1.959424896418918670e-03 2.732061077460247889e-03 2.550815592622190150e-03 1.802402660087867436e-03 8.811913867261168690e-04 1.535514832819767281e-04 -3.151318070453789462e-04 -4.826434051021139568e-04 -4.757681378430440020e-04 -3.536546148557549729e-04 -1.871521492968277486e-04 -3.606530326822602364e-05 5.293472918102874129e-05 6.267834026476362945e-05 5.515262853149451533e-07 5.918884432082043031e-07 6.257227401034635994e-07 6.617822542878020601e-07 7.424199170418270330e-07 6.302816736734728627e-07 5.499757865167352739e-07 4.804184115132080145e-07 4.253250061996434427e-07 3.415930717325660262e-07 1.688410238015269230e-07 1.953553547566449812e-07 1.856644723181126787e-07 1.867975094274913298e-07 1.868092608351738563e-07 1.285733070505190546e-07 6.156482621998174866e-08 3.692215362266695306e-08 -1.063761781800317372e-08 -2.608738667348669725e-08
9.162104601380005597e-01 2.094251716515233286e-01 -1.566134145652311460e-01 -2.721131477728849779e-01 -2.622746843207230394e-01 -1.963064937548179012e-01 -1.185592003271676992e-01 -4.658033933514430652e-02 1.159591804215758144e-02 4.853065029964716975e-02 6.091395355307260145e-02 5.380828560383601328e-02 3.545800164573306712e-02 1.499929534210384975e-02 -1.060257754439077613e-03 -1.046669859793257842e-02 -1.402252058026163574e-02 -1.338831553171579078e-02 -1.010666060092007407e-02 -5.379715157710080430e-03 -4.806789960064810751e-04 3.490812602765123226e-03 5.688664873354436907e-03 5.990126145726128344e-03 4.666052082596258352e-03 2.607871838686610065e-03 5.293230340587857944e-04 -1.139725915051888715e-03 -2.032991444085688847e-03 -2.258784079656768820e-03 -1.928597401070810020e-03 -1.198773609098283295e-03 -3.720896503043511481e-04 4.261225466302355123e-04 9.728068553870850531e-04 1.165927522989009500e-03 1.000564061799974480e+00 2.343515249916658105e-01 -1.712015601572145218e-01 -2.873032515586610436e-01 -2.623627468106944360e-01 -1.843381716090610467e-01 -1.079398432528459600e-01 -3.379954439387677229e-02 2.209211301249457485e-02 5.039476742948850729e-02 5.780863177102555511e-02 4.831867372828486940e-02 2.971793194742284802e-02 1.121512176295586319e-02 -2.373653156397932673e-03 -9.165866319023467310e-03 -1.078016016860241892e-02 -9.464756098001370424e-03 -6.599605359473830618e-03 -3.236189670026410215e-03 2.454967857169763673e-05 2.342104383792788583e-03 3.365096250307714372e-03 3.169569967259203407e-03 2.204779861402975452e-03 1.005181278147106866e-03 3.042336030162796296e-05 -5.138498484677370744e-04 -7.083742172707251789e-04 -6.177746621634382009e-04 -4.247164434866125635e-04 -1.982563138605914410e-04 -1.109174069664355728e-05 9.915259998911998037e-05 1.172791745070386342e-04 6.302054344471807600e-05 4.618572599917660932e-07 5.026496850655187263e-07 5.355634963739861579e-07 5.757162794055032837e-07 6.302816736734728627e-07 6.829167738135027480e-07 5.778525459740986064e-07 5.100727036733762364e-07 4.597421236204313426e-07 3.827030916969935494e-07 1.499193219084013118e-07 1.697205678475501725e-07 1.746627038965385968e-07 1.920011355584171244e-07 2.148996594456050075e-07 1.581067407508843687e-07 1.102654986986887403e-07 1.054482395631188580e-07 5.311544364731112977e-08 2.475505922628844308e-08
7.922633504217757583e-01 1.049483592695860390e-01 -2.232954674889067459e-01 -3.016535315611195145e-01 -2.624410193157750149e-01 -1.787403346627058909e-01 -9.139715283750179942e-02 -1.791273051647955875e-02 3.510223468895903171e-02 6.240588823356765791e-02 6.394346359100482047e-02 4.820724477092756810e-02 2.501949766533038966e-02 3.879075367620241164e-03 -9.758695401720104620e-03 -1.545115243745637766e-02 -1.532673004086714842e-02 -1.164976880364785791e-02 -6.375052078870704214e-03 -7.935206289585613722e-04 3.723349558352640094e-03 6.318364663278819814e-03 6.687932525224557154e-03 5.245690120841480820e-03 2.703628611828124643e-03 2.251489889208010899e-04 -1.585511416721073616e-03 -2.507633420502205970e-03 -2.536571370380499759e-03 -1.977088794341223983e-03 -1.028505433642091507e-03 -1.047766920381874782e-05 7.628929478539309096e-04 1.234884850344054831e-03 1.294962899823174718e-03 1.004842062560329461e-03 8.622282833235052069e-01 1.258067116706052813e-01 -2.353071966102153745e-01 -3.145241200756743183e-01 -2.588244226097500267e-01 -1.643286830758568517e-01 -8.026452651224479096e-02 -5.551588899176861103e-03 4.348797492798572861e-02 6.226965065923114467e-02 5.991071462804389847e-02 4.231848194410761654e-02 2.003842864324549208e-02 1.602050995113369789e-03 -9.317579680261967728e-03 -1.277519759822749214e-02 -1.149720086792055222e-02 -8.078572194806751469e-03 -4.001280762687418717e-03 -2.588919324226321862e-04 2.577101561736335443e-03 3.919024280407833356e-03 3.787235434081740078e-03 2.668827043940251095e-03 1.195492849947368168e-03 -8.537772407197202339e-05 -7.915617130721943695e-04 -9.588895661387875297e-04 -8.024431906314358903e-04 -4.844307858455023817e-04 -1.819407612404457160e-04 5.037170752852677681e-05 1.707099541184294814e-04 1.843701551038404141e-04 1.194515930312992709e-04 2.754024778714556261e-05 3.928514387819062804e-07 4.317995417343043147e-07 4.564086838462611769e-07 4.974783207490275549e-07 5.499757865167352739e-07 5.778525459740986064e-07 6.324564262641803572e-07 5.374686643150409665e-07 4.879583184800882389e-07 4.210307781845797242e-07 1.335555058768433580e-07 1.527017029881382774e-07 1.525504653530868939e-07 1.837376630280085960e-07 2.134673839555125110e-07 1.645141403982867419e-07 1.510129078802845595e-07 1.510919400018666568e-07 9.607070005414299197e-08 6.554242058058869543e-08
6.708664396913460726e-01 6.792482674319798644e-03 -2.814185149834615429e-01 -3.222149917625297122e-01 -2.549179066533767690e-01 -1.559303814089627038e-01 -6.212215094526985643e-02 9.662998829928125255e-03 5.477204672633721044e-02 7.081841678583138122e-02 6.148360204554630809e-02 3.849207817449321056e-02 1.268398246063175312e-02 -6.902637244990459005e-03 -1.653269828943298644e-02 -1.779199938203358811e-02 -1.403302535447400502e-02 -7.939715362166713253e-03 -1.652532984135564017e-03 3.648639779131582130e-03 6.781503366575911476e-03 7.377553008393064257e-03 5.827334601597648420e-03 3.046862867912635865e-03 4.793492617722728384e-05 -2.062224232357184363e-03 -2.993207022418531340e-03 -2.838302973099559711e-03 -1.994129564624147217e-03 -8.811517340031191836e-04 2.685661599989508049e-04 1.100253728534400380e-03 1.439812506789475569e-03 1.341601266988916644e-03 8.831657877527730521e-04 2.763188316546443001e-04 7.264858291392999323e-01 2.384703386700274749e-02 -2.905050797985592737e-01 -3.325798241936963606e-01 -2.477368248725050626e-01 -1.393988043252749054e-01 -5.068508974119968757e-02 2.130173328313965733e-02 6.085336060907668709e-02 6.890759550511521558e-02 5.693184734821761517e-02 3.269806209040735517e-02 8.822200525604990615e-03 -7.620165912244620914e-03 -1.459415399160033690e-02 -1.426211066287913151e-02 -1.027629558898446489e-02 -5.309823961283974270e-03 -7.592711839893202547e-04 2.606794965650726867e-03 4.389715657093530392e-03 4.428153701894908291e-03 3.164373469477925558e-03 1.420698500260311877e-03 -1.340575148628529072e-04 -1.096287118680264227e-03 -1.295959321902086106e-03 -1.022280508297557450e-03 -5.687799020332290865e-04 -1.463896495343910867e-04 1.395527925200745582e-04 2.719972276588626323e-04 2.654025289970113745e-04 1.715469009024493891e-04 5.293575932553942396e-05 -2.998257821673550714e-05 3.232243975870127522e-07 3.642656656145389369e-07 3.972677379431742636e-07 4.328699611380409612e-07 4.804184115132080145e-07 5.100727036733762364e-07 5.374686643150409665e-07 6.003767440934956302e-07 5.258837615753572731e-07 4.548739049594911524e-07 1.286277639648512260e-07 1.446366868064657593e-07 1.270312766511426449e-07 1.559375514273089468e-07 1.742896683130137144e-07 1.521523326913274977e-07 1.593694095411550602e-07 1.633085542617756847e-07 1.268917938429539137e-07 1.013768272795125110e-07
5.525984294289326693e-01 -8.449767573167114854e-02 -3.307437375632855669e-01 -3.340310598519420915e-01 -2.404602028662393143e-01 -1.290305594725143501e-01 -3.210792708439683812e-02 3.484332846828754049e-02 6.971590819881778867e-02 7.357619644879494214e-02 5.412447237245426174e-02 2.584501163069515689e-02 -1.375202666730320161e-04 -1.611672150426990066e-02 -2.063924922071470186e-02 -1.734166494245506160e-02 -1.053621658413592642e-02 -3.054419033927458123e-03 3.079542039441679740e-03 7.022128763835669071e-03 8.074964084636447603e-03 6.529751851543720391e-03 3.464885331216182966e-03 1.217302625984917949e-04 -2.440473523174362634e-03 -3.513420981933775781e-03 -3.253172479922925540e-03 -2.082258022081413112e-03 -6.945217701961901640e-04 5.123940304373861190e-04 1.358448665224325658e-03 1.616629295796697318e-03 1.355452914626429761e-03 7.388455559933617203e-04 1.270443480089148259e-05 -5.632372098722381471e-04 5.939680550668525738e-01 -7.094481742602952445e-02 -3.365378812927402596e-01 -3.416897854365785747e-01 -2.298679882965679599e-01 -1.107062602895216158e-01 -2.055741442770077365e-02 4.548556778237816678e-02 7.338578478606443134e-02 7.016259799606396064e-02 4.942050968470005495e-02 2.056004769987412883e-02 -2.670069050111260368e-03 -1.539187140774833477e-02 -1.760321841309073557e-02 -1.352458442334660525e-02 -7.420337288489085859e-03 -1.725385493253279220e-03 2.461268706044078634e-03 4.760052680181900246e-03 5.084595969176477701e-03 3.797699225972031752e-03 1.715602993848054517e-03 -1.798929454964926411e-04 -1.358599843877203190e-03 -1.696466611945669258e-03 -1.316522507456133412e-03 -6.930050503967126376e-04 -1.103919674213028234e-04 2.471621221727802369e-04 3.929243027054739757e-04 3.601539982155376189e-04 2.239096209937431903e-04 6.458822731313562573e-05 -4.898917820453659819e-05 -7.869885905151085940e-05 2.786428590782327112e-07 3.099342645116564781e-07 3.398697277202281456e-07 3.879476754443071750e-07 4.253250061996434427e-07 4.597421236204313426e-07 4.879583184800882389e-07 5.258837615753572731e-07 5.960844595831604293e-07 4.941288435886439354e-07 8.592543606487131875e-08 1.086790876669462926e-07 8.400989929392503853e-08 1.278418917412483417e-07 1.421726060319870731e-07 1.485012589728421656e-07 1.699862410488651967e-07 1.809194907838563176e-07 1.549302759595951192e-07 1.327242650272565669e-07
4.380014226450741344e-01 -1.684592093730620244e-01 -3.711539182111703861e-01 -3.374746328864830502e-01 -2.199398335779221281e-01 -9.924222545675634444e-02 -2.660753424635341723e-03 5.653040579122325937e-02 7.937577979481921786e-02 7.087979880497691232e-02 4.279649415583424571e-02 1.162680752194725914e-02 -1.208328991842234738e-02 -2.279830519194840643e-02 -2.172800955668196740e-02 -1.435984390078804372e-02 -5.550094840051153847e-03 2.062042001893021805e-03 6.907233370998582152e-03 8.689130043678291657e-03 7.426827201710392741e-03 4.112946586097523081e-03 3.301917124276503176e-04 -2.645470652464391136e-03 -4.010777067836080595e-03 -3.709740738054357213e-03 -2.352047984668068342e-03 -5.944595253139751349e-04 7.968849696237262359e-04 1.599754388877743915e-03 1.771417388418351909e-03 1.336569562982208937e-03 6.034302943555828374e-04 -2.111701869342197846e-04 -8.086250807531891738e-04 -1.024012335001766704e-03 4.652752551113912283e-01 -1.580684021810601914e-01 -3.732776540264542420e-01 -3.422249704736887166e-01 -2.061154390870929554e-01 -7.946780958306007281e-02 8.814187807602345479e-03 6.592359499344686846e-02 8.060824747014648517e-02 6.626141739048004020e-02 3.824747134515718572e-02 7.170118308439637177e-03 -1.322144228252111579e-02 -2.088025093762009565e-02 -1.807249539367950311e-02 -1.078923985929235337e-02 -3.479277006615892100e-03 1.992648528373535104e-03 5.032778005622551808e-03 5.780057794318430378e-03 4.557998955138342287e-03 2.240813731102616300e-03 -1.304410875515033940e-04 -1.655368141492761245e-03 -2.104064477770034147e-03 -1.703743113668126094e-03 -8.638211428477663529e-04 -1.082322322325848774e-04 3.822208457324671412e-04 5.264763720949196604e-04 4.639670543359799139e-04 2.730645366858807407e-04 6.641283937536839228e-05 -8.108364355936946053e-05 -1.298079485178119954e-04 -8.758698273034242658e-05 2.100561912121713140e-07 2.378363270785068332e-07 2.582301615694842902e-07 3.005036997100253105e-07 3.415930717325660262e-07 3.827030916969935494e-07 4.210307781845797242e-07 4.548739049594911524e-07 4.941288435886439354e-07 5.334995255599874875e-07 5.846805335316226596e-08 8.519739795783037835e-08 7.133191849850308293e-08 1.137368762164865813e-07 1.420593140744527825e-07 1.508022310475447205e-07 1.959327089399562049e-07 2.324095068211702348e-07 2.106949903085993136e-07 2.008996650930130665e-07
6.245991112981811623e-03 -6.633478956873288535e-02 -9.327017648109281467e-02 -5.416848605168551878e-02 -4.673742522376082842e-02 -3.313025598020371415e-02 -2.414625715206154474e-02 -9.300740653054646867e-03 1.078751347388908627e-03 7.624548190542203632e-03 9.715130727632957999e-03 1.029135425854055264e-02 7.222449551070937723e-03 2.833153629405822747e-03 -3.669007211433873293e-04 -1.624739910951259131e-03 -9.821061883245531688e-04 -7.569384220999992360e-04 -9.554999497162047209e-04 -8.848261169026164002e-04 -9.329678238017964599e-04 -4.756949214492763945e-04 1.036721526585127428e-05 3.185490196171835852e-04 4.955225703791307302e-04 3.807536799096169480e-04 1.186965391402767107e-04 -3.120604834698416391e-05 -1.849388146588062042e-04 -2.884605239122498867e-04 -4.562599186000310938e-04 -4.063374811185795424e-04 -2.640692284342466387e-04 -1.099710119795673299e-04 6.087508023847957293e-05 2.274836879088942669e-04 -4.426411258249986602e+00 -4.598191195648969831e+00 -3.965024003492583216e+00 -3.382442497874788678e+00 -2.612873350360383373e+00 -1.937953651065753347e+00 -1.408412793699099108e+00 -9.182038089267906544e-01 -4.732575812538502014e-01 -1.455421277281724324e-01 9.079186032079195057e-02 2.425354363232553878e-01 2.902987645124476823e-01 2.732490853899453009e-01 2.141797104756704428e-01 1.431292265611435743e-01 8.016859193889806778e-02 2.915319183171510495e-02 -1.007152691865119062e-02 -3.775427052222159879e-02 -5.380374777159701444e-02 -5.756817675396674189e-02 -5.114340072144618610e-02 -3.847375112869712288e-02 -2.285268137077320003e-02 -7.397946790328457055e-03 4.136050332858419269e-03 1.121115230209535768e-02 1.466364933151512867e-02 1.472150610710647872e-02 1.300871060922898295e-02 9.707402954473072151e-03 5.584174592168799148e-03 1.284303401701374732e-03 -2.286209853684221388e-03 -4.589436763195736332e-03 6.277688628096435270e-08 1.665569315146205730e-07 1.669593591549178907e-07 1.519613320433775961e-07 1.688410238015269230e-07 1.499193219084013118e-07 1.335555058768433580e-07 1.286277639648512260e-07 8.592543606487131875e-08 5.846805335316226596e-08 4.563432230703993253e-06 3.855668157237441751e-06 3.473313846625059804e-06 3.005770047528853451e-06 2.589042372392117468e-06 2.296547563980616192e-06 1.972219554663343196e-06 1.708098338716057627e-06 1.397967075660772408e-06 1.183554454751791230e-06
7.343154460289659860e-03 -6.670851591174911666e-02 -9.208456337454185014e-02 -4.983471996068869481e-02 -4.027851456071082636e-02 -2.602309876043097311e-02 -1.638948619855531974e-02 -2.871687508683317628e-03 5.945382303707895562e-03 1.100951636563409462e-02 1.203835232665864501e-02 1.107346994181515609e-02 6.737191169339226682e-03 1.861361523941330171e-03 -1.029280862251623872e-03 -1.881626122195636380e-03 -1.365450297306056767e-03 -1.170767303448262252e-03 -1.172105700798509826e-03 -7.551660989940712273e-04 -7.535612738271290799e-04 -2.293564534591806096e-04 2.044177252239808083e-04 3.705834819376419335e-04 2.841363810928964348e-04 2.000587613936796055e-05 -2.096263619987934917e-04 -2.332286454054020657e-04 -3.061152240847123530e-04 -3.133933277938203256e-04 -3.319024608176454573e-04 -1.745723082519867427e-04 9.851650094991410579e-08 1.711550033467217817e-04 3.089627726474193257e-04 3.888398666209211653e-04 -4.736955354941051688e+00 -4.847729354207408470e+00 -4.100355960899285890e+00 -3.418734115326314438e+00 -2.552703768450363953e+00 -1.812099208407717876e+00 -1.235432278619238877e+00 -7.152849365813191973e-01 -2.705538344267325312e-01 3.418966975967635546e-02 2.317877164355033881e-01 3.314647575184743178e-01 3.285734354095704579e-01 2.702646129777596107e-01 1.827260075911437132e-01 9.797159508009330164e-02 3.252133290596433829e-02 -1.430804483901182943e-02 -4.483925387724022049e-02 -6.102578594089068387e-02 -6.378260709612686152e-02 -5.505511043187363146e-02 -3.882919558418598122e-02 -2.051855808357385541e-02 -3.404284986985634757e-03 9.793281833023810556e-03 1.680667081498416621e-02 1.859762345733942390e-02 1.675602570091710639e-02 1.266365622253196217e-02 8.020580327184105573e-03 2.974122010004938768e-03 -1.566017752106396970e-03 -4.996656213456218340e-03 -6.781506729653369488e-03 -6.909536984816148746e-03 2.682303447461176975e-08 1.301618490346894197e-07 1.700409604109280231e-07 1.610207616589148206e-07 1.953553547566449812e-07 1.697205678475501725e-07 1.527017029881382774e-07 1.446366868064657593e-07 1.086790876669462926e-07 8.519739795783037835e-08 3.855668157237441751e-06 4.324462045354292831e-06 3.741092049713538350e-06 3.316583787090604457e-06 2.854931590875829109e-06 2.564696017943624390e-06 2.262392776771849650e-06 1.969157802121391845e-06 1.618154301558573924e-06 1.392176183599407829e-06
8.922157620752074747e-03 -6.592302728171629822e-02 -8.934519051403991274e-02 -4.426307206108408970e-02 -3.270577521421071110e-02 -1.820102024010622141e-02 -8.315479592758847835e-03 3.368183750449468480e-03 1.020772442551544715e-02 1.345798180489776556e-02 1.323725183809957955e-02 1.079221993313535591e-02 5.574803062620412898e-03 6.961702984853495799e-04 -1.563643590406783770e-03 -1.894517039013207888e-03 -1.514424529411792942e-03 -1.338238699549506921e-03 -1.139182733704536014e-03 -4.675163183993717698e-04 -4.145270831863587181e-04 5.435523586123022912e-05 3.327780613973383220e-04 3.175970873038611638e-04 3.122381317089405860e-06 -3.219473845822020753e-04 -4.474580397051393203e-04 -3.405644962492951431e-04 -3.033293909451431430e-04 -2.097033892985102792e-04 -7.562604545726305948e-05 1.170978929595652661e-04 2.415889703334077180e-04 3.411720272444321799e-04 3.702268243871641943e-04 3.169841509292803850e-04 -5.039464260183803113e+00 -5.075593487464337805e+00 -4.204327419794850584e+00 -3.418227612829255690e+00 -2.456124544305945179e+00 -1.655498106279348569e+00 -1.040152192803787567e+00 -5.024884043983686155e-01 -7.303914224890131757e-02 1.954920787820312311e-01 3.439230198223727220e-01 3.856651256819615958e-01 3.330617990195692824e-01 2.392018923404093667e-01 1.324053049975477403e-01 4.375990795332875688e-02 -1.568911462731002737e-02 -5.150952905287035921e-02 -6.837028398990757649e-02 -7.012780577032577678e-02 -5.909462456372390621e-02 -3.987015166629415130e-02 -1.778690596092079648e-02 1.406185871812939015e-03 1.527123160246536548e-02 2.235510348545333495e-02 2.268755588752806654e-02 1.865534631486551534e-02 1.225704372362275071e-02 5.654786409618586633e-03 3.513145116486655379e-05 -4.504846090131478520e-03 -7.324143807924178920e-03 -8.188659096500579271e-03 -7.265929149825016940e-03 -5.158811834760781458e-03 -7.393234490563106409e-08 6.648090739824199482e-08 1.081510057662788031e-07 1.322263032038799797e-07 1.856644723181126787e-07 1.746627038965385968e-07 1.525504653530868939e-07 1.270312766511426449e-07 8.400989929392503853e-08 7.133191849850308293e-08 3.473313846625059804e-06 3.741092049713538350e-06 4.244566153616839380e-06 3.676375869353665576e-06 3.190056773171262398e-06 2.883221892192008380e-06 2.576118508559045560e-06 2.222728101582891327e-06 1.868395604614110868e-06 1.547555556600700885e-06
1.104522540615746062e-02 -6.389430255481166887e-02 -8.502080214890858634e-02 -3.752563706613957356e-02 -2.418620904701393806e-02 -9.896928634434526764e-03 -2.166259735784212986e-04 9.154614339675756426e-03 1.366387857076149619e-02 1.485267086036895674e-02 1.328590294957475784e-02 9.537786090197538161e-03 3.895408547080517984e-03 -5.135319593089431684e-04 -1.895311688617746810e-03 -1.654687964566294196e-03 -1.402397932941526221e-03 -1.237745859389722310e-03 -8.753131752926793111e-04 -8.692824468823518726e-05 -1.058646139746909090e-06 3.049629386928364989e-04 3.649171088788118124e-04 1.782159479439731958e-04 -2.635296653196532966e-04 -5.418894187480103762e-04 -5.216420371883001865e-04 -3.186860543513196599e-04 -1.828546043814278336e-04 -2.530585076122514288e-05 1.963695665721296288e-04 3.349988064243636810e-04 3.492790277970281082e-04 3.249812204665477526e-04 2.285327003860657808e-04 7.215848742256176737e-05 -5.331542838161660747e+00 -5.279052141166709511e+00 -4.274951644261810735e+00 -3.380355027733175532e+00 -2.324769060898165929e+00 -1.472009109522182335e+00 -8.285850440457247501e-01 -2.876528526581637046e-01 1.109428150664631962e-01 3.310010565978263042e-01 4.221579677528187746e-01 4.036974304331364394e-01 3.060519687598370342e-01 1.854688349475305531e-01 7.057392678683005460e-02 -1.168565985426675731e-02 -5.738189348689493735e-02 -7.695159034728019098e-02 -7.740255424363136350e-02 -6.446185586927266620e-02 -4.195771299411586719e-02 -1.658001568397178896e-02 5.987567289273256453e-03 2.106553800270543481e-02 2.783997020532295516e-02 2.677945753359666642e-02 2.040134470749171980e-02 1.199267769142000478e-02 3.434604404991130865e-03 -3.054300240814134069e-03 -7.285617654160372013e-03 -9.289813440414806250e-03 -9.065001837900746665e-03 -6.950789833566196722e-03 -3.822909413758665553e-03 -6.583422259261468429e-04 -1.478663858114669096e-07 1.824014012909324565e-09 9.150768222804764565e-08 1.255390510827576300e-07 1.867975094274913298e-07 1.920011355584171244e-07 1.837376630280085960e-07 1.559375514273089468e-07 1.278418917412483417e-07 1.137368762164865813e-07 3.005770047528853451e-06 3.316583787090604457e-06 3.676375869353665576e-06 4.141916683692181513e-06 3.482857232094284943e-06 3.181523844636770615e-06 2.826373805798361066e-06 2.471235739675804701e-06 2.044636934803225904e-06 1.734539321632369485e-06
1.376389954859912404e-02 -6.055976014667947827e-02 -7.911285909888313150e-02 -2.972681274854501593e-02 -1.491875408219770979e-02 -1.364230109844532688e-03 7.611494653761122393e-03 1.424383626117450320e-02 1.615618476091972705e-02 1.514321096855104042e-02 1.224024090607864212e-02 7.474810001399274928e-03 1.898534181376696764e-03 -1.621705657164421383e-03 -1.978229153828634044e-03 -1.190041295238610441e-03 -1.048230977197905965e-03 -8.986392820986407928e-04 -4.444676278582430830e-04 3.022677622541184925e-04 3.875538333194959348e-04 4.614014039236300673e-04 2.940657525871182053e-04 -8.381422600999719689e-06 -4.414255663898097913e-04 -5.805649632123941698e-04 -4.170589759570898195e-04 -1.810034314732147974e-04 4.094035156189610174e-06 1.611940025229346898e-04 3.676461346190172241e-04 3.862122497386785572e-04 2.815992173542798097e-04 1.443941241205812991e-04 -2.579932161250802632e-05 -1.956430615394436903e-04 -5.610891282657884283e+00 -5.455662770385205640e+00 -4.310752427337667392e+00 -3.305273523156170956e+00 -2.161119868216141438e+00 -1.266276782208359153e+00 -6.072774547969957970e-01 -7.860766726412296568e-02 2.738744549233614323e-01 4.350096115274681985e-01 4.638289634450372678e-01 3.868923505485544201e-01 2.524108124880962700e-01 1.163708912639809939e-01 5.391435088748545816e-03 -6.093087815396118490e-02 -8.691756495752026024e-02 -8.740877327491809734e-02 -7.146433749377857636e-02 -4.632311497514029347e-02 -1.704783699010616743e-02 8.738870907866643986e-03 2.628378613282966736e-02 3.331874420975237255e-02 3.114904018242143496e-02 2.235428926537794125e-02 1.138658639129972241e-02 1.544419958466817415e-03 -5.995017999099444723e-03 -9.798736933009850533e-03 -1.086065320944480661e-02 -9.434877585199624370e-03 -6.288089070908783364e-03 -2.275000303256763563e-03 1.393572643699746106e-03 3.850264515893461574e-03 -1.728282479521859601e-07 -4.353907757455940039e-08 3.652573712897268871e-08 9.775917164514247918e-08 1.868092608351738563e-07 2.148996594456050075e-07 2.134673839555125110e-07 1.742896683130137144e-07 1.421726060319870731e-07 1.420593140744527825e-07 2.589042372392117468e-06 2.854931590875829109e-06 3.190056773171262398e-06 3.482857232094284943e-06 3.827389607702928158e-06 3.379916707392441130e-06 3.058825809127658630e-06 2.693105473906271833e-06 2.293797407601472143e-06 1.961643195105347689e-06
1.712008197618774402e-02 -5.587857225765917313e-02 -7.165565652360098015e-02 -2.100169858420703611e-02 -5.130032896538010145e-03 7.130120829576497982e-03 1.488011935426694805e-02 1.842193735600175519e-02 1.757757534782461092e-02 1.434688804363785930e-02 1.023091401825938253e-02 4.825636052875728436e-03 -1.977901681716181940e-04 -2.501618501403647058e-03 -1.800824647279138839e-03 -5.617012458122006262e-04 -5.124709976017659567e-04 -3.941009447081247549e-04 5.787776530194911341e-05 6.139877516994881115e-04 6.599397817542734150e-04 4.858831078348047213e-04 1.384984582243393059e-04 -1.930501310411630313e-04 -4.860458696427952209e-04 -4.383140116853455944e-04 -1.791291605872899516e-04 1.719761051879204074e-05 1.820239998250837161e-04 2.728608429329903214e-04 3.699206923344602513e-04 2.567826463214867229e-04 8.094116873763327800e-05 -9.980488286165151070e-05 -2.512389236188471847e-04 -3.363141654735729872e-04 -5.875312405123835013e+00 -5.603289831641797392e+00 -4.310779866686167416e+00 -3.193856736985106526e+00 -1.968440954640449325e+00 -1.043582566560222080e+00 -3.830633947796985850e-01 1.171711264124968427e-01 4.094393322681554870e-01 5.037711469483961979e-01 4.687637618190990674e-01 3.391519661256067741e-01 1.790483380224675569e-01 4.028981176675994202e-02 -5.515015463791163308e-02 -9.786012320982807877e-02 -1.008209309965370643e-01 -8.230145673046178334e-02 -5.277781469923107510e-02 -2.026730960958336367e-02 9.650779632308297690e-03 2.999346697851607707e-02 3.822911808959298524e-02 3.541005482690772616e-02 2.496950135157817094e-02 1.117552719744771203e-02 -7.870180837231066867e-04 -8.636982925756347962e-03 -1.237338008239878551e-02 -1.199452514639574169e-02 -9.447387719323154659e-03 -5.241963131310423130e-03 -6.860854921852231484e-04 3.196163766538158164e-03 5.459153013724557524e-03 5.838179606470207152e-03 -2.157868794379351016e-07 -9.836262658209370579e-08 -2.216877295701962121e-08 3.729939186338205054e-08 1.285733070505190546e-07 1.581067407508843687e-07 1.645141403982867419e-07 1.521523326913274977e-07 1.485012589728421656e-07 1.508022310475447205e-07 2.296547563980616192e-06 2.564696017943624390e-06 2.883221892192008380e-06 3.181523844636770615e-06 3.379916707392441130e-06 3.797772760937332753e-06 3.392825346153669332e-06 2.986301648581640739e-06 2.569402246888091400e-06 2.210358017890901321e-06
2.115375732503262454e-02 -4.982582318101116264e-02 -6.271053635997354825e-02 -1.150852181872972536e-02 4.936041384492742719e-03 1.531869251132390690e-02 2.132303794128310656e-02 2.151913174531080303e-02 1.788162977841858264e-02 1.255167841208248286e-02 7.457391267542807199e-03 1.855661075798422863e-03 -2.172832647280480058e-03 -3.053908351994226878e-03 -1.382093766464520144e-03 1.489746373337790008e-04 1.175210765983980771e-04 1.775081733659336647e-04 5.281278355434936402e-04 7.821294641014278669e-04 7.565665009094009463e-04 3.764060066979218132e-04 -5.908863483287873030e-05 -3.253952678233372627e-04 -3.898548790392497815e-04 -1.680080321397022848e-04 1.074874770192002320e-04 2.033164493926151780e-04 2.839751902254731815e-04 2.683830458503590134e-04 2.122374325877537525e-04 1.622005574505451484e-05 -1.486504911222115649e-04 -2.803600637975634294e-04 -3.300019080536820658e-04 -2.799177441238373878e-04 -6.122725197582740364e+00 -5.720125477015657545e+00 -4.274621751438711925e+00 -3.047673246067216013e+00 -1.750689516280990565e+00 -8.096744492621746891e-01 -1.628053750935700983e-01 2.928886734017440707e-01 5.128305726156048294e-01 5.356788282463799122e-01 4.392201291322014312e-01 2.665502291374023391e-01 9.421262172826559700e-02 -3.421900129121625139e-02 -1.041380074829701130e-01 -1.183963397069578011e-01 -9.815661325552234306e-02 -6.362650959202062473e-02 -2.569548809509536805e-02 7.920147277001236830e-03 3.220090331740815826e-02 4.247809140156884322e-02 3.941065742138946670e-02 2.753958401934422651e-02 1.185135672678066902e-02 -2.706797528306000445e-03 -1.176017582352198790e-02 -1.490027782282604858e-02 -1.347916340072874766e-02 -9.094757600959253035e-03 -4.032699179888988086e-03 1.044789879942776157e-03 4.827108711899083179e-03 6.622933760071748714e-03 6.285814215739457360e-03 4.380325253315503140e-03 -2.713611882503044670e-07 -1.718288196080262708e-07 -1.047940445169425064e-07 -3.458846073517895718e-08 6.156482621998174866e-08 1.102654986986887403e-07 1.510129078802845595e-07 1.593694095411550602e-07 1.699862410488651967e-07 1.959327089399562049e-07 1.972219554663343196e-06 2.262392776771849650e-06 2.576118508559045560e-06 2.826373805798361066e-06 3.058825809127658630e-06 3.392825346153669332e-06 3.803478719810911731e-06 3.278096693422293967e-06 2.873250043975695796e-06 2.535378933291058762e-06
2.590562689502459714e-02 -4.239156159171372090e-02 -5.236432630950169087e-02 -1.424923618224608474e-03 1.502523178170439913e-02 2.294313371320317110e-02 2.670821766198865771e-02 2.341889355236027870e-02 1.708628210977018724e-02 9.911608177664983990e-03 4.173665010651208228e-03 -1.148361683363241731e-03 -3.822809761663107514e-03 -3.215654688381552363e-03 -7.682328623964987087e-04 8.518705356240196527e-04 7.423318287164614934e-04 7.112091817996097362e-04 8.751496884470439264e-04 7.744856586548543942e-04 6.628345401855504282e-04 1.672355536333165803e-04 -2.420020310062396542e-04 -3.664637050780094100e-04 -1.824424870626240914e-04 1.441005217095338157e-04 3.488862259364443243e-04 3.142154249037736372e-04 2.768550779630359342e-04 1.573859160101067538e-04 -2.677539898971900047e-05 -2.180966456844557521e-04 -2.939331403363052049e-04 -3.082942073064136529e-04 -2.279325903439833050e-04 -6.946669308761700440e-05 -6.351187294026464869e+00 -5.804710628648794390e+00 -4.202404194611956356e+00 -2.868944264149628776e+00 -1.512401016210405125e+00 -5.705736843386505219e-01 4.687100043941851146e-02 4.427291918542627380e-01 5.809745759171853763e-01 5.313070478009511710e-01 3.796499440961992877e-01 1.767641128300629638e-01 6.681221902719562504e-03 -9.931574648513070980e-02 -1.364859001899825230e-01 -1.209204553362267925e-01 -8.051513476793428770e-02 -3.547589316564006556e-02 4.210339656239076543e-03 3.243426544449361237e-02 4.597621412151575021e-02 4.387190840070865488e-02 3.031213320306669692e-02 1.260347203586471149e-02 -3.814366384428524194e-03 -1.469165736013767001e-02 -1.789815041747923330e-02 -1.526945591826676593e-02 -9.270884299791471231e-03 -2.662556610811090459e-03 2.748583966518966613e-03 6.394233566196360664e-03 7.596050647007917753e-03 6.412060151301102531e-03 3.667373931782714168e-03 5.513082976778656752e-04 -2.458653067312874666e-07 -1.702833362450282266e-07 -1.095518559250536060e-07 -5.008015318088194192e-08 3.692215362266695306e-08 1.054482395631188580e-07 1.510919400018666568e-07 1.633085542617756847e-07 1.809194907838563176e-07 2.324095068211702348e-07 1.708098338716057627e-06 1.969157802121391845e-06 2.222728101582891327e-06 2.471235739675804701e-06 2.693105473906271833e-06 2.986301648581640739e-06 3.278096693422293967e-06 3.596806056229555635e-06 3.051902740289392345e-06 2.760435287501735801e-06
3.141207441754382407e-02 -3.358698619556256537e-02 -4.073412324220629377e-02 9.049860781303185192e-03 2.487440080858663305e-02 2.975804509572418238e-02 3.084294798421684594e-02 2.405966727633669644e-02 1.526911658890075900e-02 6.632848781064520569e-03 6.646981142395453658e-04 -3.907148211217726513e-03 -4.984439920474567458e-03 -2.971299147450847701e-03 -3.178844915102802378e-05 1.455285624591673259e-03 1.261819102102132049e-03 1.109801353817627427e-03 1.033406826481055637e-03 5.951968980217878843e-04 4.075477151524449873e-04 -8.393939856241677767e-05 -3.584583155866237578e-04 -3.032946961566627118e-04 7.497698067020692775e-05 4.021400505317552620e-04 4.692867358847058385e-04 3.145756480409726526e-04 1.689838594350628756e-04 -9.256383503713893756e-06 -2.394375922559890480e-04 -3.395804214005862173e-04 -2.896872618571961436e-04 -1.779789955306498828e-04 -9.875498739751545566e-06 1.678817917857925173e-04 -6.558902878999533392e+00 -5.855943989582752529e+00 -4.094783196533989589e+00 -2.660493545901459811e+00 -1.258569777666979750e+00 -3.323863222715119914e-01 2.398179273466424510e-01 5.620931900833040507e-01 6.126481009149697954e-01 4.933108756456788258e-01 2.963119185925605636e-01 7.839413249673379824e-02 -7.506275468311379706e-02 -1.486497309239311060e-01 -1.494281855954177340e-01 -1.063428175484756461e-01 -5.162714356326088272e-02 -3.240834089996551173e-03 3.122433382042642813e-02 4.859293007129755759e-02 4.856884631278851616e-02 3.462237860143795032e-02 1.399766911286889730e-02 -4.774756122620577546e-03 -1.720342102731441808e-02 -2.110617591481469754e-02 -1.745995353611488887e-02 -1.003405151694546776e-02 -1.751164312712946832e-03 4.411457069324061821e-03 7.858168665784917226e-03 8.418427720168880288e-03 6.476159850516376507e-03 2.931013969975707501e-03 -7.461651921061301799e-04 -3.320231960903030199e-03 -2.319524004210448115e-07 -1.830497505368052851e-07 -1.228522470050264422e-07 -7.268409845170454131e-08 -1.063761781800317372e-08 5.311544364731112977e-08 9.607070005414299197e-08 1.268917938429539137e-07 1.549302759595951192e-07 2.106949903085993136e-07 1.397967075660772408e-06 1.618154301558573924e-06 1.868395604614110868e-06 2.044636934803225904e-06 2.293797407601472143e-06 2.569402246888091400e-06 2.873250043975695796e-06 3.051902740289392345e-06 3.234106010866715953e-06 2.849244138307185807e-06
3.770246010283461596e-02 -2.344741199607575446e-02 -2.796807725847139450e-02 1.969729656476456800e-02 3.421748913668423014e-02 3.553877116713439338e-02 3.358154110197306835e-02 2.343771685745128439e-02 1.256255147581152726e-02 2.959159312392448116e-03 -2.776838014911000175e-03 -6.174367965418215039e-03 -5.551836531662821504e-03 -2.355635671489920112e-03 7.353325722601235107e-04 1.876547552630645132e-03 1.589618122352925425e-03 1.299660962471651214e-03 9.738785161845042813e-04 2.825812923937346690e-04 5.423286697994966304e-05 -3.120843814672140067e-04 -3.769828906292526836e-04 -1.540820894725554154e-04 3.063280392335322472e-04 5.287421499139600576e-04 4.337301486124838196e-04 2.071447863147639324e-04 4.003364024400383595e-06 -1.630651981755063581e-04 -3.376282470832952035e-04 -3.009494027204591480e-04 -1.479281448376393564e-04 3.412113501587149674e-05 1.999590417624184891e-04 2.963574261873243862e-04 -6.744235459436377589e+00 -5.873090705001851042e+00 -3.952929154357299524e+00 -2.425684491363981454e+00 -9.945160368152170527e-01 -1.011107015065375869e-01 4.105883802955995754e-01 6.477784462536821941e-01 6.084953131049042341e-01 4.261997740954008851e-01 1.967673651853795724e-01 -1.976750548189699572e-02 -1.435955819385844323e-01 -1.779437518364953841e-01 -1.427154897828773472e-01 -7.783450590321576434e-02 -1.668069323025792375e-02 2.735419421249217845e-02 5.053182530504162634e-02 5.369419044745028097e-02 4.016920416589127990e-02 1.766327324020179265e-02 -4.832243314442573497e-03 -1.961674945021476407e-02 -2.449849215718685053e-02 -2.029576879599849157e-02 -1.105464615812410713e-02 -1.489419157034944799e-03 5.939668539836010473e-03 9.176255051068560320e-03 9.189282780821733665e-03 6.416098933669097185e-03 2.279631634825873571e-03 -1.814242200575028356e-03 -4.456802711416690474e-03 -5.043700491289379757e-03 -1.967883682028618364e-07 -1.674576575165549857e-07 -1.109132855767614992e-07 -6.875402641238850859e-08 -2.608738667348669725e-08 2.475505922628844308e-08 6.554242058058869543e-08 1.013768272795125110e-07 1.327242650272565669e-07 2.008996650930130665e-07 1.183554454751791230e-06 1.392176183599407829e-06 1.547555556600700885e-06 1.734539321632369485e-06 1.961643195105347689e-06 2.210358017890901321e-06 2.535378933291058762e-06 2.760435287501735801e-06 2.849244138307185807e-06 3.086024668536496998e-06
