1.642323880389748858e+00 1.644038533695904691e+00 1.647034705317742320e+00 1.651375553416350339e+00 1.656947215172578591e+00 1.663494039184344020e+00 1.670649752587110459e+00 1.678050678010097219e+00 1.685431830825132815e+00 1.692608884692913263e+00 1.699398935980999781e+00 1.705588842014762685e+00 1.710974167698542825e+00 1.715397112082655218e+00 1.718735611114203365e+00 1.720877728108805682e+00 1.721713927443799808e+00 1.721147076960090061e+00 1.719098688156781130e+00 1.715509804016922102e+00 1.710341841104783711e+00 1.703574450572815868e+00 1.695203138770612794e+00 1.685240610097690661e+00 1.673719960509922666e+00 1.660692746546562626e+00 1.646221172563594681e+00 1.630372759062117094e+00 1.613221074422399370e+00 1.594844936699662652e+00 1.575323982717283133e+00 1.554736985283704076e+00 1.533162801768032546e+00 1.510682450933410470e+00 1.487377165672431278e+00 1.463328236516011627e+00 1.438617775465584003e+00 1.413328307134221529e+00 1.387542027144049284e+00 1.361339034799642800e+00 1.334798719148635904e+00 1.308001013095634990e+00 1.281022491070046287e+00 1.253937643835638438e+00 1.226818711628314018e+00 1.199736572971249693e+00 1.172758761218050561e+00 1.145949089755236683e+00 1.119369107412748088e+00 1.093076478483567371e+00 1.206495004370010350e-03 2.699086916710502493e-03 5.254506833342323033e-03 8.830293317098220421e-03 1.327444405966557266e-02 1.849166378809519173e-02 2.446207999781171982e-02 3.115293250853851115e-02 3.845041796696796466e-02 4.619571545511411137e-02 5.426214388093628799e-02 6.256375232554736709e-02 7.100665593332769476e-02 7.947126444579244442e-02 8.784360701337744215e-02 9.604791914545714182e-02 1.040363543132714202e-01 1.117699925536287664e-01 1.192101264606985345e-01 1.263172724086666365e-01 1.330434437366028455e-01 1.393293129940433028e-01 1.451042090744475987e-01 1.502839096264939889e-01 1.547665341331206645e-01 1.584376062729643264e-01 1.611846475022775116e-01 1.629080899743344524e-01 1.635245964423181764e-01 1.629714748388293444e-01 1.612132547009004768e-01 1.582422764993982323e-01 1.540723247310475386e-01 1.487341264031702970e-01 1.422746558846497977e-01 1.347548234201545736e-01 1.262441961513209587e-01 1.168182355705074671e-01 1.065589817323655819e-01 9.555283639462011647e-02 8.388667548330194790e-02 7.164678740122598644e-02 5.891828601420692063e-02 4.578432956721287944e-02 3.232251708677730956e-02 1.860456862494459795e-02 4.697076219210558241e-03 -9.338999302499245009e-03 -2.344957841272952287e-02 -3.758818293310262765e-02
2.497162580016672795e+00 2.498517877748670735e+00 2.500876223593752279e+00 2.504273054451508163e+00 2.508591854585596970e+00 2.513583011020487312e+00 2.518890802818054997e+00 2.524160904125955618e+00 2.529131995055295512e+00 2.533619013384788232e+00 2.537437324626063528e+00 2.540372670072341688e+00 2.542218565045079703e+00 2.542812166447422140e+00 2.542024908140130712e+00 2.539737054210949641e+00 2.535831527994830026e+00 2.530202709427777030e+00 2.522763142615040977e+00 2.513443748896243335e+00 2.502195670469620215e+00 2.488987294079527679e+00 2.473802801681655339e+00 2.456643434616188504e+00 2.437530202948996916e+00 2.416502325435006426e+00 2.393609912251091210e+00 2.368908657626559666e+00 2.342460761574369776e+00 2.314334224505734117e+00 2.284598611003599622e+00 2.253323860564281134e+00 2.220580810635200741e+00 2.186443745254931681e+00 2.150988250467984919e+00 2.114291392930921720e+00 2.076432375720786982e+00 2.037492119110009270e+00 1.997553209684163722e+00 1.956697423998524643e+00 1.915007221066594267e+00 1.872567932967924120e+00 1.829462702015875797e+00 1.785774711148808480e+00 1.741586275556195718e+00 1.696980355439176913e+00 1.652038170548852714e+00 1.606838711979696077e+00 1.561460707740046860e+00 1.515980124711476584e+00 5.992423880612105999e-04 1.326120059968781536e-03 2.527561758684271874e-03 4.108814289581783595e-03 5.913381384247115569e-03 7.845872289447421155e-03 9.885146621412523038e-03 1.199926619058899399e-02 1.407943039014576334e-02 1.597513383299186893e-02 1.756780948481075424e-02 1.877966336429730265e-02 1.952729503075669240e-02 1.970354763706297363e-02 1.920959729392678755e-02 1.798382281313803260e-02 1.599432096676721426e-02 1.321898025843933414e-02 9.638616155604204025e-03 5.234604933625197458e-03 -1.679757678268490890e-05 -6.149213788172711720e-03 -1.320475193126830274e-02 -2.123639075153518213e-02 -3.031277822643629535e-02 -4.051317699815277368e-02 -5.191356497862005537e-02 -6.457686505831404522e-02 -7.854978911662341412e-02 -9.385888599593122938e-02 -1.105045408965400627e-01 -1.284601171746744264e-01 -1.476788158137018747e-01 -1.680974437044155945e-01 -1.896376013532460325e-01 -2.122076484459754220e-01 -2.357080073874236459e-01 -2.600339605789998565e-01 -2.850744517720956162e-01 -3.107151728411925440e-01 -3.368421874625339707e-01 -3.633421399697459586e-01 -3.901041096260743357e-01 -4.170195019471520381e-01 -4.439861876577003708e-01 -4.709083140787820865e-01 -4.976960033123647986e-01 -5.242658922326505211e-01 -5.505418760891288565e-01 -5.764562991400493663e-01
3.232517187061466846e+00 3.231308115218473720e+00 3.229120216664961518e+00 3.225797739514558060e+00 3.221198719203300254e+00 3.215080900924521146e+00 3.207108360846893991e+00 3.196954702314553920e+00 3.184391127785282105e+00 3.169272308503365387e+00 3.151459491257417422e+00 3.130791836865103317e+00 3.107123833879150254e+00 3.080356923265417546e+00 3.050437408712962650e+00 3.017322983346073961e+00 2.980984396190477170e+00 2.941407670011314313e+00 2.898605030849332742e+00 2.852609820397128626e+00 2.803483567553386901e+00 2.751305787525209823e+00 2.696176362500153800e+00 2.638215212240870855e+00 2.577561927606436765e+00 2.514374923452026511e+00 2.448824197089214394e+00 2.381084500605632481e+00 2.311336910937275668e+00 2.239767927953529192e+00 2.166564738040743787e+00 2.091914935869770620e+00 2.016004671828039996e+00 1.939022481122443464e+00 1.861155325458474952e+00 1.782589145659012164e+00 1.703508527807291228e+00 1.624095640821574760e+00 1.544531422056395931e+00 1.464990402970345107e+00 1.385642405366949825e+00 1.306656632557993802e+00 1.228193215559712614e+00 1.150407458769103997e+00 1.073447138954306546e+00 9.974551095209890361e-01 9.225658719694053156e-01 8.489049414774018087e-01 7.765917101814230339e-01 7.057357191687715359e-01 3.671997065509445069e-04 8.013701118407517542e-04 1.485003381062661608e-03 2.303355929685309191e-03 3.099242896828265179e-03 3.780014769536281863e-03 4.328205236604154571e-03 4.716466264140408218e-03 4.841553609165541970e-03 4.559703770771132703e-03 3.759924795331163333e-03 2.373123227169328473e-03 3.260614390861621718e-04 -2.477271453683283289e-03 -6.123188526487889638e-03 -1.066061567722624039e-02 -1.610757215507651816e-02 -2.247129725522132790e-02 -2.975402855915941155e-02 -3.795519882546082718e-02 -4.707568976030119395e-02 -5.712231580838782879e-02 -6.810500280736950240e-02 -8.003854493915754653e-02 -9.294744307316089860e-02 -1.068612507141406542e-01 -1.218018574836858409e-01 -1.377755344887258426e-01 -1.547716193606171187e-01 -1.727603633682462114e-01 -1.916882892884583800e-01 -2.114780522721781408e-01 -2.320357932561840086e-01 -2.532550775592604664e-01 -2.750183162074698595e-01 -2.971988066624215996e-01 -3.196660838820877815e-01 -3.422887431006418901e-01 -3.649333691289795012e-01 -3.874675248539038996e-01 -4.097632506393315555e-01 -4.316973805124753594e-01 -4.531528943506724083e-01 -4.740187660866059249e-01 -4.941935288885128674e-01 -5.135850004114779210e-01 -5.321095865923859414e-01 -5.496925718829430707e-01 -5.662689739816973988e-01 -5.817841505665093393e-01
3.607592142038630101e+00 3.602029188617845268e+00 3.592133089561242887e+00 3.577442484737551887e+00 3.557800170429910036e+00 3.533011004825835855e+00 3.502814072508781074e+00 3.466981812889404324e+00 3.425404858328951807e+00 3.378081107258559701e+00 3.325033611911815790e+00 3.266282247601961952e+00 3.201881398406444923e+00 3.131945006992293390e+00 3.056654600195193527e+00 2.976211041549050140e+00 2.890846873446803578e+00 2.800817260545267917e+00 2.706416037354948401e+00 2.607961288656618581e+00 2.505808478995764865e+00 2.400328316895038672e+00 2.291912979798074179e+00 2.180971942882564463e+00 2.067926282153795370e+00 1.953207597651151595e+00 1.837249553851865835e+00 1.720478251927702429e+00 1.603314031944829354e+00 1.486169832397591595e+00 1.369445382706604430e+00 1.253527328477197722e+00 1.138784704341925247e+00 1.025573788041351353e+00 9.142323074048666065e-01 8.050802979467439613e-01 6.984190868237295513e-01 5.945300418081710392e-01 4.936766904728293048e-01 3.960982443550900567e-01 3.020121687232669161e-01 2.116194876130201852e-01 1.250955273244562516e-01 4.259553690998288400e-02 -3.574776645322182145e-02 -1.098207482190061979e-01 -1.795317036569516744e-01 -2.448105027276831769e-01 -3.056050242466858968e-01 -3.618834824392793137e-01 7.863932717791846921e-05 1.505626956066435473e-04 1.971036552852001929e-04 8.508407139983766227e-05 -3.322893698363906683e-04 -1.125664120505438055e-03 -2.281909828581118582e-03 -3.792257127446469877e-03 -5.720707556442310854e-03 -8.167555761424498059e-03 -1.119436996155603707e-02 -1.481460499219175268e-02 -1.904137824147427577e-02 -2.390789901057721600e-02 -2.943479736225266055e-02 -3.560339905639516717e-02 -4.236259764299351444e-02 -4.965013770273701832e-02 -5.739835004309329358e-02 -6.553630377730976231e-02 -7.399378333822541343e-02 -8.270525151746022097e-02 -9.160636643291404646e-02 -1.006356572322977955e-01 -1.097400248221432617e-01 -1.188717575167468760e-01 -1.279782435561774012e-01 -1.369969589041832303e-01 -1.458576735958160564e-01 -1.544832411714263665e-01 -1.627867629482454004e-01 -1.706727031623464508e-01 -1.780441007218249438e-01 -1.848068354242707878e-01 -1.908701183698431059e-01 -1.961480410691846532e-01 -2.005638673426761442e-01 -2.040516816959060675e-01 -2.065548997386896790e-01 -2.080268895758848879e-01 -2.084332582243689780e-01 -2.077519678880139498e-01 -2.059712370346934163e-01 -2.030890545391260127e-01 -1.991141068735885478e-01 -1.940648264183534588e-01 -1.879666171842104827e-01 -1.808507752902487054e-01 -1.727550191765935550e-01 -1.637219233042296884e-01
3.059093119456933074e+00 3.050280352852574151e+00 3.034647689416929417e+00 3.011534519819485389e+00 2.980816558419770779e+00 2.942394484577009806e+00 2.896139927477875631e+00 2.841988469583681454e+00 2.780019065651961441e+00 2.710444711005306928e+00 2.633527252410485797e+00 2.549548525834035129e+00 2.458845540240193195e+00 2.361828653320415139e+00 2.258994369802193258e+00 2.150866377878779989e+00 2.038012274381594491e+00 1.921025153908731520e+00 1.800539847672967042e+00 1.677210900634231283e+00 1.551725951939920245e+00 1.424775174405967348e+00 1.297056660496903824e+00 1.169267698956113266e+00 1.042094743859477868e+00 9.162104601355874900e-01 7.922633504196151533e-01 6.708664396892898285e-01 5.525984294271564234e-01 4.380014226435702263e-01 3.275746913919342362e-01 2.217741390224940989e-01 1.210077204664322392e-01 2.563985650087751561e-02 -6.401372781269300261e-02 -1.476849222985945342e-01 -2.251532316012724577e-01 -2.962457037466281196e-01 -3.608348997395198210e-01 -4.188420730639728085e-01 -4.702330422535312970e-01 -5.150136146926287406e-01 -5.532333687190910121e-01 -5.849806471222865900e-01 -6.103808659193706854e-01 -6.295928593653966621e-01 -6.428082109045055725e-01 -6.502483619358966349e-01 -6.521606128084650456e-01 -6.488155360285774442e-01 3.167065632461845965e-04 6.915926278028210021e-04 1.280940809892376197e-03 1.984382382948889426e-03 2.673423284398499401e-03 3.295749332065385333e-03 3.884494576385482800e-03 4.470680298689220372e-03 5.015512845862622748e-03 5.446203378734840519e-03 5.730537926221516976e-03 5.885709186750616960e-03 5.930145021233784210e-03 5.862773091085991990e-03 5.692842487641259011e-03 5.466623062475141695e-03 5.258328814356184530e-03 5.149803995721128486e-03 5.223854419269880964e-03 5.563279340520814638e-03 6.245991116439296789e-03 7.343154463497949397e-03 8.922157623626851553e-03 1.104522540905252849e-02 1.376389955171905544e-02 1.712008197894205469e-02 2.115375732753261781e-02 2.590562689763667784e-02 3.141207442033376596e-02 3.770246010580455276e-02 4.480119419582932749e-02 5.272643227919789760e-02 6.148459804185194694e-02 7.106691879347135088e-02 8.145108209896355367e-02 9.260122010299079442e-02 1.044657902791925053e-01 1.169779787421870026e-01 1.300584780348127967e-01 1.436177323418256213e-01 1.575553543408138302e-01 1.717610262789211750e-01 1.861195480444761130e-01 2.005121167072801414e-01 2.148174250363699689e-01 2.289133938386569700e-01 2.426812046468228290e-01 2.560070831107662537e-01 2.687820845437079997e-01 2.809042454200206262e-01
2.504134599297420216e+00 2.493011233213434874e+00 2.473317112462820599e+00 2.444279857703685277e+00 2.405844333559922443e+00 2.358040696225718769e+00 2.300910879413054833e+00 2.234595220841979035e+00 2.159406008515137199e+00 2.075817718909941600e+00 1.984378545898214830e+00 1.885679108769636958e+00 1.780382943194943834e+00 1.669237562249557216e+00 1.553086846487486294e+00 1.432803478323969593e+00 1.309304302271557585e+00 1.183523715876168891e+00 1.056425878431205945e+00 9.289760488657061721e-01 8.021495779537134441e-01 6.768954707526588788e-01 5.541374706040055331e-01 4.347605964756776076e-01 3.195979419815518363e-01 2.094251716482318226e-01 1.049483592664411380e-01 6.792482671238006878e-03 -8.449767573452127145e-02 -1.684592093756702158e-01 -2.447160411470520325e-01 -3.129791215020589767e-01 -3.730477690279343506e-01 -4.248045006859991202e-01 -4.682161938802083534e-01 -5.033306128116930012e-01 -5.302722883310040380e-01 -5.492381752146767715e-01 -5.604935293020619769e-01 -5.643677071580173177e-01 -5.612460114176389681e-01 -5.515636482752568348e-01 -5.358002475713917745e-01 -5.144734790062045482e-01 -4.881304695324367171e-01 -4.573417351312789592e-01 -4.226948354446898870e-01 -3.847873127572256635e-01 -3.442203630855992236e-01 -3.015907116879724126e-01 -2.966388804966472201e-04 -6.916645564049606629e-04 -1.454857971127429062e-03 -2.722391894100498286e-03 -4.598747071907439456e-03 -7.094606035139397297e-03 -1.012473836088349788e-02 -1.359630091248020811e-02 -1.747715710409860831e-02 -2.176069995648233918e-02 -2.639370286015792211e-02 -3.126857716582554653e-02 -3.627259120212629473e-02 -4.131138877282343469e-02 -4.628083034299448201e-02 -5.104461861602307970e-02 -5.544387874883657114e-02 -5.931958772324763540e-02 -6.251961285866584894e-02 -6.490100096700032739e-02 -6.633478956703875440e-02 -6.670851591014399784e-02 -6.592302728030553782e-02 -6.389430255327813168e-02 -6.055976014476203984e-02 -5.587857225583215542e-02 -4.982582317934437094e-02 -4.239156158979211914e-02 -3.358698619341043967e-02 -2.344741199354620498e-02 -1.202935626796113218e-02 5.899145765609477244e-04 1.430972484528850869e-02 2.900524064140496544e-02 4.453223423862091856e-02 6.072999114944526572e-02 7.742225306031103038e-02 9.442042515939247371e-02 1.115286722560465821e-01 1.285487014739128409e-01 1.452811219394307962e-01 1.615278926477767274e-01 1.770989320453306981e-01 1.918142123312272795e-01 2.055055099820172759e-01 2.180183029511980064e-01 2.292156306600040827e-01 2.389794015240167824e-01 2.472096684673183442e-01 2.538257846055910760e-01
1.920267005910670566e+00 1.908360327062305073e+00 1.887316362274483517e+00 1.856371370898215689e+00 1.815565169550815927e+00 1.765068679944949315e+00 1.705101656023880752e+00 1.636011229395182731e+00 1.558337761192133186e+00 1.472802103372260918e+00 1.380215151128561635e+00 1.281442396620525281e+00 1.177426820208114178e+00 1.069192716373971397e+00 9.578518380386102926e-01 8.445315460520714801e-01 7.303828529305894657e-01 6.165483952264249057e-01 5.041671059257198939e-01 3.943417653938537382e-01 2.881405590409104600e-01 1.865596572058413616e-01 9.051887223455737375e-02 8.460346592427041117e-04 -8.173565889401553097e-02 -1.566134145675860123e-01 -2.232954674909287396e-01 -2.814185149853678514e-01 -3.307437375648695776e-01 -3.711539182123992919e-01 -4.026528728333763629e-01 -4.253613452644972592e-01 -4.395104589017533869e-01 -4.454320153252005476e-01 -4.435514511035864027e-01 -4.343783278446856078e-01 -4.184947321061771031e-01 -3.965438323091871053e-01 -3.692206179657784859e-01 -3.372589167947124822e-01 -3.014179981307381628e-01 -2.624728933541328191e-01 -2.212011561390200276e-01 -1.783740917591814246e-01 -1.347435113968521170e-01 -9.103365553871933802e-02 -4.793217373984960672e-02 -6.081963313742683001e-03 3.392539557715699289e-02 7.155752568239327760e-02 -7.015873737110930397e-04 -1.601847691162189974e-03 -3.244715226653572225e-03 -5.776534758220552151e-03 -9.268355288159304400e-03 -1.368488429039391510e-02 -1.888792397725929176e-02 -2.472317330471716576e-02 -3.108770970026987143e-02 -3.789743326700516918e-02 -4.501988139290209745e-02 -5.226867313189731412e-02 -5.945325932654881712e-02 -6.640489248169575975e-02 -7.295224133225185204e-02 -7.890345471809322164e-02 -8.405701196099876760e-02 -8.822499596557727142e-02 -9.124056018157841730e-02 -9.296057262033884105e-02 -9.327017647552830748e-02 -9.208456336937087539e-02 -8.934519050935306461e-02 -8.502080214423782256e-02 -7.911285909404275341e-02 -7.165565651948710424e-02 -6.271053635633255796e-02 -5.236432630589217541e-02 -4.073412323841063554e-02 -2.796807725458581514e-02 -1.423964328155108948e-02 2.563602151123890748e-04 1.530515669265785500e-02 3.067492561661320713e-02 4.612488061588385091e-02 6.141109419574866668e-02 7.629001017058721634e-02 9.052352276353800575e-02 1.038854192715992220e-01 1.161667766885122605e-01 1.271775887730724475e-01 1.367492910872789014e-01 1.447400720733827140e-01 1.510361394248327660e-01 1.555516448465844304e-01 1.582290234791560724e-01 1.590405144367687262e-01 1.579872589958060958e-01 1.550967796181046132e-01 1.504214299939237998e-01
1.476631896227437624e+00 1.464516898895844799e+00 1.443145360999116500e+00 1.411810505458241050e+00 1.370659923165910232e+00 1.320009871519050915e+00 1.260257900033419753e+00 1.191955852075928357e+00 1.115869792819331296e+00 1.032961186041466695e+00 9.442901409571053950e-01 8.509722531216181718e-01 7.541928109130993096e-01 6.552034726137093701e-01 5.553184890248986649e-01 4.558382515723328199e-01 3.580470374367215602e-01 2.631767879151250544e-01 1.724035667377192271e-01 8.681314446880189495e-02 7.395576639223923852e-03 -6.498979647930488990e-02 -1.296220431758191016e-01 -1.859324684085437995e-01 -2.335120764191242759e-01 -2.721131477744104799e-01 -3.016535315626177605e-01 -3.222149917640174666e-01 -3.340310598533664521e-01 -3.374746328878057144e-01 -3.330473295713807791e-01 -3.213664449314070359e-01 -3.031468573477214545e-01 -2.791829052777954345e-01 -2.503308280130700503e-01 -2.174909854482143245e-01 -1.815878257831718967e-01 -1.435513083675876433e-01 -1.043022080958784237e-01 -6.473335791292500474e-02 -2.569334829161699571e-02 1.202513520789677721e-02 4.769958701069747925e-02 8.068564227973679115e-02 1.104280250653482537e-01 1.364655888395698846e-01 1.584354505039828331e-01 1.760751128710001667e-01 1.892229296638780756e-01 1.978171413422247782e-01 -5.996968440032801736e-04 -1.368056276442603057e-03 -2.769517870479029989e-03 -4.928275969960474109e-03 -7.897272842905743787e-03 -1.162224726182912830e-02 -1.594515340736361517e-02 -2.069107923466166621e-02 -2.573623820225538067e-02 -3.097731419911708278e-02 -3.626622120692285511e-02 -4.140625067704968576e-02 -4.620335610585498548e-02 -5.049387954472923934e-02 -5.412341621843434758e-02 -5.693001146741671903e-02 -5.875642387852266640e-02 -5.947234361222808463e-02 -5.898131964645808578e-02 -5.722144179722836455e-02 -5.416848605103301989e-02 -4.983471996005809507e-02 -4.426307206049101550e-02 -3.752563706547187850e-02 -2.972681274764764695e-02 -2.100169858336160475e-02 -1.150852181798789689e-02 -1.424923617377798222e-03 9.049860782282989971e-03 1.969729656592496964e-02 3.028857806714011294e-02 4.059194364183463938e-02 5.037683508767794305e-02 5.941915643911228201e-02 6.751054574946654951e-02 7.446483355251272418e-02 8.012118757034375482e-02 8.434800465276381942e-02 8.704790472211636210e-02 8.816008531837016271e-02 8.765903194310877000e-02 8.555430112431022804e-02 8.189111752622676987e-02 7.674839492805370089e-02 7.023416030121441833e-02 6.248236799865754948e-02 5.365032217144812682e-02 4.391424526244489673e-02 3.346383731088265617e-02 2.249746526706903824e-02
1.156326842452091830e+00 1.144066795892133337e+00 1.122487742618071715e+00 1.090957780727451976e+00 1.049751931707308072e+00 9.993549561609126330e-01 9.403672332549305457e-01 8.735694108274100200e-01 7.999733866513568659e-01 7.207943536333610846e-01 6.373450531761261084e-01 5.509819987940853814e-01 4.631081559705113038e-01 3.751603695096761282e-01 2.885935777800582858e-01 2.047994367584513031e-01 1.250931614478266174e-01 5.067425578363383976e-02 -1.738372017592339572e-02 -7.816655578679268523e-02 -1.309281736067315072e-01 -1.751184200138468927e-01 -2.103886800785200739e-01 -2.365977030585975915e-01 -2.538075957615920641e-01 -2.622746843221931967e-01 -2.624410193171912709e-01 -2.549179066549245865e-01 -2.404602028676414149e-01 -2.199398335791190040e-01 -1.943214451918668928e-01 -1.646372257080526980e-01 -1.319563334581154157e-01 -9.735742320896217938e-02 -6.190220107294587548e-02 -2.661152342774854643e-02 7.558914444998453795e-03 3.973890373353090866e-02 6.915826188988556666e-02 9.516251124462456190e-02 1.172238453194581614e-01 1.349466844361385531e-01 1.480715157312709473e-01 1.564731835848417463e-01 1.601587518989157632e-01 1.592602797205573684e-01 1.540244017765611817e-01 1.448000196565990272e-01 1.320253073981169645e-01 1.162115927759890949e-01 -7.701250619033352986e-04 -1.747810557891874440e-03 -3.505977603623191760e-03 -6.160471929529964114e-03 -9.732601756878402413e-03 -1.412709997638774209e-02 -1.913902643616237700e-02 -2.454185235219893957e-02 -3.015704454147782182e-02 -3.582620548686214768e-02 -4.134930057917052953e-02 -4.648347062064773355e-02 -5.099664978291117146e-02 -5.469813145966006401e-02 -5.742083813049408958e-02 -5.900672372921362402e-02 -5.931995606222257439e-02 -5.826830652045112552e-02 -5.580899143614403285e-02 -5.194725844049761371e-02 -4.673742521862711552e-02 -4.027851455606477893e-02 -3.270577521006644284e-02 -2.418620904308486919e-02 -1.491875407853869746e-02 -5.130032893978461218e-03 4.936041386422284315e-03 1.502523178335696784e-02 2.487440081002653680e-02 3.421748913793989239e-02 4.279785200979273341e-02 5.037833531589652053e-02 5.674718372609190153e-02 6.172416845360904902e-02 6.516940803025331186e-02 6.698853681967469054e-02 6.713353519837858552e-02 6.560347752138988298e-02 6.244595720534414085e-02 5.775482226214122966e-02 5.166435811996772376e-02 4.434461535385410269e-02 3.599672421639825426e-02 2.684661170400292132e-02 1.713593901324772517e-02 7.115228761481746933e-03 -2.962111506361539848e-03 -1.284682250442559584e-02 -2.230116925323742672e-02 -3.110501973418833971e-02
9.557389375410082488e-01 9.431910285171276609e-01 9.211588522237138532e-01 8.890875707279617401e-01 8.473961385926934708e-01 7.967585049153069754e-01 7.379988741804726082e-01 6.721454425495786422e-01 6.004697606043607472e-01 5.244463629436673102e-01 4.456342581019520632e-01 3.656096112679946830e-01 2.859551157178992775e-01 2.082370773007096998e-01 1.339774204975216210e-01 6.456765787935983547e-02 1.246930086945643437e-03 -5.493743681233590609e-02 -1.031423818114084040e-01 -1.427566227243373398e-01 -1.734061990039425794e-01 -1.949689646069721061e-01 -2.075705692802845559e-01 -2.115751146792367587e-01 -2.075633133321561352e-01 -1.963064937560535517e-01 -1.787403346636179391e-01 -1.559303814096588137e-01 -1.290305594729741767e-01 -9.924222545700514542e-02 -6.777754692780926793e-02 -3.582479493089672090e-02 -4.510764581713005462e-03 2.513015279390820242e-02 5.218267727465564915e-02 7.587147748320310914e-02 9.557901522465041266e-02 1.108562651257287701e-01 1.214257967936510363e-01 1.271819912291647370e-01 1.281856965008793536e-01 1.246533739817445030e-01 1.169407904824011218e-01 1.055240365126654811e-01 9.097843772678143592e-02 7.395507278631931192e-02 5.515440244245507773e-02 3.530064542937638022e-02 1.511827428453015910e-02 -4.692603536443325576e-03 -8.040561574413194633e-04 -1.820047304909991771e-03 -3.635567130943638883e-03 -6.352536570781231948e-03 -9.969954038533629034e-03 -1.436619365732748864e-02 -1.930778220048484303e-02 -2.453893741490041983e-02 -2.985302753982119889e-02 -3.506715757248034943e-02 -3.996275403274620469e-02 -4.428639988923730592e-02 -4.780538737312284986e-02 -5.034021399822725951e-02 -5.174897316525588903e-02 -5.191312674252537840e-02 -5.075022110114142671e-02 -4.823293267648054439e-02 -4.439230264088469408e-02 -3.931285183093863322e-02 -3.313025597818460011e-02 -2.602309875848068943e-02 -1.820102023824499496e-02 -9.896928632492465669e-03 -1.364230107385455042e-03 7.130120832221328517e-03 1.531869251405501564e-02 2.294313371609664129e-02 2.975804509889612426e-02 3.553877117048917511e-02 4.009447835338486588e-02 4.327784134029840496e-02 4.498894034461210778e-02 4.517848314359400319e-02 4.385232020361554128e-02 4.107167282661640384e-02 3.694825767127847549e-02 3.163901630511084528e-02 2.534159315527911502e-02 1.828593299196093133e-02 1.072309702442767083e-02 2.915842895955785344e-03 -4.870178242541104568e-03 -1.237561086599605308e-02 -1.935828677264135947e-02 -2.560083109526106390e-02 -3.091610233213532358e-02 -3.515254063863408607e-02 -3.819904148592583037e-02 -3.998715746075776761e-02
8.174743151238923478e-01 8.043071636300963556e-01 7.812521454190243242e-01 7.478363080955543474e-01 7.046613011513470637e-01 6.526421409366912618e-01 5.928850904235521968e-01 5.267250544204822305e-01 4.557476728702857804e-01 3.817314759371753796e-01 3.065116757912133005e-01 2.318952185873525140e-01 1.596335995820713227e-01 9.138756243086637587e-02 2.868676596946376570e-02 -2.715984424115058457e-02 -7.509162753879765340e-02 -1.143314277769220816e-01 -1.443939550187427756e-01 -1.651002172341411167e-01 -1.765712183198613894e-01 -1.792207663249057725e-01 -1.737327254259581899e-01 -1.610282075992458817e-01 -1.422190325411580580e-01 -1.185592003295452140e-01 -9.139715284012808749e-02 -6.212215094836141815e-02 -3.210792708745200535e-02 -2.660753427552993520e-03 2.502354095545793883e-02 4.989599066125225552e-02 7.108852149730393588e-02 8.793686987695620294e-02 9.999418882792229790e-02 1.070351843154836724e-01 1.090534790962791739e-01 1.062493363177881012e-01 9.900899441390198508e-02 8.787871238439853849e-02 7.353496502737759399e-02 5.675115197936239642e-02 3.835898832837509459e-02 1.921255686851559494e-02 1.527798995468522309e-04 -1.802531765425476745e-02 -3.460397161390468129e-02 -4.896800441540589965e-02 -6.062343251689334550e-02 -6.921209781881729195e-02 -9.275337461110346338e-04 -2.092867408031315324e-03 -4.157398947667192632e-03 -7.208392594468815417e-03 -1.121045616408765898e-02 -1.599915182005759440e-02 -2.129386020433103252e-02 -2.679012639584173877e-02 -3.223419687503709108e-02 -3.740119280741671659e-02 -4.203932403186404904e-02 -4.587367612528591571e-02 -4.866425415136034494e-02 -5.024064054739522250e-02 -5.048828496873300486e-02 -4.933413241584590908e-02 -4.675784577345842852e-02 -4.280731120190114231e-02 -3.759793098476781059e-02 -3.130291186461006681e-02 -2.414625714543839480e-02 -1.638948619251114416e-02 -8.315479587392024530e-03 -2.166259684855399411e-04 7.611494658243859492e-03 1.488011935694194543e-02 2.132303794286767237e-02 2.670821766304348061e-02 3.084294798464047582e-02 3.358154110216241689e-02 3.483657713752934953e-02 3.458513058552518254e-02 3.286744629879494173e-02 2.978403288378024191e-02 2.549300139709628765e-02 2.020291082457324056e-02 1.416046004976552822e-02 7.638276599102714753e-03 9.242995196782223923e-04 -5.691692477551267559e-03 -1.193275883774380826e-02 -1.754631978101475406e-02 -2.231320961121368435e-02 -2.605562048803042666e-02 -2.864492201205020086e-02 -3.000504531238300243e-02 -3.011230065584731205e-02 -2.899427461810517512e-02 -2.672786761932865324e-02 -2.343397578885057786e-02
7.233110013385514181e-01 7.093592363048319971e-01 6.850028972821994300e-01 6.498625496413633629e-01 6.047538213136599561e-01 5.508708672470480350e-01 4.896410095416648955e-01 4.227407051470929433e-01 3.520951540944861624e-01 2.797979342503835731e-01 2.079525765648357616e-01 1.385669227984076823e-01 7.350809995597207269e-02 1.445537387767501826e-02 -3.715005962129633299e-02 -8.019409064122468012e-02 -1.139165770391185328e-01 -1.379345211391877490e-01 -1.522371390941399394e-01 -1.571777624524675621e-01 -1.534455163175025283e-01 -1.420278724179791230e-01 -1.241609390412467956e-01 -1.012673094653317590e-01 -7.488188153561718685e-02 -4.658033933632262785e-02 -1.791273051718452955e-02 9.662998829441377460e-03 3.484332846811557388e-02 5.653040579136415361e-02 7.386753085337774416e-02 8.626210245423654444e-02 9.339959040691644954e-02 9.524240996242945567e-02 9.201484101875161137e-02 8.417677338820303556e-02 7.238932486188698334e-02 5.747162216930194051e-02 4.035188320406794121e-02 2.201557604042500560e-02 3.455619105224711808e-03 -1.437526624162688109e-02 -3.061163626469194654e-02 -4.451229446904685777e-02 -5.549004991219261967e-02 -6.313231532320753847e-02 -6.721399184354345802e-02 -6.769920279856823930e-02 -6.473292927190563151e-02 -5.862498679085931252e-02 -8.172489795753447956e-04 -1.841009903186560919e-03 -3.649429085478723099e-03 -6.311471144942251699e-03 -9.781037366122173615e-03 -1.388577552219883923e-02 -1.834101162704365046e-02 -2.284362699522499845e-02 -2.714803730403694132e-02 -3.104619110309724331e-02 -3.431299391373138219e-02 -3.671078291798011289e-02 -3.804743954981303078e-02 -3.821051841313432423e-02 -3.715286621952686164e-02 -3.487534885038901661e-02 -3.143441776919518593e-02 -2.695241548282667488e-02 -2.161183102468838477e-02 -1.564060072800396370e-02 -9.300740649672329871e-03 -2.871687505458428956e-03 3.368183753367962920e-03 9.154614342534901639e-03 1.424383626460143729e-02 1.842193735966524831e-02 2.151913174921187000e-02 2.341889355626562003e-02 2.405966728037969501e-02 2.343771686154693876e-02 2.161210198004406488e-02 1.870366711017512965e-02 1.488575080877407517e-02 1.037365035083297540e-02 5.414788891758825877e-03 2.756289131855681630e-04 -4.775071599577141931e-03 -9.481016393643232690e-03 -1.360961427802922542e-02 -1.696378468449678475e-02 -1.939296636627508078e-02 -2.079938825874722008e-02 -2.113976667503679463e-02 -2.042526577911148167e-02 -1.872021549651049083e-02 -1.613657026414761289e-02 -1.282484456803438880e-02 -8.965022799072464021e-03 -4.757843826008053938e-03 -4.139712820830239426e-04
6.404543354124716537e-01 6.258216237830660500e-01 6.003600939606105191e-01 5.638109883178693549e-01 5.172307318297233447e-01 4.621201308946472075e-01 4.002508375016853304e-01 3.336529115425455050e-01 2.645853748167683595e-01 1.954284490959986020e-01 1.285004806230259922e-01 6.593048091582419390e-02 9.595850802943232255e-03 -3.893323810828685366e-02 -7.844817437249927694e-02 -1.081812628965880263e-01 -1.278217778400109195e-01 -1.375154297598263353e-01 -1.378340144059566896e-01 -1.297332030480763954e-01 -1.144914980755068479e-01 -9.363490764649143316e-02 -6.885493293996396147e-02 -4.191593676288899589e-02 -1.455686332376255124e-02 1.159591803946801759e-02 3.510223468613336145e-02 5.477204672317621814e-02 6.971590819580446297e-02 7.937577979207229018e-02 8.353264223396540678e-02 8.229617429262704731e-02 7.608039329523766381e-02 6.556337616501385634e-02 5.163244337725631655e-02 3.532144882360092886e-02 1.774430525186191168e-02 2.652999706433206110e-05 -1.676072285834434225e-02 -3.166070202347126550e-02 -4.387893546946064482e-02 -5.282011084539340456e-02 -5.811453659482504475e-02 -5.962765246085695303e-02 -5.745531957625712310e-02 -5.190662926381933717e-02 -4.347617760890155891e-02 -3.280579218077496473e-02 -2.063916044838806987e-02 -7.772636859165516811e-03 -7.513917113335204234e-04 -1.688255204880027708e-03 -3.333854509471661717e-03 -5.736868661096788426e-03 -8.833165600951714200e-03 -1.243453498999799907e-02 -1.624523412603060685e-02 -1.995747280350885014e-02 -2.332890649126825172e-02 -2.616537082806049200e-02 -2.826862846956620240e-02 -2.944150732227714812e-02 -2.954496746704552215e-02 -2.853043644878182350e-02 -2.642357047514017412e-02 -2.330281951058738379e-02 -1.930161585309614000e-02 -1.461203737500855679e-02 -9.473038426933021519e-03 -4.150427043077858057e-03 1.078751356300002278e-03 5.945382312000447103e-03 1.020772443308309678e-02 1.366387857835040485e-02 1.615618476797018796e-02 1.757757535268613530e-02 1.788162978184363455e-02 1.708628211280737580e-02 1.526911659157327225e-02 1.256255147845867018e-02 9.150282757912105505e-03 5.257723184832704434e-03 1.134830753255602507e-03 -2.960768159332557905e-03 -6.778054264214278431e-03 -1.008770120661208435e-02 -1.269816273672206425e-02 -1.446715308754008104e-02 -1.530735190303783230e-02 -1.519024399208181511e-02 -1.414770374527598434e-02 -1.226807372983047643e-02 -9.686885610140919672e-03 -6.576699094965480878e-03 -3.136412854336658156e-03 4.217998354047678691e-04 3.887138602603182249e-03 7.062433943639400032e-03 9.773644993223905633e-03 1.187898632817102444e-02
5.666861856314159285e-01 5.515010541210220163e-01 5.251730894557928853e-01 4.875910551523197634e-01 4.400751361451507582e-01 3.844523381231358394e-01 3.228491593265068182e-01 2.576449331028041190e-01 1.914082528004872052e-01 1.267570474400763758e-01 6.614806842476608773e-02 1.172780586072125902e-02 -3.474302767500411088e-02 -7.194625357478381944e-02 -9.905528116106386560e-02 -1.157927344978746109e-01 -1.224223160669988958e-01 -1.197106268697320369e-01 -1.088582303904925136e-01 -9.141279626158646532e-02 -6.916736996950514915e-02 -4.404475122677497384e-02 -1.798476968273703819e-02 7.171289794359199908e-03 2.978989426040063934e-02 4.853065029657369078e-02 6.240588823033665217e-02 7.081841678234691850e-02 7.357619644529390934e-02 7.087979880149732070e-02 6.328206743490606689e-02 5.162885623526015239e-02 3.698670356701996842e-02 2.056055838648344902e-02 3.604212987919801821e-03 -1.266639607243614206e-02 -2.715183412749299155e-02 -3.893672826132350134e-02 -4.734232945802006182e-02 -5.196056032154456467e-02 -5.266581772310409415e-02 -4.960871168004885728e-02 -4.319275241226475104e-02 -3.403402957435569531e-02 -2.290719815557390460e-02 -1.068480222044733592e-02 1.726792063343898700e-03 1.345142055062442145e-02 2.370239008600632732e-02 3.183292924343988223e-02 -7.655615395451404424e-04 -1.713735726124176496e-03 -3.364165192623964212e-03 -5.742539301128878407e-03 -8.753934745558423700e-03 -1.217750696241841867e-02 -1.568776113108241374e-02 -1.895403898420498778e-02 -2.172178571041887343e-02 -2.379902424804054145e-02 -2.500666068655904226e-02 -2.518443484901716767e-02 -2.424703146086771080e-02 -2.221392038313433834e-02 -1.918952393077813512e-02 -1.533568500568418223e-02 -1.086671610884636270e-02 -6.045022676158299212e-03 -1.162163036084852248e-03 3.487094238839389283e-03 7.624548189664800447e-03 1.100951636483149705e-02 1.345798180389789350e-02 1.485267085917511484e-02 1.514321096748345516e-02 1.434688804272553700e-02 1.255167841138084273e-02 9.911608176936571868e-03 6.632848780040704988e-03 2.959159311482401772e-03 -8.410927692845568361e-04 -4.492556055851621051e-03 -7.735852965266672675e-03 -1.034727966928156162e-02 -1.215258083753993287e-02 -1.303819546771966056e-02 -1.296031974414178604e-02 -1.194675022234847027e-02 -1.009120434077727044e-02 -7.544472492284491801e-03 -4.503469598455205058e-03 -1.195772918912469882e-03 2.139678395781109601e-03 5.269964206570018281e-03 7.983192848807730765e-03 1.010253735450077593e-02 1.149856982782590693e-02 1.209615481966196636e-02 1.187613012587378225e-02 1.087443366159536635e-02
4.971383053122068740e-01 4.817236759043779237e-01 4.550995129719724308e-01 4.173212208862507322e-01 3.699648560966320443e-01 3.151605634943102086e-01 2.553491710782517243e-01 1.931987144216681662e-01 1.315054607601604530e-01 7.302080058008796060e-02 2.021464458366880809e-02 -2.489044536036711178e-02 -6.079891741360034935e-02 -8.658823044834959570e-02 -1.019395606283622496e-01 -1.071597851226261944e-01 -1.031352845932266421e-01 -9.124436177061415187e-02 -7.324092711827949465e-02 -5.111977216673966457e-02 -2.697549678575858131e-02 -2.855699159077895559e-03 1.936851679290347086e-02 3.812088656537186704e-02 5.221552836585816731e-02 6.091395355398857708e-02 6.394346359274759306e-02 6.148360204766013110e-02 5.412447237519293214e-02 4.279649415919064420e-02 2.867563802668390491e-02 1.307748848075968549e-02 -2.651004414201084229e-03 -1.723522969782673164e-02 -2.956835702057125301e-02 -3.878743175013593669e-02 -4.432569983474597686e-02 -4.594009199111523389e-02 -4.371360251579562567e-02 -3.803134683640530672e-02 -2.953271905455383955e-02 -1.904815595345682455e-02 -7.524169063084860942e-03 4.056810896920601262e-03 1.475741174349882653e-02 2.375702313034000826e-02 3.041065946812731430e-02 3.429168817411433479e-02 3.521600210811959286e-02 3.324540687857423238e-02 -8.726784508220628359e-04 -1.946548405814935894e-03 -3.798078993674291158e-03 -6.428765941889623935e-03 -9.700856490033119006e-03 -1.334434106577985987e-02 -1.698480014483384412e-02 -2.024946056165875460e-02 -2.285467561939122372e-02 -2.459673032089304892e-02 -2.530428896049930626e-02 -2.484501538523220879e-02 -2.318096359754164004e-02 -2.039539494057249561e-02 -1.666764916585766407e-02 -1.223791605466741789e-02 -7.394089484431578575e-03 -2.458954375181940811e-03 2.235999177179230721e-03 6.381897119678387950e-03 9.715130741599554975e-03 1.203835233965712577e-02 1.323725185013022512e-02 1.328590296172143734e-02 1.224024091802076650e-02 1.023091402822470623e-02 7.457391276395991878e-03 4.173665019115905921e-03 6.646981227975073221e-04 -2.776838006582295262e-03 -5.870143909245739006e-03 -8.367538904176049022e-03 -1.007735472485801059e-02 -1.087976704040139256e-02 -1.073299185425267109e-02 -9.674103273897340441e-03 -7.815658796167473596e-03 -5.334273994048581782e-03 -2.452106784666263726e-03 5.833800228489297674e-04 3.518982207993493448e-03 6.116559185288922805e-03 8.173878437888115397e-03 9.539650805757157390e-03 1.012248418015524419e-02 9.895943022834941330e-03 8.899565302043294795e-03 7.233146516071807877e-03 5.045543596830045878e-03 2.521355655911136466e-03
4.291778044212895549e-01 4.140068657966023413e-01 3.879056992724589370e-01 3.510967599046342924e-01 3.053623703691425995e-01 2.530603176358310336e-01 1.968483210471762279e-01 1.395663005284935587e-01 8.410589810610813455e-02 3.320894650937423337e-02 -1.078788402216623692e-02 -4.612601546584045586e-02 -7.169660694890057917e-02 -8.706286683059318021e-02 -9.245981760951570150e-02 -8.877022001664389150e-02 -7.743211929231041957e-02 -6.029890750417227913e-02 -3.947732353379063142e-02 -1.715373689661147533e-02 4.572409898429143950e-03 2.384565187621051977e-02 3.917681997631345531e-02 4.953702844142902906e-02 5.441238181392506895e-02 5.380828560165470953e-02 4.820724476784375712e-02 3.849207817088656086e-02 2.584501162656683768e-02 1.162680751743765811e-02 -2.755318377971593350e-03 -1.597425348588788277e-02 -2.689313449533809255e-02 -3.465198160515259307e-02 -3.872822535766258512e-02 -3.896332131539087529e-02 -3.555486158745994191e-02 -2.901860637779684476e-02 -2.012620923355592367e-02 -9.821874680662060972e-03 8.729069860511388598e-04 1.095475831515022209e-02 1.952765307525493668e-02 2.587766058456739474e-02 2.952963123630237066e-02 3.027819253537752942e-02 2.819250139110921968e-02 2.359666010599005548e-02 1.702914299447771257e-02 9.183696787254886154e-03 -8.280062409710688912e-04 -1.840745920871574709e-03 -3.574212040274799343e-03 -6.012347071879588570e-03 -9.002657882909886541e-03 -1.226362737695113093e-02 -1.541555926132122389e-02 -1.809083309303184325e-02 -2.002479741140418198e-02 -2.104744015254312109e-02 -2.103401396993456393e-02 -1.990894842991317026e-02 -1.769782609854962316e-02 -1.454906899601774752e-02 -1.070194132425055303e-02 -6.443462881709157569e-03 -2.088298207788929009e-03 2.039416774094577559e-03 5.635420589078705446e-03 8.446707893041548176e-03 1.029135424524966515e-02 1.107346992891581304e-02 1.079221992074719770e-02 9.537786077402044330e-03 7.474809988332133809e-03 4.825636041216067353e-03 1.855661065097281934e-03 -1.148361693733952098e-03 -3.907148221976140638e-03 -6.174367976141372644e-03 -7.754609848948337825e-03 -8.519086782557140983e-03 -8.419231701290075601e-03 -7.490454172279163714e-03 -5.844390341556405209e-03 -3.655582987415736517e-03 -1.145108537451220180e-03 1.441361300354229713e-03 3.859106142998067548e-03 5.887394727181983686e-03 7.347270914527602448e-03 8.116446139519891551e-03 8.140334354790791302e-03 7.434676625701293166e-03 6.080249712116067747e-03 4.213486504086347111e-03 2.013813748541822424e-03 -3.137194906665361112e-04 -2.558433056710981979e-03 -4.522660447325283981e-03
3.583432625994655285e-01 3.440123271721916010e-01 3.194589317168835541e-01 2.850607332441648101e-01 2.427277995670656663e-01 1.949347226030331837e-01 1.444214596229556891e-01 9.404700298638955791e-02 4.663468814001394541e-02 4.751624340002148263e-03 -2.955299494969565108e-02 -5.491460161454989747e-02 -7.070343198610035129e-02 -7.701082801823043444e-02 -7.460748528289665171e-02 -6.486716278662002511e-02 -4.962626479614942049e-02 -3.099723896011231591e-02 -1.117232657718169112e-02 7.770266398538136152e-03 2.403514410048677996e-02 3.624885942596516725e-02 4.354674714362675308e-02 4.561519324552245486e-02 4.268296353461081133e-02 3.545800164645211694e-02 2.501949766776228115e-02 1.268398246400872023e-02 -1.375202621888151175e-04 -1.208328991313173048e-02 -2.197426107511735519e-02 -2.892006967072078757e-02 -3.238811742726256659e-02 -3.223310714186344850e-02 -2.868908714337879695e-02 -2.232361227868625425e-02 -1.395993754032343916e-02 -4.578899132849777176e-03 4.787840430028153516e-03 1.316589746240759938e-02 1.973533649033772097e-02 2.390587617493864295e-02 2.536475021994828022e-02 2.409415413450789051e-02 2.035931019869832367e-02 1.466738858576444732e-02 7.702812143612965123e-03 2.483937749878753791e-04 -6.898700719233680223e-03 -1.300979534647270924e-02 -5.962426243142258334e-04 -1.321053590213433016e-03 -2.556960661468173687e-03 -4.290695922049076599e-03 -6.405555593553815749e-03 -8.672677238435117300e-03 -1.077718811857525036e-02 -1.242510612983291525e-02 -1.343035526688947899e-02 -1.370155690914629139e-02 -1.318641308913129882e-02 -1.186964205647863917e-02 -9.819719228172358802e-03 -7.206076771153287555e-03 -4.263072745170027808e-03 -1.244408646476270752e-03 1.597528380563529660e-03 4.027064088678579575e-03 5.849342339313703433e-03 6.933438942649305936e-03 7.222449573519779988e-03 6.737191190828773803e-03 5.574803082872141144e-03 3.895408567653237293e-03 1.898534202274908310e-03 -1.977901495782616033e-04 -2.172832630063194735e-03 -3.822809744953479475e-03 -4.984439903071099902e-03 -5.551836514356755202e-03 -5.482839279416965028e-03 -4.801009965064831179e-03 -3.594678987638606337e-03 -2.007163645387515308e-03 -2.178010158262319508e-04 1.578798472482109824e-03 3.191919658187370584e-03 4.454435254659334931e-03 5.241384898627144892e-03 5.481822556839315019e-03 5.162514974086496351e-03 4.327314886621663748e-03 3.072430965587282566e-03 1.535048124950304021e-03 -1.233113785746934839e-04 -1.733618804479427006e-03 -3.135076557412934915e-03 -4.190896150447142969e-03 -4.802352251927603094e-03 -4.917534270954768486e-03
2.931672972976464564e-01 2.799658920706277199e-01 2.574502363177106345e-01 2.261337800726064551e-01 1.879952458184500907e-01 1.455450020781837994e-01 1.015081328337402305e-01 5.865460458768247815e-02 1.962707691765149670e-02 -1.328960197650897422e-02 -3.842488915545440309e-02 -5.487075224646997818e-02 -6.249872910015449867e-02 -6.190088841537370185e-02 -5.429985788067773211e-02 -4.141982916983730917e-02 -2.530280144517996210e-02 -8.088050109715742841e-03 8.200170308180397549e-03 2.184234603109832390e-02 3.156808746973883278e-02 3.664979705177161956e-02 3.693008595729754817e-02 3.279433073161770740e-02 2.509012043814337276e-02 1.499929533844130553e-02 3.879075362587376414e-03 -6.902637250964733032e-03 -1.611672151090741759e-02 -2.279830519913460599e-02 -2.633850087748800667e-02 -2.653022231029795661e-02 -2.356410164295721574e-02 -1.798078985402805363e-02 -1.058914768343038361e-02 -2.358823305131906196e-03 5.700550441042227454e-03 1.265687534408387743e-02 1.775630837536959494e-02 2.050012624418269189e-02 2.068916817931649305e-02 1.843116451181421242e-02 1.411165441247515598e-02 8.335648209726077840e-03 1.847953062466379994e-03 -4.559198505625787316e-03 -1.014080494343909053e-02 -1.428291434569203475e-02 -1.656657649681135200e-02 -1.680748594041145058e-02 -2.777387795452875095e-04 -6.121091695468050932e-04 -1.184985023601810121e-03 -2.004058310145910658e-03 -3.022353572936352633e-03 -4.103786691416822993e-03 -5.038979635676911137e-03 -5.642882592220870540e-03 -5.832336537638947715e-03 -5.604101950646198267e-03 -4.971096837211399534e-03 -3.954017776713454613e-03 -2.624084139381548889e-03 -1.119080571353299252e-03 3.916962275567411624e-04 1.748988752715309502e-03 2.818137797947103430e-03 3.494947097175656395e-03 3.718707115322743891e-03 3.482808629443337294e-03 2.833153617027547692e-03 1.861361512032090083e-03 6.961702870829663105e-04 -5.135319708323274118e-04 -1.621705669285578759e-03 -2.501618512991822356e-03 -3.053908363321861455e-03 -3.215654699442839666e-03 -2.971299159335900539e-03 -2.355635683047432004e-03 -1.446137010206564443e-03 -3.523387810748404938e-04 7.947833433627482513e-04 1.857788025578750680e-03 2.711715683538425473e-03 3.259483943993692762e-03 3.440905558551934484e-03 3.238543423773544445e-03 2.680431392174488243e-03 1.835670205716161520e-03 8.035451479471485831e-04 -2.986117631555751969e-04 -1.347542981598487573e-03 -2.227813665453176432e-03 -2.845800753573341207e-03 -3.139291236476927666e-03 -3.082176750249753221e-03 -2.686550235697114826e-03 -2.001845494230467676e-03 -1.108719570845218081e-03
2.380351137434430497e-01 2.260511030049785763e-01 2.057097354583267423e-01 1.776336552030818305e-01 1.438222975508078039e-01 1.067605053663061854e-01 6.908858500641015810e-02 3.341412314698836983e-02 2.129179192039348540e-03 -2.282073707034025858e-02 -4.017720433793698503e-02 -4.948839790457401633e-02 -5.108525032426304568e-02 -4.597315942752037976e-02 -3.569344998940575386e-02 -2.214837596392809152e-02 -7.385770559668208314e-03 6.636589606617216558e-03 1.825698853381060166e-02 2.627049145768210747e-02 3.002535363581341002e-02 2.945174406898991293e-02 2.501789995918300008e-02 1.763109927229953786e-02 8.495253253189845311e-03 -1.060257749663239468e-03 -9.758695394619307240e-03 -1.653269828085639562e-02 -2.063924921099631951e-02 -2.172800954626466149e-02 -1.986001038510731148e-02 -1.547359030761235807e-02 -9.302711666177477731e-03 -2.264141622063107952e-03 4.669662925328498491e-03 1.059732023445590123e-02 1.480045919743962039e-02 1.682512599825453786e-02 1.652391292618813137e-02 1.405815441097435503e-02 9.861635539718128368e-03 4.570978004963662140e-03 -1.067962440358453903e-03 -6.301447846676311478e-03 -1.046467142288997829e-02 -1.306301098746668818e-02 -1.382880443715055196e-02 -1.274531592993411247e-02 -1.003664840584210169e-02 -6.127758260021073759e-03 -3.551609161366056319e-05 -7.494869737549105535e-05 -1.516392572238607172e-04 -2.965457046768487748e-04 -5.256247092256703061e-04 -7.846614638865475298e-04 -9.549490639973785442e-04 -9.405975608855974548e-04 -7.361000578217550367e-04 -3.964092644758421789e-04 3.292442404363371479e-05 5.282777284375412543e-04 1.046914869325459843e-03 1.509189704287692158e-03 1.829054275391580947e-03 1.948050840347352033e-03 1.840897971365442701e-03 1.510159267714143673e-03 9.878241032553367832e-04 3.351635245798470931e-04 -3.669007010498077513e-04 -1.029280842614465003e-03 -1.563643571522639521e-03 -1.895311669429365891e-03 -1.978229133550744000e-03 -1.800824627521564573e-03 -1.382093746924202430e-03 -7.682328433956550585e-04 -3.178842908571621206e-05 7.353325920984652006e-04 1.436524544553756692e-03 1.984135128711555889e-03 2.308421123736630488e-03 2.365990762796185264e-03 2.147927376097839933e-03 1.681555545253186510e-03 1.024711714148544102e-03 2.575776878741576899e-04 -5.261335075061447739e-04 -1.231221309586317961e-03 -1.774620369600066021e-03 -2.095371513959394527e-03 -2.159918419489704946e-03 -1.965349494461458672e-03 -1.540345985739732066e-03 -9.409308503579491816e-04 -2.419158909759319936e-04 4.721888873022479652e-04 1.116047417368542724e-03 1.613621538631882565e-03
1.962991762671955909e-01 1.853139827458548938e-01 1.667629849854048163e-01 1.413667210620525583e-01 1.111484108032543133e-01 7.857146686175739414e-02 4.619355824748465345e-02 1.645996123394859526e-02 -8.487788062784822063e-03 -2.703858254554402860e-02 -3.833006673011153664e-02 -4.233253414761695144e-02 -3.977855540096526810e-02 -3.200291792193295931e-02 -2.075643375526789111e-02 -7.992120976402486768e-03 4.370155105420832353e-03 1.467749619448087406e-02 2.172459054936522888e-02 2.486623145899836615e-02 2.404987227130512412e-02 1.977024289835609475e-02 1.295403440573291744e-02 4.799866751639624528e-03 -3.404544396696297139e-03 -1.046669860319306145e-02 -1.545115244492840413e-02 -1.779199939105595776e-02 -1.734166495247075127e-02 -1.435984391146890270e-02 -9.450341094136971778e-03 -3.454052323400194201e-03 2.687049046950464298e-03 8.070557497598192589e-03 1.195845511639305990e-02 1.387152472788583633e-02 1.364323424737477405e-02 1.142543825669422794e-02 7.647786721911581029e-03 2.940919566706964514e-03 -1.963436148916995749e-03 -6.342044501628264774e-03 -9.584636594668441770e-03 -1.127547807742555752e-02 -1.124260979865624246e-02 -9.570653425293855834e-03 -6.577372094358798285e-03 -2.757113227266393910e-03 1.298964751362847048e-03 4.992468865412800355e-03 5.562202370027766543e-05 1.276767961053329578e-04 2.395693446474043075e-04 3.524442693908635548e-04 4.261116554388186847e-04 4.808315445255928336e-04 5.955625534771098479e-04 8.260013573620167502e-04 1.142537763871360156e-03 1.464412528047551437e-03 1.732825103081030594e-03 1.926135707151640022e-03 2.020422797589044306e-03 1.971070132205853150e-03 1.740526807614263712e-03 1.327435508855518559e-03 7.661033140178901074e-04 1.135006866620335154e-04 -5.570155874859132215e-04 -1.162604117169316808e-03 -1.624739922548380832e-03 -1.881626133465918180e-03 -1.894517049794932359e-03 -1.654687975140579350e-03 -1.190041307238754375e-03 -5.617012589791509037e-04 1.489746230565699200e-04 8.518705215482777785e-04 1.455285609296295881e-03 1.876547537863390222e-03 2.056804208477363595e-03 1.971018789265576669e-03 1.629577857420759935e-03 1.076492860796674682e-03 3.856870424649218331e-04 -3.487642163689181674e-04 -1.027868153731241853e-03 -1.561984863003724675e-03 -1.881494057694493112e-03 -1.946073640032866536e-03 -1.751356371995121258e-03 -1.328841343205765984e-03 -7.392526711547507288e-04 -6.368238444077900669e-05 6.063476256074561664e-04 1.181292125758216143e-03 1.586629470112713505e-03 1.772234155494784502e-03 1.717335047093527167e-03 1.432866648917147968e-03
1.672205055530742446e-01 1.569026658115228734e-01 1.395694799222670923e-01 1.160386148508886356e-01 8.838577631064366280e-02 5.908934862271983390e-02 3.066176606664778800e-02 5.421050012075681775e-03 -1.470990052557244639e-02 -2.842305927175471647e-02 -3.521700207684778927e-02 -3.544007947659734425e-02 -3.016972878492289387e-02 -2.099965161489119117e-02 -9.808067898486386160e-03 1.487624815099029395e-03 1.117520182898574903e-02 1.796502127365113763e-02 2.113012905211504588e-02 2.055758810366170239e-02 1.670921199838017873e-02 1.050224361053856727e-02 3.131793792885635957e-03 -4.131316922036186445e-03 -1.013703940359271007e-02 -1.402252057041341975e-02 -1.532673002622432848e-02 -1.403302533682284498e-02 -1.053621656406817687e-02 -5.550094818321782073e-03 2.434138894498291664e-05 5.251068629385708710e-03 9.309706354873133541e-03 1.161788352868173800e-02 1.190746052257416268e-02 1.024745240027549048e-02 7.014263853444321038e-03 2.814582956490741580e-03 -1.624402217068419496e-03 -5.577038597550236163e-03 -8.432974404718596509e-03 -9.787639530354356673e-03 -9.497083953634766554e-03 -7.687660391667844664e-03 -4.721747243625264157e-03 -1.128778945201518386e-03 2.486095185058394188e-03 5.541795857622249660e-03 7.573258795403890568e-03 8.300307723017810377e-03 -1.450388928218361594e-04 -3.109201128679685636e-04 -5.846511843780612637e-04 -9.658101720215832818e-04 -1.422997546231460518e-03 -1.858083792757170196e-03 -2.121670072578376882e-03 -2.104181958521359613e-03 -1.804228768203923819e-03 -1.298360258450350453e-03 -6.682982004903398289e-04 1.884692515286819574e-05 6.796543073924769460e-04 1.206047859319152316e-03 1.502320668229257215e-03 1.522226303603717691e-03 1.273408676532486895e-03 8.058711875432617326e-04 2.033090450969713922e-04 -4.286290223650579176e-04 -9.821061644721203361e-04 -1.365450274739528694e-03 -1.514424508237018768e-03 -1.402397912099521450e-03 -1.048230953308964359e-03 -5.124709710695036754e-04 1.175211057990484790e-04 7.423318576844818587e-04 1.261819132590013366e-03 1.589618152154414826e-03 1.670449449956459744e-03 1.490604551595856638e-03 1.077835666610014445e-03 4.959242655593620614e-04 -1.637795089750365609e-04 -7.967977643087264649e-04 -1.304304225397271214e-03 -1.609092100636143633e-03 -1.665735402435787171e-03 -1.467081703490852231e-03 -1.046279678680854790e-03 -4.709934941358677571e-04 1.691440191594757692e-04 7.765617815331310111e-04 1.259342538880951681e-03 1.545063607120954370e-03 1.592698425266050703e-03 1.398302372856406696e-03 9.941203225308876609e-04 4.435375264015112263e-04
1.463932354180859652e-01 1.364750693478263277e-01 1.199051462175761557e-01 9.760944724705718223e-02 7.175330082880747307e-02 4.487141927393500929e-02 1.946775419740787855e-02 -2.239341697634942598e-03 -1.852801974658968565e-02 -2.838246809027307124e-02 -3.165195256401823892e-02 -2.904550144616401333e-02 -2.195398985363269245e-02 -1.218102818531878115e-02 -1.666922905320410587e-03 7.780526802783275901e-03 1.472676185803036865e-02 1.829518098422130284e-02 1.825027191162693907e-02 1.497479522073418175e-02 9.352663294720659978e-03 2.579697483343240151e-03 -4.061715017975450585e-03 -9.422630179990105700e-03 -1.266699158917648609e-02 -1.338831554052697694e-02 -1.164976881880161463e-02 -7.939715381308042400e-03 -3.054419056648329314e-03 2.062041976422913578e-03 6.488776799929077757e-03 9.484267566606552693e-03 1.060471733337109944e-02 9.763293059945794133e-03 7.222765074243065603e-03 3.528773530115701142e-03 -6.006383167307975321e-04 -4.409919857050096682e-03 -7.240897422620196262e-03 -8.642848239339043226e-03 -8.439248058404531100e-03 -6.744527868786206332e-03 -3.930368587100837620e-03 -5.479991758834583740e-04 2.778045608644454101e-03 5.462805462015339446e-03 7.060913094912964899e-03 7.338231147997008492e-03 6.303995629031898355e-03 4.198273774978427547e-03 -2.666350512513493399e-04 -5.750774276126052742e-04 -1.076116284813128819e-03 -1.740620890301607625e-03 -2.489197372113274073e-03 -3.174472933103630618e-03 -3.606216576941410640e-03 -3.648016846049322200e-03 -3.288641865607051015e-03 -2.612967068459282841e-03 -1.727734333791031140e-03 -7.367460497376895900e-04 2.357417202697099012e-04 1.044394476323176786e-03 1.565791854500327455e-03 1.739325014355300051e-03 1.572474817896575257e-03 1.127117020359262633e-03 5.061689837246631258e-04 -1.637226620298275941e-04 -7.569384517526739744e-04 -1.170767330794342514e-03 -1.338238724657601995e-03 -1.237745883843103904e-03 -8.986393110972545244e-04 -3.941009774981515793e-04 1.775081366982690190e-04 7.112091447675893824e-04 1.109801314562917050e-03 1.299660923926654376e-03 1.246844506198279464e-03 9.639464512744091475e-04 5.046513742514046642e-04 -4.761466959044449411e-05 -5.933305087057176184e-04 -1.034498565640103781e-03 -1.293798184520816028e-03 -1.327990777490372460e-03 -1.133016606739960718e-03 -7.437073371137219472e-04 -2.285327114031413247e-04 3.226884536399576408e-04 8.159308641652396679e-04 1.168854782461241186e-03 1.323125244657929848e-03 1.253905208310881168e-03 9.748673760748620366e-04 5.354660485786518018e-04 1.134818739535901508e-05 -5.083628759776228452e-04
1.309182716574737726e-01 1.212206841716483990e-01 1.051128382215623797e-01 8.364021589213566088e-02 5.908567363137066236e-02 3.406811738135333972e-02 1.110347390996664976e-02 -7.679639299483159015e-03 -2.075982712869688801e-02 -2.741667068182031611e-02 -2.784885710615191481e-02 -2.311157447562658257e-02 -1.487494732644234659e-02 -5.097191590633970600e-03 4.291001392006730912e-03 1.166792179338718878e-02 1.594167488319688658e-02 1.668390442598823020e-02 1.414005271133085724e-02 9.123220644709797295e-03 2.819919805238908263e-03 -3.456365362065044484e-03 -8.514951412943708511e-03 -1.149474706344166298e-02 -1.199355415111194936e-02 -1.010666057969055592e-02 -6.375052048939075858e-03 -1.652532948635087543e-03 3.079542079576599433e-03 6.907233414678574067e-03 9.150035575162531257e-03 9.472972697663605349e-03 7.929496253745725240e-03 4.928274896075370004e-03 1.133341351649293834e-03 -2.677539037336760033e-03 -5.766709040969505637e-03 -7.575014887708929508e-03 -7.819802906647410623e-03 -6.534351218211473938e-03 -4.043831314652584705e-03 -8.882345224754421495e-04 2.291020099194502821e-03 4.878720033804190802e-03 6.403377617810442589e-03 6.620620445647623642e-03 5.548580929695600891e-03 3.452085307607039369e-03 7.812132808108948308e-04 -1.923560326831296342e-03 -2.715851670460911211e-04 -5.829370212869359243e-04 -1.081841103418450505e-03 -1.729626884248981929e-03 -2.438058963227980776e-03 -3.056828767349599810e-03 -3.401063308500714734e-03 -3.347074401832037492e-03 -2.901068576692698939e-03 -2.167237852549196413e-03 -1.270178812988585152e-03 -3.257261174784923524e-04 5.400035171699899385e-04 1.192260017099618704e-03 1.529888696698019235e-03 1.522627352662518033e-03 1.210836511395979023e-03 6.849619779533835202e-04 6.561377914204195112e-05 -5.182862561745748978e-04 -9.554999147637193704e-04 -1.172105669343415655e-03 -1.139182704957760438e-03 -8.753131474378149542e-04 -4.444675947047036532e-04 5.787780425486166420e-05 5.281278804626172909e-04 8.751497337280091018e-04 1.033406874233881853e-03 9.738785623701097516e-04 7.121341364246215003e-04 3.055098481174138960e-04 -1.616495916200069011e-04 -5.962571189530761154e-04 -9.131182898219277226e-04 -1.050806184174973281e-03 -9.845766435426929041e-04 -7.302675623993633465e-04 -3.384664228507398235e-04 1.161346513955759032e-04 5.477825299381229194e-04 8.757522964271284354e-04 1.040568370615963878e-03 1.014432934098020728e-03 8.044070047945826299e-04 4.506328941186299019e-04 1.980322453354432151e-05 -4.073500181334711867e-04 -7.519716407962435826e-04 -9.514673913331955606e-04
1.200346308922300154e-01 1.103328703927092536e-01 9.431814820302103497e-02 7.318352000290372084e-02 4.938155755444206818e-02 2.566591401458477931e-02 4.600348928883030153e-03 -1.176098830129305647e-02 -2.210161235076728986e-02 -2.601386806043494426e-02 -2.406513721464501043e-02 -1.766483245446311481e-02 -8.748023436720464216e-03 6.138335082388415723e-04 8.563833725492228655e-03 1.373991360846151845e-02 1.545639499799765851e-02 1.376546671043993829e-02 9.377062343106980571e-03 3.461030008497279192e-03 -2.619928300280386594e-03 -7.595561950556843980e-03 -1.053285296793622997e-02 -1.099415031342166997e-02 -9.082720341109889323e-03 -5.379715190949738851e-03 -7.935206715674335319e-04 3.648639730324754627e-03 7.022128710361368563e-03 8.689129986660239918e-03 8.408971115078012551e-03 6.360894010898516214e-03 3.081905216081526171e-03 -6.653138572550715670e-04 -4.064920773427938526e-03 -6.420727255881911351e-03 -7.293352670040163452e-03 -6.577383954604230747e-03 -4.506346591679469792e-03 -1.586099984465991902e-03 1.525936570660301221e-03 4.165644134910161632e-03 5.800575165238421559e-03 6.134521827178687076e-03 5.158851038056824941e-03 3.140519476745164650e-03 5.523812947190911548e-04 -2.035521168575304962e-03 -4.079085944414761328e-03 -5.172987074017631852e-03 -1.708941436758885902e-04 -3.607352687778951714e-04 -6.583300571740655516e-04 -1.040439194430305180e-03 -1.453782183892575680e-03 -1.792615254143882812e-03 -1.919345459710522723e-03 -1.752466192255698607e-03 -1.327678143557998493e-03 -7.602341662114318107e-04 -1.642957026513496867e-04 3.761478976540023065e-04 7.847523255555372782e-04 9.875877865862690494e-04 9.461523123137069230e-04 6.840905867332413562e-04 2.772392661465294364e-04 -1.741892554292406338e-04 -5.683884763688271634e-04 -8.212806142166971133e-04 -8.848261490395780034e-04 -7.551661274139612580e-04 -4.675163446807901091e-04 -8.692826965438144374e-05 3.022677315785254589e-04 6.139877134117557519e-04 7.821294182376746420e-04 7.744856126631925264e-04 5.951968497607642346e-04 2.825812467904494692e-04 -9.600890937003289519e-05 -4.576748964111029350e-04 -7.244336304334137193e-04 -8.407860328665793005e-04 -7.832395913853613901e-04 -5.640732482409206629e-04 -2.296148050761371586e-04 1.500086853485409980e-04 4.975091031586716377e-04 7.444375501554049849e-04 8.431063680871234318e-04 7.754424832473156377e-04 5.572443009968979042e-04 2.343181865324671408e-04 -1.283612942960081493e-04 -4.595463591730953126e-04 -6.944602710166054675e-04 -7.874129132177790959e-04 -7.216493872821828741e-04 -5.124375192554903036e-04
1.108982386418775334e-01 1.011601915415823588e-01 8.518970194976449584e-02 6.433440968786124925e-02 4.122246401786389125e-02 1.873905774971339200e-02 -5.202086609122721526e-04 -1.460331938387076679e-02 -2.243107998880345191e-02 -2.393361611243385173e-02 -2.005095912439027600e-02 -1.251914824867949097e-02 -3.476038585540187822e-03 4.983661812170817919e-03 1.117864564322459432e-02 1.409682000769723297e-02 1.351230074962459816e-02 9.953612803217716867e-03 4.522980640247506283e-03 -1.388005011696830885e-03 -6.416957699917689821e-03 -9.520011371385495372e-03 -1.017059841835746617e-02 -8.430668368148404659e-03 -4.886903217186305999e-03 -4.806789608070685714e-04 3.723349603834687910e-03 6.781503418893945062e-03 8.074964142255074487e-03 7.426827263435674745e-03 5.110376603751585860e-03 1.757652877718064634e-03 -1.803789509134600235e-03 -4.747980930364052894e-03 -6.437481546796181356e-03 -6.556606742890119625e-03 -5.163751388770981832e-03 -2.657443437374597262e-03 3.311044362901357802e-04 3.093368588378557233e-03 5.009139805162003169e-03 5.682731242183202205e-03 5.020856321159999393e-03 3.238800214816736026e-03 7.973050918304837526e-04 -1.713903881329049365e-03 -3.717232088480208405e-03 -4.778194343663519882e-03 -4.697066810178659145e-03 -3.543635535596023102e-03 -2.548972350069554876e-04 -5.398126206000779205e-04 -9.811966671007049060e-04 -1.526504205165729600e-03 -2.081202975835596668e-03 -2.503380969200020515e-03 -2.633771709076433449e-03 -2.387546511684510674e-03 -1.814759097963737590e-03 -1.058836489825059702e-03 -2.694857518424082898e-04 4.346574221258722574e-04 9.516544500963343553e-04 1.196525956746752719e-03 1.135588848469535391e-03 8.105419758144664661e-04 3.229169350458584186e-04 -2.008352226856081641e-04 -6.388784236294782351e-04 -8.979312906724275668e-04 -9.329677891969425383e-04 -7.535612436562458185e-04 -4.145270555310507157e-04 -1.058619769362559266e-06 3.875538657328392658e-04 6.599398223782951397e-04 7.565665496645717454e-04 6.628345894420652022e-04 4.075477670122143415e-04 5.423291619712310418e-05 -3.113999865026463002e-04 -6.009915254562486547e-04 -7.467409547306514935e-04 -7.174973563329932686e-04 -5.228787877755153432e-04 -2.090955216228501006e-04 1.511933559469337259e-04 4.758668900266212784e-04 6.934277104962894471e-04 7.584190754184213764e-04 6.589158478855269147e-04 4.180912163821265642e-04 8.984013321435388888e-05 -2.532316334956124962e-04 -5.367501849578161077e-04 -7.003149521906145000e-04 -7.091533021465966065e-04 -5.616519553573763590e-04 -2.908538636765536033e-04 4.265965332348667908e-05
1.020301569513606954e-01 9.232007089152871604e-02 7.650454026793432338e-02 5.608238877499751446e-02 3.384009568962339370e-02 1.276302361599563132e-02 -4.565786543657932538e-03 -1.634672757677495258e-02 -2.178154727277927319e-02 -2.116067818791183761e-02 -1.578553293714795788e-02 -7.666720555528928546e-03 9.455027000515230182e-04 8.047631031128389331e-03 1.224807510815997813e-02 1.296878703265847213e-02 1.047085167696838043e-02 5.712974856997664677e-03 7.028081183912873037e-05 -5.017249018321244362e-03 -8.379105056811783983e-03 -9.362217298108956726e-03 -7.940023836514731662e-03 -4.665890233417758874e-03 -4.916487033740650665e-04 3.490812559110651695e-03 6.318364610624300180e-03 7.377552949283098203e-03 6.529751788360728566e-03 4.112946519628500955e-03 8.259867372477073437e-04 -2.465572374792738587e-03 -4.949287545746860160e-03 -6.059420557910137617e-03 -5.601068353773702019e-03 -3.776457466088039682e-03 -1.112042125059436700e-03 1.688501697581174269e-03 3.925233228526636177e-03 5.073501053822775456e-03 4.904450789004044693e-03 3.526199115360174798e-03 1.339423110137728974e-03 -1.075717209894730192e-03 -3.110386771746811128e-03 -4.278292222218563375e-03 -4.330502416180819804e-03 -3.305691488384515479e-03 -1.506660649429560636e-03 5.865309633345422739e-04 -1.688951189736095167e-04 -3.509704771881417391e-04 -6.247169873644331474e-04 -9.556897952057395989e-04 -1.286001248088067608e-03 -1.518213891639976290e-03 -1.536313013882012165e-03 -1.287993970760300784e-03 -8.371045590615470294e-04 -3.176234976762753581e-04 1.531391352736102645e-04 5.064924656602766027e-04 6.984686619096647144e-04 6.984914213729670951e-04 5.127066686590416901e-04 1.996543280848654374e-04 -1.490273979058347545e-04 -4.417363612070630938e-04 -6.092790864714277884e-04 -6.177336304527145322e-04 -4.756949244932741740e-04 -2.293564530451657586e-04 5.435523691939256915e-05 3.049629416751816098e-04 4.614014009602897194e-04 4.858830918851661388e-04 3.764059793843685386e-04 1.672355252934471209e-04 -8.393942891344363167e-05 -3.120844084809879285e-04 -4.586746087093283375e-04 -4.856238333055670959e-04 -3.869287328971673587e-04 -1.900023236566312959e-04 5.443215995507167938e-05 2.864941355044088394e-04 4.505263028925340549e-04 5.079333422079573010e-04 4.470243215180274470e-04 2.847007614312809637e-04 6.003017604804896138e-05 -1.752724482098215778e-04 -3.672867627101772761e-04 -4.718675549002877205e-04 -4.656516787155810561e-04 -3.511972198743110651e-04 -1.553726832188818084e-04 7.646799976562736623e-05 2.897294514251827881e-04 4.334025140229589039e-04
9.294534554545876015e-02 8.339564318814866872e-02 6.795108947412184519e-02 4.823900406975843713e-02 2.715752270692557008e-02 7.733224244954790307e-03 -7.525202104309504543e-03 -1.702291392590623773e-02 -2.027150365830665546e-02 -1.791461045498284749e-02 -1.156507174217284196e-02 -3.417954575364564110e-03 4.280173428351766347e-03 9.734717436213348798e-03 1.193364518000474342e-02 1.076726232698761720e-02 6.944964991301556118e-03 1.743342999137051678e-03 -3.356661910419866598e-03 -7.052251976834981659e-03 -8.523090755866638904e-03 -7.593664657857367509e-03 -4.722586332358813185e-03 -8.319156603266952528e-04 2.970036035524339230e-03 5.688664915597394303e-03 6.687932575105543648e-03 5.827334657385823714e-03 3.464885390181646121e-03 3.301917738514822671e-04 -2.692978510044539541e-03 -4.808970623648968490e-03 -5.511894990990200312e-03 -4.699459293554150187e-03 -2.676373070523289151e-03 -5.058964862517802916e-05 2.445129123863413328e-03 4.153579168358669145e-03 4.661481231804151699e-03 3.895680999619074037e-03 2.125499934152045092e-03 -1.259881687083742841e-04 -2.234358045307890776e-03 -3.644390444461850960e-03 -4.013260913207938353e-03 -3.291247807132980426e-03 -1.721794170150477924e-03 2.369260017463273001e-04 2.044314772036843943e-03 3.224960206294904142e-03 -7.307134023225196411e-05 -1.420668217203372732e-04 -2.347634668482917973e-04 -3.410990180841534593e-04 -4.478446143449258190e-04 -5.085343683179006403e-04 -4.526767418680945174e-04 -2.566583998939143095e-04 1.209277679822267859e-05 2.438288246422375225e-04 3.692662529732652042e-04 3.815248454826961717e-04 2.986174756629302583e-04 1.382990556209061676e-04 -6.918040904880982348e-05 -2.705728720163865192e-04 -4.074142441533988731e-04 -4.414001335418986718e-04 -3.646103999958056501e-04 -1.986210519916147433e-04 1.036720183945787809e-05 2.044177099383378041e-04 3.327780470791878156e-04 3.649170933770985096e-04 2.940657433821458632e-04 1.384984638740429383e-04 -5.908861739480968870e-05 -2.420020118693406931e-04 -3.584582943553757156e-04 -3.769828716952098192e-04 -2.923878876217290111e-04 -1.262410822982971102e-04 7.707192229674259400e-05 2.623300902215676476e-04 3.808664856445840587e-04 4.039600492736537623e-04 3.278194649980430272e-04 1.729521049595167251e-04 -2.074357689238970158e-05 -2.045771606649076507e-04 -3.345141574935042977e-04 -3.812727378137681887e-04 -3.351778914047036113e-04 -2.079110239457253350e-04 -3.085774913852612809e-05 1.522332630717424136e-04 2.966310874316659108e-04 3.672913315755126020e-04 3.466409287586327739e-04 2.394652125316948919e-04
8.345375373332761249e-02 7.422818699627584116e-02 5.941653444271454559e-02 4.074019899672631784e-02 2.114639860568645613e-02 3.630713101693751766e-03 -9.440066954447845840e-03 -1.672336686861877406e-02 -1.805367870783874951e-02 -1.439686380868886867e-02 -7.601435402774598532e-03 6.286034188742576387e-05 6.474899876167374869e-03 1.015314069023396000e-02 1.052168241815148314e-02 7.926207719066810653e-03 3.435726317605585552e-03 -1.505656008215778933e-03 -5.490161327188986320e-03 -7.514266290781890234e-03 -7.206846196926101553e-03 -4.872105043404873284e-03 -1.349032554584596354e-03 2.264343782713106826e-03 4.938088844231061127e-03 5.990126111668502701e-03 5.245690079223524344e-03 3.046862820399405102e-03 1.217302116861806576e-04 -2.645470706115712368e-03 -4.474914920540713943e-03 -4.904645837748849470e-03 -3.899189034643704959e-03 -1.832186067068740289e-03 6.430879633736295451e-04 2.794672742250077155e-03 4.024706970313959679e-03 4.031605874843056242e-03 2.878574826025124232e-03 9.560945071007819363e-04 -1.145414325440716674e-03 -2.813742605777566283e-03 -3.591469675474784958e-03 -3.298730043531906530e-03 -2.070317384148987264e-03 -3.021698168161054488e-04 1.473286212911862703e-03 2.745611028371716233e-03 3.171872364309729578e-03 2.667233904036996495e-03 1.405650666993896097e-05 4.620927216388474266e-05 1.114868970187825185e-04 1.928061470012164941e-04 2.585022293821158130e-04 3.080220954532619662e-04 3.755179731862075807e-04 4.694996357065197180e-04 5.340539307924027255e-04 4.960061246507118521e-04 3.393106102484247659e-04 1.139827010235861118e-04 -1.154483873747845220e-04 -3.062996481821698871e-04 -4.305379414865948364e-04 -4.631683467569007212e-04 -3.926877966817350304e-04 -2.347207590343009366e-04 -2.907034010222625620e-05 1.726066223951508601e-04 3.185490245883138092e-04 3.705834890830559682e-04 3.175970940900654121e-04 1.782159556975065526e-04 -8.381420682724636029e-06 -1.930501415839459866e-04 -3.253952882849334388e-04 -3.664637273769615370e-04 -3.032947215077181138e-04 -1.540821129076333496e-04 3.950759216448982656e-05 2.251233858571827185e-04 3.524833055344718069e-04 3.869313883623510392e-04 3.207170030034854668e-04 1.746208241464250737e-04 -1.078052161609694463e-05 -1.873712717222964159e-04 -3.108989835022819923e-04 -3.516922248572370712e-04 -3.024401426766270889e-04 -1.787755419665196992e-04 -1.319628094003171468e-05 1.530836764933750285e-04 2.787172461050123947e-04 3.321223312235445932e-04 3.003805474371114238e-04 1.926209378003264719e-04 3.708243932812679025e-05 -1.257594610862497746e-04
7.331261675089717489e-02 6.459016426794961241e-02 5.069688171220577966e-02 3.340947675077156342e-02 1.565499560683577748e-02 3.196816998178071559e-04 -1.044221543910099637e-02 -1.558595875358670391e-02 -1.527416330033765958e-02 -1.075116200511563175e-02 -4.010971530995267181e-03 2.722493535323690199e-03 7.576288597915231682e-03 9.472838844677297643e-03 8.301013554769138061e-03 4.811312870445894931e-03 3.067428542139110162e-04 -3.774351595351773531e-03 -6.273041749384332399e-03 -6.611428349880463066e-03 -4.901880605554633299e-03 -1.851045110827970880e-03 1.498072554404341694e-03 4.103004869824034354e-03 5.233984954467450074e-03 4.666052112483215844e-03 2.703628648655866887e-03 4.793496831784988606e-05 -2.440473477949857504e-03 -4.010777020359884010e-03 -4.242394436993113596e-03 -3.151064549355897873e-03 -1.154642565186190378e-03 1.079581972916698841e-03 2.851820802147091508e-03 3.643981336242185700e-03 3.267637423884798241e-03 1.902893304502759498e-03 2.231472917796705778e-05 -1.769130420290015732e-03 -2.924832578418701864e-03 -3.120425436600431611e-03 -2.342723568092572664e-03 -8.783821693981213241e-04 7.892163058876815315e-04 2.137393905820900077e-03 2.765526421589221788e-03 2.512205158920832217e-03 1.494495019711630530e-03 5.954156012572227791e-05 1.612055790592743115e-04 3.602111890859068552e-04 6.776069146607920698e-04 1.041646318622877019e-03 1.339976721296555354e-03 1.496650939072767007e-03 1.498918594147330419e-03 1.352208039452601485e-03 1.044362353337547006e-03 5.821850757634873183e-04 4.434577640711744739e-05 -4.355472400463458065e-04 -7.430208141979837170e-04 -8.317140624186733109e-04 -7.157148569315028609e-04 -4.451609878661366032e-04 -9.568035655712108704e-05 2.414775191400377670e-04 4.819309869841514058e-04 5.711691886391558970e-04 4.955225710639255075e-04 2.841363804050162350e-04 3.122380988269733852e-06 -2.635296660479253942e-04 -4.414255613497546668e-04 -4.860458539390652920e-04 -3.898548548838720509e-04 -1.824424613909710286e-04 7.497700912199705954e-05 3.063280664120033095e-04 4.456755892010587968e-04 4.572705448565985505e-04 3.430065568786525411e-04 1.397749244054376477e-04 -9.107268368352842221e-05 -2.824807827579286709e-04 -3.831733666573721602e-04 -3.716287097418263319e-04 -2.584600628376836941e-04 -8.073761499586441109e-05 1.089017596572226446e-04 2.575549480662152769e-04 3.274391867021593278e-04 3.047912897450803620e-04 2.007618710917889900e-04 4.717786181477728316e-05 -1.116748521679473472e-04 -2.313906775300070523e-04 -2.804256885636933669e-04 -2.482739665377751894e-04
6.402319699190607560e-02 5.587644293911609578e-02 4.300100405307222956e-02 2.718995176023959390e-02 1.129711112728336471e-02 -1.948645240599685075e-03 -1.063269150356568882e-02 -1.400187645138408279e-02 -1.250186667099485727e-02 -7.575731171329948971e-03 -1.263736576072734983e-03 4.350692163483438346e-03 7.705042983351922080e-03 8.132096662261979747e-03 5.924999757463614639e-03 2.119019856194428487e-03 -1.902208266524845664e-03 -4.852306481355990464e-03 -5.916406088413144783e-03 -4.952345861198343031e-03 -2.468863477076710129e-03 5.927175995762452984e-04 3.190408901188028327e-03 4.520040043830757075e-03 4.254087120597036843e-03 2.607871801573872269e-03 2.251489424191735087e-04 -2.062224285637349799e-03 -3.513421039922474259e-03 -3.709740799848197223e-03 -2.669318799600443968e-03 -8.132852684372986109e-04 1.197940007575839247e-03 2.694739430260015799e-03 3.215726794227376055e-03 2.645203804589258117e-03 1.231767228856290404e-03 -5.131743920721568890e-04 -1.997627498621631047e-03 -2.746916600687860418e-03 -2.551746445862805579e-03 -1.522997216701810685e-03 -4.017730840237319049e-05 1.386057835758095543e-03 2.288416972338355379e-03 2.394109753579834552e-03 1.704565419161979548e-03 4.822989908623402395e-04 -8.464320657098496061e-04 -1.838912834375205918e-03 2.571237686219799714e-04 5.630006055070804804e-04 1.037348962404160925e-03 1.567608702321956083e-03 1.985054277316902933e-03 2.165689848329862676e-03 2.074293063811703808e-03 1.728650016490849463e-03 1.161698985310949655e-03 4.450283522342189874e-04 -2.779899774543666572e-04 -8.288737590667339923e-04 -1.081437317771847878e-03 -1.013643752297854923e-03 -6.919983203488557161e-04 -2.311211239992191078e-04 2.358741395887887279e-04 5.839863213291633529e-04 7.283364455657621297e-04 6.467941752972787691e-04 3.807536716574133943e-04 2.000587169762568830e-05 -3.219473879910130149e-04 -5.418894206533754563e-04 -5.805649715234599811e-04 -4.383140322410378339e-04 -1.680080633312615486e-04 1.441004886659984056e-04 4.021400146681345950e-04 5.287421164864575382e-04 4.906854352677570948e-04 3.084446767984033483e-04 4.532449587824847201e-05 -2.151458015984670754e-04 -3.945755968816036952e-04 -4.432700265419564612e-04 -3.552777695475687150e-04 -1.673302494195518105e-04 5.712436901930796694e-05 2.493746828761770609e-04 3.549248743108563038e-04 3.482229166801743413e-04 2.390546886140070893e-04 6.702537389093346195e-05 -1.131899340479283479e-04 -2.485524015557222417e-04 -3.017413668782759789e-04 -2.611125549028274939e-04 -1.437440186751837254e-04 1.102275209810840183e-05
5.562870169248234492e-02 4.808257690405750434e-02 3.625159733869155049e-02 2.191947596846812937e-02 7.833472279731560142e-03 -3.463273339166724439e-03 -1.030730900002544380e-02 -1.222325535548906064e-02 -9.897625998229660563e-03 -4.905630874607897624e-03 7.443519507273938136e-04 5.177986824826228025e-03 7.177955894192846256e-03 6.469690343512559706e-03 3.675690367955872055e-03 -2.566106208629211598e-06 -3.232852901991628558e-03 -4.986404401815475694e-03 -4.834319177418718722e-03 -3.026749202255384769e-03 -3.441267505830802723e-04 2.211446061412449936e-03 3.769878387758906092e-03 3.876056921353326652e-03 2.612761400186037423e-03 5.293230589845017995e-04 -1.585511387175934277e-03 -2.993206989783831276e-03 -3.253172445336053979e-03 -2.352047948657914282e-03 -6.806214758036811373e-04 1.126806038088093171e-03 2.428649836760805782e-03 2.799466908655782148e-03 2.163706206433376085e-03 8.010318906156941579e-04 -7.704271594616831850e-04 -1.987594949394220437e-03 -2.441867271965038073e-03 -2.013468646394338691e-03 -8.972542106202664519e-04 4.812884950552235035e-04 1.625351762963006931e-03 2.143769321935975504e-03 1.883493249374453785e-03 9.719498164966882412e-04 -2.411806475558136769e-04 -1.316524762327680705e-03 -1.882256001570080557e-03 -1.761353494771881025e-03 2.379165544801608320e-04 5.203587941685648482e-04 9.554338152663358844e-04 1.432860665028147995e-03 1.789513121437347545e-03 1.908925923868978183e-03 1.766089886073651935e-03 1.392493648777435276e-03 8.360789504822965746e-04 1.785972520216844031e-04 -4.381511543193525576e-04 -8.519584994583890257e-04 -9.646943971117419173e-04 -7.867841595976286318e-04 -4.125264360394904038e-04 2.880396133373708053e-05 4.079750139505360757e-04 6.227577823306554858e-04 6.246465688924628373e-04 4.318501389265883938e-04 1.186965454856268187e-04 -2.096263571000824704e-04 -4.474580352394560718e-04 -5.216420336758091072e-04 -4.170589695037391618e-04 -1.791291480882163981e-04 1.074874952096163379e-04 3.488862440666033195e-04 4.692867544103080063e-04 4.337301651679735461e-04 2.605101211856104674e-04 1.390513514475949344e-05 -2.214223191084396054e-04 -3.704609861576026544e-04 -3.905532169091182975e-04 -2.830156694375199713e-04 -9.124735137446124064e-05 1.162728096831449812e-04 2.716125123097933437e-04 3.294495678981326499e-04 2.784189784756160185e-04 1.419521745583817590e-04 -3.052978172517568564e-05 -1.810263547337678434e-04 -2.629479447624372569e-04 -2.550059397328585751e-04 -1.652778016488755332e-04 -2.692698176143310497e-05 1.128035458079795528e-04 2.084525758688211101e-04
4.813538843924004135e-02 4.116895715362259983e-02 3.034174216987971587e-02 1.741986208538467279e-02 5.034095084925944465e-03 -4.467688271542014609e-03 -9.676750369086840539e-03 -1.038600346725530518e-02 -7.494982198783082736e-03 -2.664917027702525323e-03 2.183561420186143354e-03 5.433957539451041673e-03 6.235210378455665822e-03 4.682646260081731703e-03 1.658009557393566417e-03 -1.574527959648717090e-03 -3.841474095001107779e-03 -4.445549146758405804e-03 -3.352571665412110331e-03 -1.135779450512061422e-03 1.285858852897980072e-03 3.006653124964961312e-03 3.455664468127415088e-03 2.574572617789308224e-03 7.989956554701318830e-04 -1.139725917817994852e-03 -2.507633424802335233e-03 -2.838302978747785955e-03 -2.082258028403141410e-03 -5.944595319021758230e-04 1.022582714601037810e-03 2.156396021275724332e-03 2.412614395285142283e-03 1.748026587065825820e-03 4.646273320780453008e-04 -9.229537047368253314e-04 -1.889838169416968540e-03 -2.096320180181767551e-03 -1.504919356000479708e-03 -3.783332817061506597e-04 8.348369973707842019e-04 1.676546720739711949e-03 1.849661641289879329e-03 1.320689404921506589e-03 3.203326978496008007e-04 -7.549513482121549815e-04 -1.499190726620059982e-03 -1.648814189839913720e-03 -1.173985900722054453e-03 -2.792975605096358494e-04 1.449527334111768730e-04 3.231048496224133868e-04 6.027671402311933404e-04 9.091474989572776366e-04 1.127538530183129798e-03 1.182269163553992513e-03 1.070386771710889195e-03 8.230184458655886038e-04 4.668217207952250693e-04 4.573063812830898740e-05 -3.453028413268426338e-04 -5.890424255390995251e-04 -6.186910031854784544e-04 -4.543152085287389301e-04 -1.766395746250734090e-04 1.172673060858141388e-04 3.403350635159026476e-04 4.318208240884130922e-04 3.739087988249453721e-04 1.974642902669354388e-04 -3.120604356944706723e-05 -2.332286413130871456e-04 -3.405644927478869411e-04 -3.186860512673883833e-04 -1.810034302443028599e-04 1.719760825506385472e-05 2.033164446888184184e-04 3.142154190788082899e-04 3.145756409236824969e-04 2.071447785245437761e-04 3.301207134447738573e-05 -1.433984267899323728e-04 -2.603221099016605317e-04 -2.813008210572359334e-04 -2.050490344870377997e-04 -6.320197006366475164e-05 9.154367143564742511e-05 2.049516594304188631e-04 2.413289247094791454e-04 1.943363551494908478e-04 8.550720550818850319e-05 -4.510734668626698843e-05 -1.522908865433828343e-04 -2.008835380274362232e-04 -1.779138619033511016e-04 -9.563594672639907338e-05 1.490410499900286316e-05 1.151465571921974902e-04 1.714097632991800452e-04 1.660909649472106539e-04
4.265297423778769553e-02 3.610273611162632262e-02 2.600938531845859922e-02 1.414007497726664335e-02 3.046700534737268630e-03 -5.076795454306229187e-03 -9.036519109463993227e-03 -8.856539245273553282e-03 -5.615634146985566504e-03 -1.033761011447407703e-03 3.070012817448150404e-03 5.328500191374726733e-03 5.219231351255989096e-03 3.140734453042669846e-03 1.487475220528281493e-04 -2.512220850965567447e-03 -3.879645681030538962e-03 -3.586163369125237605e-03 -1.927762789753218733e-03 3.142613700903093966e-04 2.214254187222252160e-03 3.065887066170028437e-03 2.629843553557962687e-03 1.186052636362789877e-03 -6.148289695332994449e-04 -2.032991447576119881e-03 -2.536571375610177561e-03 -1.994129570743676579e-03 -6.945217775549220604e-04 7.968849606363471441e-04 1.876981878811259229e-03 2.142902025086486188e-03 1.538523495056073149e-03 3.557245213434707520e-04 -9.022681053197413332e-04 -1.731890075530589197e-03 -1.827106452612904620e-03 -1.189049077337896903e-03 -1.096967079546545771e-04 9.589570188774345283e-04 1.592757271781903607e-03 1.561711796898896396e-03 9.104998154297563222e-04 -7.282478612558080267e-05 -9.819539682716597190e-04 -1.458768986692065553e-03 -1.333562732979906530e-03 -6.835359372233891550e-04 2.096346072069060860e-04 9.806959507374151883e-04 1.572407112385971301e-04 3.469309947070723125e-04 6.387155491082613422e-04 9.477603124387083341e-04 1.149384877700466599e-03 1.164149807581226024e-03 9.956168436752307546e-04 6.920704635079918954e-04 3.027712481342586560e-04 -1.099331410944553663e-04 -4.462306878896940879e-04 -6.014279110280877942e-04 -5.351125582120780377e-04 -2.985329145307569036e-04 2.470108802072113662e-06 2.610175206651397443e-04 4.000477931419331532e-04 3.864496674247176245e-04 2.388777037342818910e-04 2.079978962143960315e-05 -1.849388225808320596e-04 -3.061152286777009401e-04 -3.033293934435246360e-04 -1.828546045823204401e-04 4.094035404431572811e-06 1.820240000994314536e-04 2.839751895035395467e-04 2.768550777593212307e-04 1.689838593690327678e-04 4.003366103221166271e-06 -1.545741432484151517e-04 -2.472707838276053159e-04 -2.430099195105846210e-04 -1.501277159309467499e-04 -9.156015290554302881e-06 1.252080682237755851e-04 2.042940139004120639e-04 2.028283280028684947e-04 1.276224852992276758e-04 1.244442817343503130e-05 -9.786251119696155753e-05 -1.645379274372359504e-04 -1.670093489542753330e-04 -1.086145119633524770e-04 -1.462665299329039945e-05 7.828639886491948888e-05 1.368039488582334785e-04 1.424873203768778113e-04 9.647991059275007016e-05 1.795129546322016221e-05
3.826942696309354464e-02 3.205037059874072530e-02 2.255045914536219637e-02 1.154647020125500884e-02 1.528338300278664526e-03 -5.445992628138511017e-03 -8.379257528522315521e-03 -7.506207729935087183e-03 -4.060572833864739550e-03 2.049713994611122457e-04 3.593110949580650276e-03 4.989164885782959927e-03 4.175661140612637635e-03 1.801941783725611148e-03 -9.734163005856469276e-04 -2.993764422430971166e-03 -3.546112228720340112e-03 -2.580931891234795016e-03 -6.571293137538728206e-04 1.340830355136990448e-03 2.586938771189230529e-03 2.639362014388979289e-03 1.582681808573029774e-03 -5.112878508243303273e-05 -1.534635342327185167e-03 -2.258784047445173016e-03 -1.977088756357208744e-03 -8.811516922669146304e-04 5.123940749249668389e-04 1.599754435860864217e-03 1.944908759131465121e-03 1.448848655114394132e-03 3.705045494773604375e-04 -8.023990520058052337e-04 -1.571192126353821621e-03 -1.635406351297675901e-03 -1.006396760192879896e-03 1.472711865391867224e-05 9.778489273224964806e-04 1.480139150267136949e-03 1.333135506641192373e-03 6.309645875708647100e-04 -3.038961527237992702e-04 -1.067058508105589139e-03 -1.345179012270229487e-03 -1.043140934995657847e-03 -3.144872639564563147e-04 5.144709556162839655e-04 1.090089477171633618e-03 1.181260638219174073e-03 1.862376310839450701e-04 4.053701442154089866e-04 7.341923765945375033e-04 1.069922264509098712e-03 1.268958892428251242e-03 1.242897957106653449e-03 1.002404907325378600e-03 6.185782021321235922e-04 1.711472961876286697e-04 -2.525632297150652485e-04 -5.451981308261594694e-04 -6.163931476420463941e-04 -4.568159230753373137e-04 -1.535174368684065905e-04 1.610080544546206908e-04 3.731003589869462509e-04 4.222672753306690044e-04 3.097333568399799524e-04 9.321676605994912818e-05 -1.356221910972738932e-04 -2.884605100487201506e-04 -3.133933183169044915e-04 -2.097033817558486071e-04 -2.530584567531632002e-05 1.611940093425182432e-04 2.728608547725483555e-04 2.683830634176220331e-04 1.573859327744372375e-04 -9.256366566651911350e-06 -1.630651852659520461e-04 -2.440041699657997660e-04 -2.233285578637385620e-04 -1.154064206708984647e-04 3.003951181301224777e-05 1.521178161199066882e-04 2.047895297259616975e-04 1.729304506081783335e-04 7.554989604519084983e-05 -4.348028190900868692e-05 -1.349099191959841177e-04 -1.652451054086920637e-04 -1.285301313301143091e-04 -4.499606147621757038e-05 4.927019233565661181e-05 1.167189833129132748e-04 1.329734720357173060e-04 9.602527274577876465e-05 2.504379910663141539e-05 -4.966500041643975697e-05 -9.921999276165711533e-05
3.482833700024181439e-02 2.881648511185242942e-02 1.972384033019334432e-02 9.372596956792064379e-03 2.336559142812215709e-04 -5.744778394866177813e-03 -7.759120037979168848e-03 -6.267575103301382261e-03 -2.671949321299704576e-03 1.241879681400614522e-03 3.912875899036502916e-03 4.498262739778284905e-03 3.092387002393328418e-03 5.749737790601591562e-04 -1.841977766358281155e-03 -3.152093986738728829e-03 -2.938653180935696385e-03 -1.472915756668638325e-03 4.759683779661987111e-04 2.014717236321832833e-03 2.515774021290551922e-03 1.859196341192290375e-03 4.364309121707884683e-04 -1.062251309586507856e-03 -1.969389388840538969e-03 -1.928597407732649937e-03 -1.028505447759314739e-03 2.685661419412898069e-04 1.358448642174476736e-03 1.771417360829966557e-03 1.368155447895445147e-03 3.785215113678653599e-04 -7.221818792596862348e-04 -1.437386214565318119e-03 -1.470694455465737646e-03 -8.456206244381906604e-04 1.236550119704390115e-04 9.875659459817416521e-04 1.366787404907661603e-03 1.116640749526436266e-03 3.798927208613661513e-04 -4.909749772332379402e-04 -1.101359426023203582e-03 -1.191801083476072337e-03 -7.461175923277246552e-04 1.285735257711876180e-05 7.327351103972467748e-04 1.094092606253927987e-03 9.515173725477529864e-04 3.905677618628668234e-04 3.159945812808084235e-04 6.715187617131936765e-04 1.183130309525484139e-03 1.678306162871350590e-03 1.935939516825468292e-03 1.824554296056396345e-03 1.367255778239459150e-03 7.003940942452710006e-04 -3.459984622123235063e-06 -5.737155718136606897e-04 -8.626956745903582033e-04 -7.979270910824728686e-04 -4.373483664945632685e-04 4.397257802646189839e-05 4.407608263336053843e-04 6.105061166549341110e-04 5.175887870795979270e-04 2.291836884010582350e-04 -1.193930171920771350e-04 -3.808000339138721308e-04 -4.562599726822947179e-04 -3.319025082635563726e-04 -7.562608713984034399e-05 1.963695271348062132e-04 3.676460929857558240e-04 3.699206521584682693e-04 2.122373910240737645e-04 -2.677543971753824654e-05 -2.394376340006730650e-04 -3.376282864425445159e-04 -2.869736005635328152e-04 -1.175819840420176145e-04 9.083869057467979706e-05 2.457597257111004420e-04 2.842796718315831702e-04 1.988164001369168072e-04 3.511256531755480422e-05 -1.316358042182002902e-04 -2.299902553251966799e-04 -2.224319747189880707e-04 -1.200077212763221344e-04 2.596552956638555811e-05 1.499242003631656576e-04 2.010963796405870611e-04 1.630203256582478941e-04 5.802240152900751345e-05 -6.422033553449643271e-05 -1.498746309532271199e-04 -1.649984120696537031e-04 -1.084920169232885532e-04
3.200067005259314701e-02 2.614361005248721365e-02 1.737611774011611071e-02 7.574796000359221293e-03 -7.984204721782219667e-04 -5.900274986547994829e-03 -7.119045343761948655e-03 -5.130317083694375772e-03 -1.487044499611032749e-03 2.019239799236462966e-03 3.991703284413732240e-03 3.870673505619937668e-03 2.041820492012614858e-03 -4.392277981524246198e-04 -2.379704356723486101e-03 -2.984106946549095439e-03 -2.148860201436630230e-03 -4.223645492820458968e-04 1.310320141402030510e-03 2.255596309233311603e-03 2.057733878379437286e-03 9.173780029132593125e-04 -5.518853552821622026e-04 -1.639269417174008285e-03 -1.868698357629941520e-03 -1.198773624822341418e-03 -1.047768122510474626e-05 1.100253718311629833e-03 1.616629288747415804e-03 1.336569558812997086e-03 4.438586746941686895e-04 -6.037747434711556891e-04 -1.304643446882954114e-03 -1.349378874876511116e-03 -7.546954529674430650e-04 1.632284079239534490e-04 9.545510657864752146e-04 1.253961648357079231e-03 9.464056310928054992e-04 2.075989371144686796e-04 -5.928079009351348632e-04 -1.074405643462296098e-03 -1.025822042017901763e-03 -4.956195100891510252e-04 2.437491761494639932e-04 8.345778949035401358e-04 1.005354222530608277e-03 6.942964573254804990e-04 6.932179321802671272e-05 -5.612235780565965303e-04 3.490193437227026444e-04 7.361130972177420398e-04 1.282781851161057416e-03 1.792752142712024160e-03 2.024151960775746363e-03 1.842976324123865193e-03 1.293271125726556253e-03 5.489083073273063685e-04 -1.803189806176248931e-04 -7.059682227761758305e-04 -8.931319666073821596e-04 -7.094851196705027159e-04 -2.635910854964354836e-04 2.311343968715147369e-04 5.613441997026304879e-04 6.116697103821257513e-04 3.980308434317595019e-04 4.116242526964393906e-05 -2.922287942446316600e-04 -4.605501676143281247e-04 -4.063374489018241288e-04 -1.745722793792524341e-04 1.170979182228510193e-04 3.349988311994907264e-04 3.862122770093101651e-04 2.567826718656205341e-04 1.622008061032292845e-05 -2.180966202106671462e-04 -3.395803943111070115e-04 -3.009493749268901067e-04 -1.298805801987174631e-04 8.883617080030407713e-05 2.534988972676668006e-04 2.923105818768696024e-04 1.958580724660451892e-04 1.773901197901833345e-05 -1.555694753585327701e-04 -2.466401232720872639e-04 -2.202880944275361730e-04 -9.624003862947350791e-05 6.262437846137614548e-05 1.816609220566615653e-04 2.100388756982459154e-04 1.419672197846897472e-04 1.509325176299808106e-05 -1.095685608196711984e-04 -1.759242938670596654e-04 -1.577808868840433615e-04 -6.932172450971656674e-05 4.422657946468706256e-05
2.961851521768500001e-02 2.390202471316421953e-02 1.543010161639961179e-02 6.125583384948225622e-03 -1.566450921084330166e-03 -5.910083430795901559e-03 -6.475781583178259054e-03 -4.131447670259306287e-03 -5.443044741832366333e-04 2.525635453880003493e-03 3.866244861761802560e-03 3.189311351784573922e-03 1.123348777305678732e-03 -1.172724523354914516e-03 -2.593839731206999590e-03 -2.586863048196278575e-03 -1.334772081582258439e-03 4.180248909525020634e-04 1.775433868948800157e-03 2.125048248733349496e-03 1.398936958705472794e-03 5.344496809633750219e-05 -1.198712784898636969e-03 -1.753413333810095124e-03 -1.395678923941610092e-03 -3.720896204973693413e-04 7.628929778094631050e-04 1.439812537458107482e-03 1.355452944589822855e-03 6.034303238799291298e-04 -4.001592051545115178e-04 -1.143089631042583333e-03 -1.273908505326579654e-03 -7.641840975471400708e-04 9.628549331064572756e-05 8.607184596551868596e-04 1.155399737108226115e-03 8.600868019802605530e-04 1.527256440463194620e-04 -5.945512741288640516e-04 -1.008821436791770745e-03 -9.007213512191017055e-04 -3.495821000247511514e-04 3.491200524647460534e-04 8.412403315372467012e-04 8.922122480887746503e-04 4.970811818668834439e-04 -1.277590399622514927e-04 -6.614918011529349537e-04 -8.426945214399980113e-04 3.362125065783826074e-04 7.058392486607716499e-04 1.220169056818340945e-03 1.683151383281319361e-03 1.860499710781309945e-03 1.633526228679431673e-03 1.066162388971032739e-03 3.494195462933936155e-04 -3.022010857828020744e-04 -7.153209692206813353e-04 -7.888161453045922696e-04 -5.310346877454125928e-04 -8.011198530863598388e-05 3.469716052214057156e-04 5.632884824326114424e-04 5.004757807623228579e-04 2.227981437732187708e-04 -1.206487201889918178e-04 -3.685167200249449336e-04 -4.173095776512349359e-04 -2.640692436106403633e-04 9.850113328810878986e-08 2.415889567488058230e-04 3.492790138574385539e-04 2.815992023225885859e-04 8.094115701079124638e-05 -1.486504999430711621e-04 -2.939331493261089522e-04 -2.896872718386885558e-04 -1.479281570819611239e-04 5.463798396252512508e-05 2.181397563006245912e-04 2.672624341277447021e-04 1.854084377555831635e-04 2.040458489763990037e-05 -1.424712586870118870e-04 -2.254610371439416921e-04 -1.953419421244352952e-04 -7.480244498281935666e-05 7.271867852367578050e-05 1.751413127740020605e-04 1.865484216384696392e-04 1.081366974369669395e-04 -1.573579046265834248e-05 -1.227198061749573590e-04 -1.634559604256002549e-04 -1.233048424924885578e-04 -2.685803800365544518e-05 7.583657735012130799e-05 1.350052056838272555e-04
2.733379495731231082e-02 2.175852566316732739e-02 1.358657166800672327e-02 4.787201707034721178e-03 -2.218479626451024932e-03 -5.816238478714166014e-03 -5.772343990261759837e-03 -3.147753201815950332e-03 2.962026558324521689e-04 2.868311766607635135e-03 3.578550946840299528e-03 2.424900957427774013e-03 2.553808566399693933e-04 -1.725654800966111872e-03 -2.568557883041947248e-03 -2.004532786866478501e-03 -4.915694363382680033e-04 1.097477258759860025e-03 1.950715846798729228e-03 1.711943475451231612e-03 6.125481309646706174e-04 -7.013217809889292107e-04 -1.534376933123882906e-03 -1.499019528281189716e-03 -6.848331386362456388e-04 4.261225326678592809e-04 1.234884839968024934e-03 1.341601258162966256e-03 7.388455501564578434e-04 -2.111701901246122877e-04 -9.901908590622633330e-04 -1.203131529905740677e-03 -7.739706646203461894e-04 3.518772706316740997e-05 7.798337333220183021e-04 1.074376184187675462e-03 7.898890559469307895e-04 1.068881292255952688e-04 -5.962675496201907651e-04 -9.511103612575246740e-04 -7.897762797211024637e-04 -2.221389261589291236e-04 4.348208417185972616e-04 8.325769013022058483e-04 7.751190377290601138e-04 3.140270280609413003e-04 -2.906602662682212699e-04 -7.159981324038928877e-04 -7.472677712057523890e-04 -3.852929840994725628e-04 3.723890010060980252e-04 7.749714727255141737e-04 1.322492600474208749e-03 1.792206351805985566e-03 1.930462872040499900e-03 1.622998716061836190e-03 9.639380980740200550e-04 1.875384093183385338e-04 -4.575662449292060567e-04 -7.933782135545796926e-04 -7.500276013414412758e-04 -3.898229985467834631e-04 9.905226088905233158e-05 4.793304447986396861e-04 5.849450577184334577e-04 4.005021362490680261e-04 4.994174631133603564e-05 -2.810192820227882886e-04 -4.366170099668224901e-04 -3.593359602969208272e-04 -1.099709816106406098e-04 1.711550310899066741e-04 3.411720519582045496e-04 3.249812453018720336e-04 1.443941523896625752e-04 -9.980485550416694684e-05 -2.803600365040884949e-04 -3.082941792217257573e-04 -1.779789664599361375e-04 3.412116544799459971e-05 2.151807746049641383e-04 2.762924820054361375e-04 1.945818209796419207e-04 2.015500453641883035e-05 -1.527104912645536612e-04 -2.361342279628023751e-04 -1.941449588679015729e-04 -5.747151919086729288e-05 9.802350898123212721e-05 1.931153270153309351e-04 1.843061126663325558e-04 8.305589440141783366e-05 -5.291799649512787763e-05 -1.519663321742951653e-04 -1.665732636115776003e-04 -9.570572344376122897e-05 1.870045789546060316e-05 1.159208602709589219e-04 1.477630766151356238e-04 1.021671365993403861e-04
2.517189286662373585e-02 1.975447094677081072e-02 1.190357645255450160e-02 3.622491862517268364e-03 -2.708558588976036144e-03 -5.610330161298754045e-03 -5.044938129189823449e-03 -2.246224116161603130e-03 9.684787170417803823e-04 3.018293618374949788e-03 3.158094087360555600e-03 1.657897801779775575e-03 -4.676739549307211332e-04 -2.040457575424814863e-03 -2.321506290228395660e-03 -1.332280085640048144e-03 2.490131483534972073e-04 1.515755332624331648e-03 1.828447620397137714e-03 1.119426513387987909e-03 -1.286975493543615254e-04 -1.191089142965437008e-03 -1.509426063506493377e-03 -9.754023802004477273e-04 5.092413539086891507e-05 9.728068544600818957e-04 1.294962893556779330e-03 8.831657786929870361e-04 1.270442267192020690e-05 -8.086250951881968334e-04 -1.133434547191731383e-03 -8.150708653157540421e-04 -6.762143023810219286e-05 6.735621959601603703e-04 1.002076020343495733e-03 7.605145059790987920e-04 1.130117399440013951e-04 -5.623325220131615608e-04 -8.927125167387958910e-04 -7.145971223086814957e-04 -1.516944060760251156e-04 4.675406750043338533e-04 7.996597689066830975e-04 6.753091713304824840e-04 1.843666523907120259e-04 -3.856740704619125303e-04 -7.173592514653621922e-04 -6.390519671544132689e-04 -2.121245130833451559e-04 3.132603904046398153e-04 4.192171545817828071e-04 8.648483740559737877e-04 1.456745909295061947e-03 1.938581023096214813e-03 2.032682243328956008e-03 1.631074484838013639e-03 8.657417566505287492e-04 2.259859008727248803e-05 -6.123680266058132175e-04 -8.611004275156156334e-04 -6.946329088112189205e-04 -2.375648491937129385e-04 2.710626290116563745e-04 5.823582621781122791e-04 5.651291812680254815e-04 2.678393017750169440e-04 -1.260622199567406200e-04 -4.075532783879136389e-04 -4.469202187162139872e-04 -2.488001111840931583e-04 6.087504535532068436e-05 3.089627396600268315e-04 3.702267940037096529e-04 2.285326701382858869e-04 -2.579935612027490276e-05 -2.512389594646200408e-04 -3.300019458608946673e-04 -2.279326277684508013e-04 -9.875537488144875854e-06 1.999590029409454076e-04 2.898236053971794696e-04 2.201868346301102323e-04 3.885069961370751128e-05 -1.507482549676924675e-04 -2.472561084548928045e-04 -2.052078243694579530e-04 -5.671862058396478579e-05 1.109700977337461073e-04 2.071527651175542452e-04 1.863736249324121738e-04 6.823866593017876387e-05 -7.779712673472383101e-05 -1.719550633751317241e-04 -1.672578648791183027e-04 -7.315247716787007010e-05 5.341695284377643324e-05 1.424703956591324473e-04 1.492505185743825413e-04 7.570822773209789653e-05 -3.368190359271989889e-05
2.306747018586701933e-02 1.784759685859093822e-02 1.036766825638186368e-02 2.639560867288390407e-03 -3.025201583963550191e-03 -5.295936286718542357e-03 -4.319000757445997339e-03 -1.463617928097972346e-03 1.447461016017754761e-03 2.984007089768579615e-03 2.652113165831864079e-03 9.556931454350086263e-04 -9.946004714160364135e-04 -2.117221727574595484e-03 -1.915842139109235264e-03 -6.724335799882063917e-04 7.978796174070155230e-04 1.651883478714320178e-03 1.480623025794375889e-03 4.868794871470955694e-04 -6.877595287036462109e-04 -1.361194223170754912e-03 -1.196257849665702212e-03 -3.593702228150262730e-04 6.173186532352787498e-04 1.165927558603975338e-03 1.004842105382002318e-03 2.763188787902944466e-04 -5.632371595399514146e-04 -1.024012281889186181e-03 -8.653901658205941875e-04 -2.177606373724569799e-04 5.163384048049680583e-04 9.097063656957844529e-04 7.558474186086025634e-04 1.740916957432671677e-04 -4.767693947192458296e-04 -8.175561532498175571e-04 -6.681350751171302206e-04 -1.403636885720124349e-04 4.421066452844038173e-04 7.407433970316564453e-04 5.970345095835227073e-04 1.148173274498564368e-04 -4.115827247285631495e-04 -6.758589869091666865e-04 -5.372916587323110652e-04 -9.424942365463425374e-05 3.837936876622242586e-04 6.193116677020826365e-04 4.706900447464726486e-04 9.626071901777426753e-04 1.599965891954244256e-03 2.089037971710870807e-03 2.128088548112184314e-03 1.621144422733545145e-03 7.465554273606082565e-04 -1.529206671623199027e-04 -7.570504206030710323e-04 -8.989714429041757195e-04 -6.039907185333124890e-04 -6.581617224224440123e-05 4.312264630717034270e-04 6.432695379680822148e-04 4.929822564782234155e-04 1.023212325465183085e-04 -2.930341219204806694e-04 -4.829122254454713738e-04 -3.889821833429576883e-04 -9.130009666753020545e-05 2.274837020858120717e-04 3.888398767098890751e-04 3.169841586550618795e-04 7.215849211866604484e-05 -1.956430536413077961e-04 -3.363141499313967173e-04 -2.799177201978529845e-04 -6.946667023212826258e-05 1.678818143707938506e-04 2.963574444623405437e-04 2.502496831566140378e-04 6.735192396132383223e-05 -1.403163040079015650e-04 -2.549910933097457116e-04 -2.187468421028638632e-04 -6.188022796056050017e-05 1.190051156898111820e-04 2.198598106577271543e-04 1.894511234712731220e-04 5.465746211664169432e-05 -1.011576696323469892e-04 -1.890740413631500599e-04 -1.641593840272579220e-04 -4.778011578540460660e-05 8.803907913245810222e-05 1.646638603641618914e-04 1.425403629797310440e-04 4.100485489244516034e-05 -7.717883511662090173e-05 -1.441232248463007195e-04
2.092119191365787029e-02 1.593681927102870433e-02 8.881181465386668583e-03 1.755825328591742495e-03 -3.221684350626979106e-03 -4.887583359446523792e-03 -3.571590119505749835e-03 -7.523263592549392668e-04 1.785924493547537840e-03 2.804748958446361042e-03 2.074792203007080112e-03 3.049270444111492132e-04 -1.360846847979374193e-03 -2.002589086301302407e-03 -1.394930351796006343e-03 -4.898071666623666549e-05 1.164012533031254628e-03 1.551898653549450792e-03 9.780830330753565068e-04 -1.193568842495560371e-04 -1.039150427808105967e-03 -1.251286902928484910e-03 -6.930992552870345394e-04 2.350233293832954895e-04 9.471711793535397394e-04 1.034321763020276024e-03 4.914934871640527694e-04 -3.103808807847874100e-04 -8.713398648098125750e-04 -8.692204476730469370e-04 -3.414611706718776070e-04 3.601872893431722370e-04 8.014463212514906162e-04 7.317735053524850259e-04 2.231628210529953700e-04 -3.923673055656482704e-04 -7.368320544058420095e-04 -6.162900205656140140e-04 -1.282418322276409348e-04 4.126646246205606014e-04 6.763614935673045378e-04 5.172842519840446492e-04 5.237923259078152230e-05 -4.224707201319182750e-04 -6.192472144697498638e-04 -4.313786559023711012e-04 9.839065187739153543e-06 4.255453226372695407e-04 5.650073955807280793e-04 3.559667886286107521e-04 5.248774549015296220e-04 1.064303688528120753e-03 1.745490028479476522e-03 2.234714708177014050e-03 2.207642486951928544e-03 1.586967195691614714e-03 6.055579914548679145e-04 -3.337518694211622037e-04 -8.825955908970292392e-04 -8.991202478636642695e-04 -4.764850788421992785e-04 1.188266866347615307e-04 5.681396384637949111e-04 6.535446573988069842e-04 3.702808180844498046e-04 -8.238943912009205443e-05 -4.322464651530666261e-04 -4.955813435735644933e-04 -2.686830874193916877e-04 8.951658767633774341e-05 3.603539460039764317e-04 3.940908735167885138e-04 1.916534953289544916e-04 -1.079476267441517232e-04 -3.212905506742010173e-04 -3.305383562551943025e-04 -1.446116507475103230e-04 1.153712754711528910e-04 2.920262168733887939e-04 2.856122492821511574e-04 1.110763665175757483e-04 -1.171052917679713668e-04 -2.603425291326764176e-04 -2.401186119613027523e-04 -7.948113183572039382e-05 1.175581304928093767e-04 2.319128609979344323e-04 2.008282087355889626e-04 5.237446982684589556e-05 -1.171105292903477788e-04 -2.055916357551764806e-04 -1.662225362996933703e-04 -3.064652675084317073e-05 1.148031956393271721e-04 1.829557612240115857e-04 1.376288691175686218e-04 1.274781825722499969e-05 -1.121339149532257919e-04 -1.625634421776897629e-04 -1.131008392560698707e-04
1.883593246941589819e-02 1.412729920240667764e-02 7.542016512944190940e-03 1.042169620642902431e-03 -3.275035122899951426e-03 -4.417229718464071170e-03 -2.872450939097631172e-03 -1.817941790098481108e-04 1.956071805816337900e-03 2.515434356500509221e-03 1.509194830279505031e-03 -2.092478128984182539e-04 -1.532421128487621974e-03 -1.741868528822931124e-03 -8.653255124608315958e-04 4.293618842294200555e-04 1.304792765189467059e-03 1.274700650488394624e-03 4.570465296495172932e-04 -5.619434741849720734e-04 -1.130877570392816930e-03 -9.378325787733931326e-04 -1.719016215107932899e-04 6.376520827073434150e-04 9.796637839031498325e-04 6.771287784366331183e-04 -3.070541847131787172e-05 -6.696281913755806588e-04 -8.422949705755400189e-04 -4.706769091665214235e-04 1.756085619784668035e-04 6.706362819350955573e-04 7.105693356012430639e-04 2.976517560870405379e-04 -2.803123123608587588e-04 -6.483315442515654023e-04 -5.850275828914091930e-04 -1.535375309045084022e-04 3.532680787402017026e-04 6.099589458720684580e-04 4.664322878506685626e-04 3.385708061108877909e-05 -3.993157464573069033e-04 -5.585763363084580513e-04 -3.558415645633338778e-04 6.372312494173070776e-05 4.240637137731711787e-04 4.990401739501286807e-04 2.537371784172262243e-04 -1.420308664531459871e-04 5.295809461243783682e-04 1.067015260700432096e-03 1.731151857636212266e-03 2.178360697327776530e-03 2.089849766774495854e-03 1.414855337133051312e-03 4.225731323880868562e-04 -4.612348288290527899e-04 -8.992056465550447809e-04 -7.964186766038461015e-04 -3.066238487139193560e-04 2.650240978259472014e-04 6.096864660033689395e-04 5.664983400751042765e-04 2.041024140218300356e-04 -2.315111523378154306e-04 -4.771361746383325159e-04 -4.103325487355564114e-04 -1.053733340353841332e-04 2.312674563716767841e-04 3.937088005255033000e-04 2.985657629026662640e-04 2.642170896554285159e-05 -2.400360072104935178e-04 -3.372481585861966994e-04 -2.190656952967036256e-04 2.623142410485401874e-05 2.399416939760089273e-04 2.927349665917468617e-04 1.615346271951157645e-04 -6.114807670417276263e-05 -2.309818880860658714e-04 -2.460121405337168136e-04 -1.077729034406253137e-04 8.756980506457345175e-05 2.154847147195194067e-04 2.011797045158734347e-04 6.251334770593239493e-05 -1.062041245647740110e-04 -1.976579516789826437e-04 -1.599370442673226874e-04 -2.525986359203153444e-05 1.163127870997351004e-04 1.765712557839267140e-04 1.230924403222378657e-04 -4.103550353662875900e-06 -1.212375680389517506e-04 -1.555996408732621453e-04 -9.071349961747801496e-05 2.687963633069589386e-05
1.701035572794595482e-02 1.256114122298691502e-02 6.413090871201971438e-03 4.834417741603146113e-04 -3.250976349027789349e-03 -3.959043042087166848e-03 -2.265041444644008868e-03 2.557003321772889659e-04 2.011011731853854043e-03 2.186095800706053423e-03 1.004784943632476080e-03 -5.861040016898405938e-04 -1.561142224747093070e-03 -1.414825985522108779e-03 -3.921288035158029903e-04 7.512608661036343548e-04 1.275562706444809602e-03 9.178149045945493099e-04 4.258522812603656799e-06 -8.188245791556496593e-04 -1.027655080981120829e-03 -5.440145046837700348e-04 2.544037674819826940e-04 8.178142559792222349e-04 7.964483853112993075e-04 2.513962449616732636e-04 -4.191978138989352863e-04 -7.658013816709949208e-04 -5.832879753651033956e-04 -2.713075650203719438e-05 5.118657709784791036e-04 6.786829806327989269e-04 3.857431968177584577e-04 -1.456139463433822146e-04 -5.500011559889514054e-04 -5.673046747697583266e-04 -2.074919941951090742e-04 2.711600442679658112e-04 5.453750298706539802e-04 4.436925870290243283e-04 5.237950226909629682e-05 -3.546080534964113655e-04 -5.066596129432946599e-04 -3.153368778174769557e-04 7.638282131897349957e-05 3.996865022382829259e-04 4.432538847956610066e-04 1.904895461089410396e-04 -1.778936548779196461e-04 -4.123428622326978958e-04 5.550348224295717503e-04 1.110048718761279859e-03 1.779098255638636786e-03 2.196346909418560485e-03 2.040614299644486797e-03 1.290341814588947915e-03 2.616874233323263099e-04 -5.858635183571553199e-04 -9.218734199009275335e-04 -7.020958153803905045e-04 -1.474805797205396029e-04 3.954627784079415274e-04 6.319526447264850596e-04 4.656320938146472433e-04 4.147523102208424659e-05 -3.548496095119944415e-04 -4.837660473987129956e-04 -2.963158509718086015e-04 5.610796348101360976e-05 3.361196389855515489e-04 3.740195621655163522e-04 1.671186300790566460e-04 -1.309194527450499037e-04 -3.198528564945882246e-04 -2.861590086810977471e-04 -6.915067770228709753e-05 1.777634650549703892e-04 2.940435436706327274e-04 2.135099465482554577e-04 1.057044789572894045e-07 -1.999109751097122431e-04 -2.571610028561357379e-04 -1.434776033866940793e-04 5.563634190553923416e-05 2.050214226759632140e-04 2.112980660889164934e-04 7.983120073207999412e-05 -9.536597852845641666e-05 -1.974869046547804213e-04 -1.642367422382900403e-04 -2.581687024809508428e-05 1.204574156177485119e-04 1.785890741277019632e-04 1.164410610920700069e-04 -1.798953918006204825e-05 -1.327898053409701457e-04 -1.540851934047352467e-04 -7.317758898644909787e-05 5.105566051285402487e-05 1.346194710655964895e-04
1.527507741374306040e-02 1.108451493204688082e-02 5.370236330534568919e-03 -1.844006649031985738e-08 -3.175988601321026641e-03 -3.490558256636554831e-03 -1.696883792769419280e-03 6.150510763478040863e-04 1.983296163137817768e-03 1.815494035557315734e-03 5.317878395012833048e-04 -8.669829870216167562e-04 -1.480723484186362640e-03 -1.034373285688267204e-03 3.612499685430831613e-05 9.472364729637565471e-04 1.114188222144971586e-03 5.112031586354276068e-04 -3.730696231427874945e-04 -9.137327793729943092e-04 -7.786550208476082039e-04 -1.226150726343765856e-04 5.602880526502516034e-04 7.999819513425216432e-04 4.684128390071391279e-04 -1.610971261240943966e-04 -6.330214480359724677e-04 -6.346722431605889654e-04 -1.980111797711862172e-04 3.471045272002583186e-04 6.180356181309145779e-04 4.446591086399454820e-04 -2.649070801903123676e-05 -4.519751944452564136e-04 -5.401287214072075880e-04 -2.491172615093529977e-04 1.989630931924620742e-04 4.859002924498148461e-04 4.214424867004245992e-04 6.779741948662951624e-05 -3.157574900425096694e-04 -4.617944256070701664e-04 -2.804744162225921572e-04 8.692846105739367136e-05 3.771864372991777753e-04 3.928679223355633710e-04 1.354222742218241001e-04 -2.048706996115931675e-04 -3.885811512767478951e-04 -2.949513540357747658e-04 5.968788389663788043e-04 1.184032399840069701e-03 1.872306815011564977e-03 2.263201834135427238e-03 2.028525916691529749e-03 1.182294393332843259e-03 1.003517038762487246e-04 -7.150751589807567482e-04 -9.423414665933559347e-04 -5.987972299485984449e-04 1.701388303622891038e-05 5.168953395999676846e-04 6.312514198393381990e-04 3.422785036129023621e-04 -1.240381607735336809e-04 -4.532327113300227981e-04 -4.498749632617082004e-04 -1.535904469271070561e-04 2.107243208972155082e-04 3.976082361019969810e-04 3.009487799537840049e-04 1.030547055928258828e-05 -2.629305828626838770e-04 -3.352671796890308400e-04 -1.733001785471794396e-04 9.503852283575576240e-05 2.803131912467039908e-04 2.637465139964788210e-04 7.028802093032027729e-05 -1.583964862809495821e-04 -2.654938926273488274e-04 -1.855585374160975459e-04 1.544208842748319289e-05 1.926696174974154455e-04 2.269756855686073103e-04 1.046226880596802517e-04 -8.106095785836819727e-05 -2.001003024636392703e-04 -1.756216484604429669e-04 -3.275781138668393380e-05 1.238437408445389274e-04 1.860696361934060855e-04 1.170898305331288190e-04 -2.775432847151847396e-05 -1.449495064182766278e-04 -1.563143527940535817e-04 -6.020680976736322263e-05 7.178804209796035580e-05 1.473330481254027315e-04 1.176171497352697246e-04
1.380033431536683945e-02 9.832568285229281030e-03 4.495434849244509326e-03 -3.861598762227762618e-04 -3.078119929328518040e-03 -3.065477835363864065e-03 -1.216244868232862347e-03 8.792487475233547482e-04 1.896234652590336267e-03 1.454245875547030770e-03 1.383903785371528303e-04 -1.036947110960467246e-03 -1.322482980777005442e-03 -6.624552886870954411e-04 3.650189024124499354e-04 1.008702415452481654e-03 8.700175711600500843e-04 1.355303277611488407e-04 -6.155034209385308770e-04 -8.534804900793671644e-04 -4.609853355046518030e-04 2.248558037434991524e-04 6.896592315541816634e-04 6.198838678273828730e-04 1.090976824539016476e-04 -4.413176917423361446e-04 -6.331678171426043588e-04 -3.552744322155316895e-04 1.595715981199447746e-04 5.257373281719962760e-04 4.898050748255103207e-04 1.026316940323378397e-04 -3.357175035161261167e-04 -5.060820397641133724e-04 -3.009840681225278724e-04 1.103172667774273053e-04 4.197478950325836834e-04 4.097190828174973381e-04 1.041740744899536839e-04 -2.614838766049619760e-04 -4.202500033923525845e-04 -2.673469271154396069e-04 7.180023536698405123e-05 3.431269229946741473e-04 3.537148776307102744e-04 1.080430994703317199e-04 -2.047990998064144373e-04 -3.559335549877485835e-04 -2.432097759914760276e-04 4.069728728713317657e-05 6.248880338565524200e-04 1.230173010076454632e-03 1.920367494429162190e-03 2.273437510190877940e-03 1.963717086565159361e-03 1.044358717401656315e-03 -5.561939611524451151e-05 -8.071049639669608360e-04 -9.150444202842008363e-04 -4.667278334311720633e-04 1.708231875368993271e-04 5.916231984468761163e-04 5.759658841040116856e-04 1.929991743266900055e-04 -2.663358104074216477e-04 -4.910492880934629522e-04 -3.572884214552053011e-04 4.457508923587670149e-06 3.230899258500499294e-04 3.851725220342258832e-04 1.730728904156899641e-04 -1.413140274433425704e-04 -3.293622461858986342e-04 -2.683077697645391293e-04 -2.040548244605648500e-05 2.242885517266295569e-04 2.926265032149737459e-04 1.492966354904183058e-04 -8.982769177854867592e-05 -2.501448018362257761e-04 -2.237563135728703643e-04 -4.080907446764715871e-05 1.592997875877280611e-04 2.331071245264780263e-04 1.361686261976285961e-04 -5.134719428047065286e-05 -1.903808474511189670e-04 -1.855607557684369878e-04 -4.928600762307970052e-05 1.138169633171904845e-04 1.860128026470948869e-04 1.209244042773105450e-04 -2.689933477458378468e-05 -1.467648997807882271e-04 -1.547239260898433774e-04 -5.184641062567147730e-05 8.209295892229431151e-05 1.499457437137271740e-04 1.068521336412166906e-04 -1.059551299540273817e-05
1.248378611890893150e-02 8.724654176074951584e-03 3.737186686362825062e-03 -6.983818464742366046e-04 -2.960624676943904819e-03 -2.676341894810696943e-03 -8.116644566733895606e-04 1.060723662582437011e-03 1.761784331601880249e-03 1.110749662774531722e-03 -1.762770744544956759e-04 -1.110771899959239707e-03 -1.112261312571717663e-03 -3.227978684897296158e-04 5.905738038786634498e-04 9.606608754420397234e-04 5.871864967504890082e-04 -1.732931904989992071e-04 -7.239012342467360424e-04 -6.834992702545543680e-04 -1.404876776934274563e-04 4.570081951908732971e-04 6.610484959173536408e-04 3.529033252938123459e-04 -1.958468662359712264e-04 -5.557177755521285458e-04 -4.715543399607041784e-04 -3.924700526745268512e-05 3.926811106801208606e-04 5.010972407283121113e-04 2.263031228285344713e-04 -2.015072940929317502e-04 -4.520343826551777560e-04 -3.475360968680617636e-04 1.287467844078874637e-05 3.435143159458335736e-04 3.973843917129793566e-04 1.492074757581936608e-04 -1.983215355111808643e-04 -3.788603544519877952e-04 -2.650539199066880534e-04 4.303406375503596089e-05 3.039804201082599473e-04 3.233034118157785178e-04 9.781749230075852423e-05 -1.910627588564479029e-04 -3.228005964594880144e-04 -2.053878972504167232e-04 6.167787241358802560e-05 2.708088983079355648e-04 6.297227204822378752e-04 1.231729188979760643e-03 1.900815938480249819e-03 2.206345524651881582e-03 1.835876789002410456e-03 8.801145349925544722e-04 -1.932639291029036584e-04 -8.498890361895633299e-04 -8.386556138670580966e-04 -3.176912443408146081e-04 2.970206918198826300e-04 6.113537210399207222e-04 4.756402547160144411e-04 4.143573176633020796e-05 -3.635043538890860666e-04 -4.653270953962915322e-04 -2.272586602484568850e-04 1.449380879809676723e-04 3.721214141320824107e-04 3.073571860804925047e-04 2.615931781652897528e-05 -2.483870010269245091e-04 -3.167822698193250219e-04 -1.448743137184561837e-04 1.223268517207705386e-04 2.796205069761684668e-04 2.183162876038996817e-04 -3.618706106960930919e-07 -2.040196767009847705e-04 -2.441441135316935532e-04 -1.022810498682993283e-04 1.054928204048898282e-04 2.216399558364419073e-04 1.657420689739830461e-04 -9.835911258872508415e-06 -1.668261776761602343e-04 -1.898735690346409568e-04 -7.073553326011746626e-05 9.321240658782093498e-05 1.778184747312616773e-04 1.250339608502246960e-04 -1.803082921979343823e-05 -1.395693704700626183e-04 -1.499762728511833945e-04 -4.791895760073986479e-05 8.378840315096809893e-05 1.452884757660119909e-04 9.492320214044701234e-05 -2.359802577765059993e-05 -1.183659970698978193e-04
1.135404614848235967e-02 7.770924615086857550e-03 3.084560587371010850e-03 -9.603059551416377130e-04 -2.844234304866911402e-03 -2.327548064588929721e-03 -4.675235607091692697e-04 1.187203276169608189e-03 1.604712563958388561e-03 7.927902266104207805e-04 -4.265689387906997456e-04 -1.117860175483931457e-03 -8.781863432109059684e-04 -2.500199806456042775e-05 7.299833680655188391e-04 8.399024522003659208e-04 3.009719257732351738e-04 -4.055422266630225535e-04 -7.252027835724377154e-04 -4.548111569977239641e-04 1.401504441854702705e-04 5.721137399166425662e-04 5.221571474405460817e-04 6.916542087194453342e-05 -4.027242409875150743e-04 -5.243438557745862087e-04 -2.268346395766054663e-04 2.271583172508207296e-04 4.723627147822438525e-04 3.319953285484113182e-04 -5.887661261440692642e-05 -3.794154119069467822e-04 -3.836311349128834368e-04 -8.678464617343098020e-05 2.615869355408743826e-04 3.856515753465568938e-04 2.005201364264579513e-04 -1.319903389113866003e-04 -3.436620528055897117e-04 -2.751427915437414974e-04 5.745738437663465118e-06 2.686070576057360704e-04 3.082456431670585256e-04 1.039367440962242278e-04 -1.727126417731115646e-04 -3.011484701829872683e-04 -1.872871548478286083e-04 6.857454933926179416e-05 2.594513557843949533e-04 2.385506119467990316e-04 6.507093556901033136e-04 1.264095726641399414e-03 1.927216032856804559e-03 2.190713389562877131e-03 1.750428722460226029e-03 7.397797949191407992e-04 -3.242312732490749711e-04 -8.950562315648991768e-04 -7.672998536719731043e-04 -1.762784228851899278e-04 4.106046221886363473e-04 6.161599272137345236e-04 3.679710214213554979e-04 -9.998507438040542543e-05 -4.340433287222752079e-04 -4.123277074230053047e-04 -9.075783401843935162e-05 2.613023809970140888e-04 3.797282301040497674e-04 2.009378747041165288e-04 -1.115683466830444680e-04 -3.103150235549319573e-04 -2.544257835152103579e-04 -6.425862003244587629e-06 2.289249161631029073e-04 2.705163698809480237e-04 9.948402417718484275e-05 -1.371945965739771909e-04 -2.526691288298153217e-04 -1.669063332718445332e-04 4.058105080096456677e-05 2.028569806879063813e-04 1.982233776254115748e-04 4.051618314830940799e-05 -1.389711752317767020e-04 -1.997488568718939681e-04 -1.021106016423203649e-04 6.824549617390139838e-05 1.750123312275559057e-04 1.397782612866852023e-04 -1.708715985694888794e-06 -1.339767934542530990e-04 -1.550306911305720278e-04 -5.453549427191707491e-05 8.264429764864525017e-05 1.476021388255871079e-04 9.386427779344275722e-05 -3.004312807620911313e-05 -1.240101165455744609e-04 -1.167267946797921927e-04
1.032244933610317397e-02 6.907887885881663741e-03 2.509011082451674188e-03 -1.167297065299140310e-03 -2.705130811751273873e-03 -1.994412320206437848e-03 -1.706061292285712704e-04 1.259247752974724252e-03 1.419664269841879045e-03 4.959247279662937083e-04 -6.146569846747413669e-04 -1.061412853109774089e-03 -6.268411118809875992e-04 2.243496341606755946e-04 7.844843447016645703e-04 6.601449426699699564e-04 3.156908724665632640e-05 -5.501939954757312885e-04 -6.311213802108900112e-04 -1.992662130323427964e-04 3.507506715832072190e-04 5.683919062034772885e-04 3.083457130321544956e-04 -1.805215616781070487e-04 -4.854425233086498773e-04 -3.732711672004862015e-04 3.462831848172838369e-05 3.859310132763753352e-04 3.992527633908535744e-04 8.687082530569725032e-05 -2.760790951434867143e-04 -3.918140934766586913e-04 -1.815021944175409835e-04 1.648204974498660596e-04 3.576840297591022864e-04 2.484238947144444087e-04 -5.760010545330277143e-05 -3.004424263411718332e-04 -2.855933654040606349e-04 -3.863635526993897687e-05 2.275141884873128927e-04 2.952467021608844340e-04 1.189522961380010254e-04 -1.463022168642785521e-04 -2.800892839676603343e-04 -1.791001491916630007e-04 6.371747753161037802e-05 2.438029981451062759e-04 2.169968291052969578e-04 1.428403859080526360e-05 6.472533173959625716e-04 1.248915496600951297e-03 1.880932292771450185e-03 2.092491576628770916e-03 1.600590548387223044e-03 5.780876474265480517e-04 -4.290076501154032641e-04 -8.881608815624603267e-04 -6.546842482383878484e-04 -3.333124447950993626e-05 4.845628407249829715e-04 5.685123331865419086e-04 2.341675700177260773e-04 -2.198814598230189397e-04 -4.495187395259903464e-04 -3.119938272831189550e-04 4.739809409114010104e-05 3.294757608223612471e-04 3.247836235742962408e-04 6.704791422805188848e-05 -2.173349138657683138e-04 -3.032172480633076278e-04 -1.401663812759508607e-04 1.229038649556197680e-04 2.685456396134843805e-04 1.875024197728518492e-04 -4.009408205510816376e-05 -2.211132093852115029e-04 -2.132080895784682010e-04 -3.587244311665233049e-05 1.574428604329003998e-04 2.114661474574837483e-04 9.220720721363629812e-05 -9.400498391492685842e-05 -1.934609481060556681e-04 -1.310527598364619162e-04 3.320627953681084041e-05 1.604475369266989066e-04 1.503167040776685383e-04 1.952207031027396086e-05 -1.194256744451012106e-04 -1.544264936641953395e-04 -6.322546938665921210e-05 7.379811589887446896e-05 1.434414077871347729e-04 9.281292511328817193e-05 -3.060615833753918400e-05 -1.227756049110017851e-04 -1.107472652179255314e-04 -9.870621532257012413e-06
9.429058948003764609e-03 6.154757767468161354e-03 2.006280480657892003e-03 -1.337978110675669234e-03 -2.561026950003009520e-03 -1.682453190090077997e-03 8.729363594952602395e-05 1.291911545193263336e-03 1.218892831480658696e-03 2.227141563725418911e-04 -7.489513321971614677e-04 -9.564468208167138706e-04 -3.717124555088257621e-04 4.219008152764744867e-04 7.652492668217032593e-04 4.428051619331035906e-04 -2.027090155063698156e-04 -6.073502968388787716e-04 -4.652199969502533684e-04 4.935518600731002959e-05 4.730983621671438523e-04 4.623565591879354609e-04 6.454059303569749633e-05 -3.554438396734409039e-04 -4.436154203774397408e-04 -1.507133814322244474e-04 2.487329001304654339e-04 4.098356258287971462e-04 2.128435499355161198e-04 -1.514533082981330773e-04 -3.640894287285304908e-04 -2.551671535728719130e-04 6.340576172146507176e-05 3.100336042577101436e-04 2.803482564298270048e-04 1.475912896650216952e-05 -2.490590282964756110e-04 -2.876541475962712314e-04 -8.026120893176680814e-05 1.844285653115494065e-04 2.792599204488353326e-04 1.326383758212191968e-04 -1.193135022681325629e-04 -2.582337869307124527e-04 -1.717779856909432200e-04 5.644240913647993681e-05 2.264526488703504147e-04 1.965964693845236803e-04 1.150403528562471717e-06 -1.866965140554945719e-04 6.553764012007673185e-04 1.254146561934634712e-03 1.861660068391296973e-03 2.020237752562553321e-03 1.469473598700594529e-03 4.284071380247336846e-04 -5.239233592346989859e-04 -8.721845997125883152e-04 -5.389099883886968017e-04 1.000674287004042800e-04 5.370072353880428690e-04 5.000321531426259397e-04 9.778095146132125871e-05 -3.167713760968611536e-04 -4.297263106666891633e-04 -1.916483834063176185e-04 1.703920992890039436e-04 3.546562233446196141e-04 2.319847504560897068e-04 -6.622721649677757859e-05 -2.798252172459121624e-04 -2.427483085606482651e-04 -7.721956127593888384e-06 2.155387076121227684e-04 2.426794872906706628e-04 6.413059174401512742e-05 -1.574851231591557397e-04 -2.335852232166656312e-04 -1.099873355038495719e-04 9.631533573958679585e-05 2.074939456588362045e-04 1.376634221079055134e-04 -4.279504158078830463e-05 -1.764463255582424442e-04 -1.545959618929732785e-04 -4.687164376042990459e-06 1.400501907285668808e-04 1.582759810048609613e-04 4.225745557971673873e-05 -1.023764391719345199e-04 -1.526957935158375118e-04 -7.247718346186489901e-05 6.334899734109362664e-05 1.379506666807631858e-04 9.217823759691386122e-05 -2.908981644028372222e-05 -1.197265114245747258e-04 -1.048447838358200094e-04 -2.580514425138895008e-06 9.621349285644994218e-05
8.663594140478916850e-03 5.516540557077695070e-03 1.593192739147223898e-03 -1.458128686298370289e-03 -2.414355075823210097e-03 -1.410768721193773282e-03 2.861893039778446932e-04 1.283083256830880097e-03 1.022900217166699969e-03 6.268153247118496410e-07 -8.196404060985188053e-04 -8.229783023850113788e-04 -1.490238980886285835e-04 5.461609639057206107e-04 6.878233451933760036e-04 2.321281201573614479e-04 -3.648585750426285002e-04 -5.818560904213376881e-04 -2.756382476282281772e-04 2.372572828735392849e-04 4.955835826868968492e-04 3.006270009279823885e-04 -1.388128274504712447e-04 -4.215206871739017006e-04 -3.144358182888803478e-04 5.970849511978350201e-05 3.547593150678493156e-04 3.178391813649556505e-04 3.838789081634254969e-06 -2.931958319440805755e-04 -3.135728754544234447e-04 -5.694440612552214404e-05 2.345631349638173000e-04 3.033382888357289363e-04 1.019458679323346866e-04 -1.778721867422600092e-04 -2.861640096862787903e-04 -1.368500099917184369e-04 1.252105689487495249e-04 2.635162698752502829e-04 1.627276743880428213e-04 -7.628871795516240189e-05 -2.364385439530250401e-04 -1.808523264492075192e-04 3.125956101501067879e-05 2.060689819102783798e-04 1.914328827399838990e-04 8.689150356496727731e-06 -1.737046666063191375e-04 -1.950029678131638667e-04 6.578485032078418716e-04 1.248821065679663533e-03 1.827755871555602997e-03 1.935356052673852098e-03 1.336764331517632624e-03 2.933088616689606210e-04 -5.933574939726530151e-04 -8.352034005510601674e-04 -4.225920778049475522e-04 2.099833863151686416e-04 5.567254818099032741e-04 4.144190400852455249e-04 -2.400619572649723181e-05 -3.750449457420651153e-04 -3.763115589224228798e-04 -7.140549441668886247e-05 2.559805950976852670e-04 3.331749317361124636e-04 1.223867097339881771e-04 -1.691985154322700143e-04 -2.870232882389001073e-04 -1.480403312232334912e-04 1.061523114994944483e-04 2.486888245512146344e-04 1.654192397576057330e-04 -5.651487836522011180e-05 -2.159749712847849033e-04 -1.783037835543557748e-04 1.116304393881616413e-05 1.775807400055941189e-04 1.779141398728077445e-04 2.331682415412678839e-05 -1.417492524814988302e-04 -1.737045320066133802e-04 -5.322832783706257033e-05 1.060311839530356400e-04 1.633324234273841663e-04 7.456186115014485196e-05 -7.432741218073205902e-05 -1.497247924803388707e-04 -9.028196778960561469e-05 4.387527427882830330e-05 1.313732635003276000e-04 9.887678123914769401e-05 -1.846011293406452463e-05 -1.137305326071667410e-04 -1.048406626242304478e-04 -4.826873458699674169e-06 9.405920483245752944e-05 1.052004357960941263e-04
7.992335149444682041e-03 4.954517227570867828e-03 1.230619277682311026e-03 -1.556123207754082352e-03 -2.272058424244599931e-03 -1.164263158539003990e-03 4.508789306998257354e-04 1.249455657723819862e-03 8.292776364603867897e-04 -1.888701765479047399e-04 -8.477019814911843001e-04 -6.702946931827126085e-04 4.906346169924110929e-05 6.163551641331091934e-04 5.701672717972421610e-04 3.285482388615994578e-05 -4.675380853815222005e-04 -4.968292898716874812e-04 -8.066162795574495807e-05 3.655716677413039010e-04 4.414297588131507874e-04 1.140408155110226972e-04 -2.873993238095602512e-04 -3.965478265083497399e-04 -1.389734304283595932e-04 2.249520481942764204e-04 3.583609041905883464e-04 1.562816332755203783e-04 -1.751437389454769109e-04 -3.257955100538250021e-04 -1.699065738258810946e-04 1.315406118201267922e-04 2.954441790724174430e-04 1.810710016574244028e-04 -9.139437962422986450e-05 -2.653552444287673702e-04 -1.879987932436918540e-04 5.680340031759694732e-05 2.370936402191981733e-04 1.916174612504290377e-04 -2.666412063146576499e-05 -2.097376773515330589e-04 -1.922840228462846827e-04 -1.752540745201252326e-07 1.828901810472601430e-04 1.904182542264237993e-04 2.368389052096849309e-05 -1.572748367029413866e-04 -1.865628666991279733e-04 -4.403503337569633207e-05 6.969277055187618648e-04 1.311374531908329364e-03 1.890048716287517656e-03 1.948712635406076943e-03 1.270326764895280368e-03 1.757196777650943354e-04 -6.827342820446740193e-04 -8.278557363475367182e-04 -3.235483319378782254e-04 3.187643708986691716e-04 5.825798121274793680e-04 3.347335048185110309e-04 -1.396576276435893178e-04 -4.245949016105853252e-04 -3.156624664678943414e-04 4.540755092352309066e-05 3.244087743089189456e-04 2.920082496863785743e-04 9.317229820868022094e-06 -2.513470872757957663e-04 -2.635990029369843094e-04 -4.074608767960618264e-05 1.987874162834872744e-04 2.413131973567231390e-04 6.422491422892800863e-05 -1.590672179188378009e-04 -2.256640248152229149e-04 -8.563938569527810869e-05 1.219049188054615001e-04 2.053408368036844058e-04 9.737869369392574922e-05 -9.190668062215779277e-05 -1.865717561761504907e-04 -1.076545143875148381e-04 6.288560664497746221e-05 1.661767591990836481e-04 1.132502221729454479e-04 -3.918760296407992688e-05 -1.476648187626040357e-04 -1.164006054091733244e-04 1.818765076471067087e-05 1.279631309899642718e-04 1.149135355499589695e-04 -1.908872099777302823e-06 -1.108803918342061089e-04 -1.139174208615667208e-04 -1.388837974854547026e-05 9.336569235324217273e-05 1.101932693816112222e-04 2.579604731139873081e-05
7.240960110196714011e-03 4.353791300725224321e-03 8.789209091381180268e-04 -1.611000907155348254e-03 -2.090978444472838590e-03 -9.149878304535160939e-04 5.794271161226376360e-04 1.170622397492289152e-03 6.211652809699294174e-04 -3.465035509213319504e-04 -8.226396274683753359e-04 -4.904421433317647560e-04 2.204760274430918202e-04 6.258097641242219705e-04 4.117201825643445235e-04 -1.467014933813740626e-04 -5.031073231906600315e-04 -3.570407031779422894e-04 1.031952743617341818e-04 4.217860921454424841e-04 3.182476849083012613e-04 -7.190957502410147385e-05 -3.607571603777859370e-04 -2.884294679276341259e-04 4.800570790633858177e-05 3.136291881490741221e-04 2.646405951810209102e-04 -3.118663300786529127e-05 -2.788676409535629824e-04 -2.475890123524530895e-04 1.606796057773919102e-05 2.490947158598544103e-04 2.333835698891606946e-04 -1.511660692013737809e-06 -2.213669141701509770e-04 -2.198053900469051751e-04 -1.057610304323527058e-05 1.976784211261772384e-04 2.081506662442501627e-04 2.084975689159241087e-05 -1.771141080403649832e-04 -1.976598163495491163e-04 -2.994261340532750071e-05 1.580586173967543639e-04 1.873819248168355532e-04 3.781596311814219434e-05 -1.408117543412586647e-04 -1.781968808381761201e-04 -4.523034845007840117e-05 1.248103165421916752e-04 6.872428095508351315e-04 1.282292726764101137e-03 1.820284503382496848e-03 1.825766379124485863e-03 1.115658527668255068e-03 4.988481860554500909e-05 -7.144420186606442388e-04 -7.501332644952409716e-04 -1.969685879616426725e-04 3.944448971709114894e-04 5.464981118134267608e-04 2.184971702217101866e-04 -2.353130166816784605e-04 -4.159570469609557967e-04 -2.107892280478442166e-04 1.522760566491830289e-04 3.369143227130522514e-04 1.994630190920903602e-04 -1.027555317320787522e-04 -2.794121799468122667e-04 -1.819794769074024041e-04 7.403576415451249937e-05 2.389837323562354822e-04 1.688355418720480651e-04 -5.313975505686735864e-05 -2.108569019911366905e-04 -1.626085596852558358e-04 3.355636987342086076e-05 1.854249305071686100e-04 1.534867196061007958e-04 -2.106651739675456471e-05 -1.655934759276601951e-04 -1.465467684497608308e-04 7.812208674192880678e-06 1.447880679496914432e-04 1.378012415739243073e-04 2.187643971240543777e-06 -1.278114826624207189e-04 -1.308066021384336991e-04 -1.105777359780795516e-05 1.119742129344136950e-04 1.221442137957223111e-04 1.616054772161755341e-05 -9.960323081930748954e-05 -1.157325808032842062e-04 -2.268536260277274240e-05 8.626796958573277989e-05 1.081315053907085430e-04 2.692138508416979111e-05 -7.577494143085092922e-05
6.573396088502825307e-03 3.829620968755705155e-03 5.862038894813776432e-04 -1.637515623950288116e-03 -1.919477615565513655e-03 -7.049598265704532614e-04 6.648466697228223084e-04 1.075581523563884020e-03 4.377963458308243802e-04 -4.554842362689545199e-04 -7.640901880608932852e-04 -3.228353399079702548e-04 3.404634945683347410e-04 5.875636786206341186e-04 2.536046430655565813e-04 -2.736011291879981338e-04 -4.783038043190537608e-04 -2.056452557891782639e-04 2.345643139722105208e-04 4.063472851171440236e-04 1.718016704860816305e-04 -2.062425078438296874e-04 -3.518374313287134952e-04 -1.451846070973786870e-04 1.851042948602022082e-04 3.099727292468612409e-04 1.235394879057527843e-04 -1.714615099976606971e-04 -2.805892991113152313e-04 -1.088561880538950228e-04 1.592399764834679624e-04 2.562151364925259532e-04 9.750202401186572700e-05 -1.469066740319749072e-04 -2.334748235761937955e-04 -8.680967606547267644e-05 1.368187367712478289e-04 2.147692030902559194e-04 7.839632551006733212e-05 -1.280826127381539282e-04 -1.989952337161612938e-04 -7.132802046020837576e-05 1.202528420069246332e-04 1.847577308146311622e-04 6.491054376648569654e-05 -1.130900523063696879e-04 -1.720717468984025414e-04 -5.974127825258486224e-05 1.061155502210218304e-04 1.606559663978100012e-04 6.787289253438246470e-04 1.255888943988656917e-03 1.756062388707906432e-03 1.712946123800478896e-03 9.766865054477642024e-04 -5.685195250800453306e-05 -7.307044880369440712e-04 -6.699916642200070020e-04 -8.515631514042824814e-05 4.461239925306275484e-04 4.951274223997776357e-04 1.104075154509627982e-04 -3.025681067874292892e-04 -3.810618470471036578e-04 -1.061332257508787604e-04 2.291637066538311279e-04 3.141748361440727263e-04 9.923511310091212079e-05 -1.845804535011886670e-04 -2.644747788096901892e-04 -8.497923068986743727e-05 1.589868896524753447e-04 2.291788500966678575e-04 7.353510128320303607e-05 -1.411373671363476369e-04 -2.053095875398786561e-04 -6.821728579661208512e-05 1.251587552708355343e-04 1.848289480197153826e-04 6.098663806093590983e-05 -1.154467786754532918e-04 -1.699380499035264727e-04 -5.689103931770767383e-05 1.036973171866506223e-04 1.533763295378294143e-04 5.119659395448476654e-05 -9.457157292874811749e-05 -1.403280784868021292e-04 -4.756080585864166330e-05 8.595377180994249013e-05 1.280341502242409932e-04 4.238777743708121640e-05 -8.066105656773688286e-05 -1.189229157144304548e-04 -3.963474623366002297e-05 7.345975058503893546e-05 1.084431694269900073e-04 3.564307384618509823e-05 -6.831277236265049970e-05 -1.005687218895867532e-04
5.935062350102537736e-03 3.327808086108829076e-03 3.075771320332451901e-04 -1.658427812932789739e-03 -1.752340538652517356e-03 -5.105440611352637719e-04 7.285821352634328039e-04 9.669120167766907152e-04 2.626801414310469401e-04 -5.363747806063207373e-04 -6.800969001445786007e-04 -1.582484378924529499e-04 4.263428927907052615e-04 5.130795690104893864e-04 9.370443539220232214e-05 -3.608446675730145846e-04 -4.074417142978309847e-04 -4.847223788829832676e-05 3.205688853084249557e-04 3.355331380013163215e-04 1.631449752810009871e-05 -2.891141781733179341e-04 -2.784611290400080923e-04 9.712242340747874835e-06 2.640584026034340556e-04 2.325649088125849120e-04 -3.175819850855050912e-05 -2.468445406635246084e-04 -1.993206065155041706e-04 4.657864737909983121e-05 2.309104618909290653e-04 1.713684101842473839e-04 -5.743378162475288776e-05 -2.143045454458701246e-04 -1.449047648033337081e-04 6.746067848401528949e-05 1.998740170963331155e-04 1.227463569983668697e-04 -7.477984691465905929e-05 -1.866006526618717407e-04 -1.037130997512943976e-04 8.044248412620836036e-05 1.742139992667393080e-04 8.660640081496698164e-05 -8.497437025875383587e-05 -1.623508587527647967e-04 -7.132213457940223434e-05 8.792500876961976475e-05 1.506938969321161190e-04 5.770275283770971784e-05 6.955377806711388229e-04 1.274504844424641410e-03 1.751195998416612718e-03 1.653991531144904156e-03 8.668181517570638320e-04 -1.618717745997656321e-04 -7.588666667427131996e-04 -5.999861653870626043e-04 2.268737230542796387e-05 4.954532013079071670e-04 4.408733147895484237e-04 4.132588128648331897e-06 -3.587979125145642368e-04 -3.324716660148392894e-04 1.986701798409075283e-07 2.891333671711325396e-04 2.690318446405511109e-04 -5.624527749836787945e-06 -2.442412416587977039e-04 -2.193088072288418300e-04 1.920216739910371383e-05 2.167376650054609309e-04 1.818712836185521538e-04 -3.094853899135410795e-05 -1.965366036991392392e-04 -1.547880570581865406e-04 3.751039733131498338e-05 1.789092370496424115e-04 1.317771892166194733e-04 -4.539118667947562901e-05 -1.674906576959818883e-04 -1.151227552629096538e-04 4.889071028829269499e-05 1.530894963342043923e-04 9.664922828229790684e-05 -5.357810694071153619e-05 -1.409987029781694442e-04 -8.184840012710222065e-05 5.578817546353322441e-05 1.292020423642939041e-04 6.797679801047504364e-05 -5.923308564557789663e-05 -1.206991500397325414e-04 -5.766108634093827372e-05 5.972702188053447252e-05 1.099467574942056470e-04 4.591750160268625431e-05 -6.145372024354423120e-05 -1.014269989757846904e-04 -3.714141669972634893e-05
5.310601758437154957e-03 2.851638374819922585e-03 6.242860512743074106e-05 -1.653384859407766019e-03 -1.583857442898506862e-03 -3.418731849743686922e-04 7.588553191473602433e-04 8.459283754970063412e-04 1.096983802834344276e-04 -5.782866990294128172e-04 -5.763813643878666106e-04 -1.464303233821648597e-05 4.673114461834337180e-04 4.126910808044384135e-04 -4.475171596734521046e-05 -3.965964756348226337e-04 -3.053015003227176191e-04 8.539629109566365336e-05 3.479827245777923411e-04 2.289856246013964461e-04 -1.126356823114814658e-04 -3.059602779208340020e-04 -1.660218330854372525e-04 1.333134146282600595e-04 2.690351716149374183e-04 1.135784533392560704e-04 -1.498508714983942669e-04 -2.400066522280919212e-04 -7.469116930558191737e-05 1.580848673382622056e-04 2.121745030977256752e-04 4.220509140157151240e-05 -1.611540278309805713e-04 -1.836004697466050485e-04 -1.225780473453457880e-05 1.624414401836337231e-04 1.574220682064921559e-04 -1.223851434900770638e-05 -1.602556555243778245e-04 -1.329551071922250975e-04 3.220370779488918278e-05 1.555470582310249214e-04 1.098590100827723649e-04 -4.905846623324834187e-05 -1.492461063169374998e-04 -8.820075178940664994e-05 6.262357046390172979e-05 1.407459798260931542e-04 6.745370839725988495e-05 -7.345734337821678214e-05 6.982205273647927243e-04 1.267223361757008728e-03 1.711283704779702555e-03 1.564388634026642926e-03 7.474144600434633494e-04 -2.501311187199727168e-04 -7.583582774361157398e-04 -5.145302147747612574e-04 1.180139313791808752e-04 5.147910201785664032e-04 3.673713482109935849e-04 -9.064244391636658760e-05 -3.817958541036028789e-04 -2.607883957917737829e-04 9.497663368167396736e-05 3.117416632299085835e-04 1.970843327648517376e-04 -9.807538887749182518e-05 -2.620949836856794495e-04 -1.444263479240981852e-04 1.088413599924310170e-04 2.276939132322379088e-04 1.026412822023050578e-04 -1.174684978111260961e-04 -1.993887294210138742e-04 -7.036337772071895062e-05 1.211311413215774224e-04 1.739405703446440495e-04 4.293233706258232132e-05 -1.254713044905311965e-04 -1.552075314797102647e-04 -2.360472294942971469e-05 1.235928957849849311e-04 1.328228346775407580e-04 3.008202261824042250e-06 -1.222709925218630977e-04 -1.130729656993791912e-04 1.278975117462031108e-05 1.176217990018124573e-04 9.380122124459753120e-05 -2.683183242020923385e-05 -1.138304567943860483e-04 -7.849841514534506833e-05 3.609691992751689498e-05 1.063539004038747808e-04 6.113287324213769510e-05 -4.627500794276326833e-05 -1.001828537357293933e-04 -4.688489358465770525e-05 5.248819258910081823e-05
4.775567402611096898e-03 2.446542626334054400e-03 -1.369677947175018673e-04 -1.629778051869265306e-03 -1.421104020856998711e-03 -1.944880271436211846e-04 7.684021019764985952e-04 7.224367875751634173e-04 -2.226870035172849919e-05 -5.915713406403976622e-04 -4.631911228507021631e-04 1.069607606219152032e-04 4.730048232398166618e-04 2.988380455288433372e-04 -1.577368744559399052e-04 -3.902132504032392534e-04 -1.876492635376732297e-04 1.883218734486867790e-04 3.265255570456268921e-04 1.070565415076748139e-04 -2.033338556061682579e-04 -2.677825304459078930e-04 -4.072971081979504909e-05 2.097427188488355852e-04 2.136893104357561011e-04 -1.344113606696822654e-05 -2.105768806691539464e-04 -1.684309585693582600e-04 5.144072777316312006e-05 2.017270804431862800e-04 1.259937123699098852e-04 -7.996278507820924744e-05 -1.864492561820143396e-04 -8.467084958826759031e-05 1.031490188931330547e-04 1.688785888660973686e-04 4.816916978615159501e-05 -1.181542996407307193e-04 -1.477762610001463978e-04 -1.603041497468006346e-05 1.262023545982524086e-04 1.246432866310414310e-04 -1.183362486658611532e-05 -1.289934321926023612e-04 -1.008816561274891987e-04 3.526164845914076098e-05 1.267869752715845356e-04 7.638211287710256392e-05 -5.479251811079925179e-05 -1.206556063805430706e-04 7.057349603783070070e-04 1.267275169535616013e-03 1.678727228409474794e-03 1.479591392525479070e-03 6.320458119638207480e-04 -3.306877711363966272e-04 -7.470688033961547618e-04 -4.237888690529003645e-04 2.050965679491090644e-04 5.166342462982576956e-04 2.835135768986537879e-04 -1.757932622214971360e-04 -3.817582349679870157e-04 -1.755702150422200889e-04 1.772285239834530399e-04 3.055007325234647365e-04 1.094994943420989157e-04 -1.738872626957050705e-04 -2.455419788260825779e-04 -5.361383620583471521e-05 1.761763385356853535e-04 1.991068955588525544e-04 9.206134518680658631e-06 -1.744225002092773509e-04 -1.577754522766299926e-04 2.514331044874598795e-05 1.670831019444972225e-04 1.201814284829169470e-04 -5.271031767071318217e-05 -1.596233637556409375e-04 -9.105113656031839820e-05 6.916046260043729463e-05 1.444657473307084730e-04 5.953058948604231682e-05 -8.465739116479493109e-05 -1.293974465238149202e-04 -3.251613071906029646e-05 9.323218679019120206e-05 1.109381087851391413e-04 7.956918136499858426e-06 -9.829608941998630345e-05 -9.380532182997545739e-05 1.037553288132150848e-05 9.691809461828084415e-05 7.361760999769482224e-05 -2.870860906495177338e-05 -9.540305739713692381e-05 -5.595831209015441460e-05 4.174515529301033810e-05 8.916146685870716569e-05
4.293045228015079581e-03 2.094729809097589743e-03 -2.878411049449941528e-04 -1.573814288161523491e-03 -1.252627334393448992e-03 -6.576174284352987560e-05 7.544383304186638543e-04 5.948972620982007206e-04 -1.318987992181398870e-04 -5.761289629318787353e-04 -3.444439426721251961e-04 2.024893806864646705e-04 4.458162485008255235e-04 1.804892689467366661e-04 -2.389010206506730883e-04 -3.471454408153234637e-04 -6.872484667083106195e-05 2.522609280611622898e-04 2.657404846851538151e-04 -1.035068703774022563e-05 -2.469323804142587418e-04 -1.895954930340341211e-04 7.154328011449503780e-05 2.306516794488713362e-04 1.201062644368906839e-04 -1.165639828355419439e-04 -2.077007581846090694e-04 -6.280845773732026869e-05 1.414294899319562689e-04 1.752986740374904285e-04 1.296460322462572206e-05 -1.527260235822835066e-04 -1.374727144932042400e-04 3.080736244536949191e-05 1.554653950616174290e-04 9.960504298530999253e-05 -6.457641449835748479e-05 -1.477987861199894543e-04 -6.141867274539368146e-05 8.904687732812929476e-05 1.321669099748315110e-04 2.532307114961098447e-05 -1.045654958854775636e-04 -1.112446612308039918e-04 6.831856674841192586e-06 1.117357723427365730e-04 8.660433298881909444e-05 -3.460802010242304717e-05 -1.117662765366702449e-04 -6.021396976613148030e-05 7.075743525067107638e-04 1.256523093674243551e-03 1.631348944765966761e-03 1.383246884190831531e-03 5.182077584765395172e-04 -3.944360168784684741e-04 -7.156164453754290016e-04 -3.279317026504035204e-04 2.754100511473363331e-04 4.944751326900633350e-04 1.926068971809639127e-04 -2.420291379869110376e-04 -3.548170309450000360e-04 -8.410158386049330513e-05 2.360281256119346966e-04 2.689358918885327945e-04 1.758685910071569413e-05 -2.208786945983035792e-04 -1.963983490569078886e-04 3.716209355330289573e-05 2.081191554488290383e-04 1.370059527577618388e-04 -7.758902997376289769e-05 -1.889598536343191468e-04 -8.355683498394710790e-05 1.054723820805283853e-04 1.637223765564883719e-04 3.655148706024017859e-05 -1.234699545235445623e-04 -1.385916237248138510e-04 -1.831573275432117356e-06 1.268197856522592802e-04 1.063475881494620656e-04 -3.132393415423231919e-05 -1.265193288660231854e-04 -7.588134129953077935e-05 5.594087428281398141e-05 1.176590648832334223e-04 4.466859939422364686e-05 -7.420983466376740315e-05 -1.045199007853990779e-04 -1.792061014077732292e-05 8.280386188557119990e-05 8.509552297659144654e-05 -8.266541560972727931e-06 -8.836972353819202736e-05 -6.646071405195895640e-05 2.820578875696563755e-05 8.648740283051396859e-05 4.504021506963625627e-05
3.849465974001002513e-03 1.782883934275112867e-03 -4.033988435511578151e-04 -1.497841388814504220e-03 -1.087360766962940529e-03 4.180656734914721487e-05 7.211149517932875438e-04 4.697093609847639026e-04 -2.170529677329466963e-04 -5.371034189781818307e-04 -2.284495622531604602e-04 2.689106150140119114e-04 3.925236797835066484e-04 6.872837120432885474e-05 -2.846536112210493598e-04 -2.771583262000006098e-04 3.687363122483778443e-05 2.739348580618911088e-04 1.797536359726721741e-04 -1.052084190274143831e-04 -2.422971953272435165e-04 -9.153058693682311782e-05 1.497916081225107113e-04 1.990999310717641202e-04 1.558597553490337410e-05 -1.731309346845344866e-04 -1.510024662520526614e-04 4.149622239882081918e-05 1.727376093021648846e-04 9.755671194538631074e-05 -8.373834901520186115e-05 -1.565709557226168508e-04 -4.434431249718080243e-05 1.128136735514610034e-04 1.314872315262349345e-04 -2.220082866531908347e-06 -1.261390365732148000e-04 -9.808646255018296594e-05 4.151000972762404820e-05 1.258541675270751707e-04 6.060757382862580836e-05 -7.127789317494421801e-05 -1.143835299673704229e-04 -2.347486559155963692e-05 9.006453428252517417e-05 9.419842660148754231e-05 -1.076896208879916399e-05 -9.871976804184178314e-05 -6.879701526775607945e-05 3.932735204291511497e-05 7.026792166532488341e-04 1.233700859272768941e-03 1.568777213104514219e-03 1.276638719827822210e-03 4.075696277421825492e-04 -4.420251704161858529e-04 -6.680883661839570218e-04 -2.319327279733357343e-04 3.276655680866730680e-04 4.529234680067550272e-04 1.019237393978922307e-04 -2.862944417911234126e-04 -3.062993181536325109e-04 3.888069832998275689e-06 2.671973526790274176e-04 2.094200823290726880e-04 -6.582113066696865158e-05 -2.346462659981639548e-04 -1.254839470184610645e-04 1.118605531246150424e-04 2.015105310883799931e-04 5.701948311714529898e-05 -1.389144288497096418e-04 -1.610327993838457379e-04 1.546131053686677960e-06 1.497424482957090844e-04 1.159879006424192855e-04 -4.844316876518133100e-05 -1.479550186872241472e-04 -7.443113231528342404e-05 7.698020150717170540e-05 1.295357759120531536e-04 3.017729600562566990e-05 -9.824654290786012829e-05 -1.071931159128026057e-04 6.799459755756706721e-06 1.062426461506406735e-04 7.792861444733836340e-05 -3.852852960490538918e-05 -1.046756954564915859e-04 -4.771465761408963862e-05 5.984375076080942601e-05 9.176908220848492819e-05 1.571856198086429748e-05 -7.515598875214806298e-05 -7.570808474391682726e-05 1.024806699729451654e-05 7.981730257063017009e-05 5.385270667657293003e-05 -3.317859127515747705e-05
3.400545858272250189e-03 1.480096363294208491e-03 -4.996565859588867871e-04 -1.407532772464122799e-03 -9.265960393046038593e-04 1.285151111818500749e-04 6.700083773763144826e-04 3.485936188402364482e-04 -2.784754076832872275e-04 -4.787118989424823468e-04 -1.196716567305369225e-04 3.067634434199730388e-04 3.198692934700791534e-04 -2.961234536573608469e-05 -2.964094638725018531e-04 -1.905587566607270091e-04 1.203077510557857047e-04 2.573867482050737083e-04 8.368754055416764389e-05 -1.674474990881637932e-04 -1.978812466265492999e-04 6.207900136730793728e-06 1.847907977163225476e-04 1.302173741428025043e-04 -7.480657831315673674e-05 -1.773483374507521255e-04 -6.420332481511629996e-05 1.157535493912104774e-04 1.460428730023004501e-04 1.957144572320773259e-06 -1.341794349532815392e-04 -1.019401182938825458e-04 4.982484068924445872e-05 1.340767751778296495e-04 5.478297818744189309e-05 -8.499839548608393333e-05 -1.162669478995272094e-04 -7.824875150084877038e-06 1.040871744218751312e-04 8.629069327067085337e-05 -3.331514650328067323e-05 -1.072464014780294200e-04 -4.989469109083351331e-05 6.392391097014415849e-05 9.603899248082918734e-05 1.221378981264351439e-05 -8.235491339857794199e-05 -7.469283035597764383e-05 2.143782067202984308e-05 8.771978972014059131e-05 6.748160684866913190e-04 1.171535726489474506e-03 1.458757562531946567e-03 1.136538962362605275e-03 2.951218624928193747e-04 -4.652709143510436055e-04 -5.968879224736830993e-04 -1.373530286052507612e-04 3.550188645396438894e-04 3.896266013441134065e-04 1.701178079026760851e-05 -3.021715452750135681e-04 -2.376539181099032304e-04 8.003035934028648077e-05 2.660417734081752948e-04 1.334136482655458224e-04 -1.293593953331628049e-04 -2.130328398716870790e-04 -4.448213052643872295e-05 1.576621048268741327e-04 1.588903247014607516e-04 -2.344050755613155625e-05 -1.621689035460919463e-04 -9.963268453170205793e-05 7.489892583760516273e-05 1.480963580911406560e-04 4.115404622985359667e-05 -1.078985539508464864e-04 -1.216342776463006389e-04 6.399017516953899353e-06 1.165238364869981396e-04 8.121579769171453607e-05 -4.822527779138054919e-05 -1.135763922433933356e-04 -4.169962872937282665e-05 7.483139466072272444e-05 9.613022440212444877e-05 2.425775741525562890e-06 -8.918384702955790594e-05 -7.063090357232851052e-05 2.974694531225343882e-05 8.836882813023684839e-05 3.812798820673315493e-05 -5.539882673427825915e-05 -7.906641858378005562e-05 -8.541717304619483454e-06 6.789387402500416811e-05 5.963255252526761182e-05 -1.917546135894394988e-05 -7.161589297151859919e-05
3.118721346783124432e-03 1.292845808691747613e-03 -5.451721513192031706e-04 -1.319441960679914282e-03 -7.908864231426351648e-04 1.971332405623711008e-04 6.224361778318286643e-04 2.478933640517109300e-04 -3.204676488257758278e-04 -4.190288629595972816e-04 -2.952663025617820471e-05 3.235380938529149736e-04 2.458983695972423336e-04 -1.058048498260181965e-04 -2.848636858866207739e-04 -1.063132806623280781e-04 1.755427886810206320e-04 2.174636514920234029e-04 -2.354841957541337844e-06 -1.950127437780882413e-04 -1.339793668286682975e-04 8.294911014733300815e-05 1.804198546893763424e-04 5.050947926509568198e-05 -1.316102551081483327e-04 -1.413150986766367246e-04 2.035702088257121045e-05 1.448741238348216786e-04 8.402668571580546530e-05 -7.479512391610982692e-05 -1.313137854843295245e-04 -2.325308079749138402e-05 1.072775064564254998e-04 9.964866288781559442e-05 -2.888435147019573776e-05 -1.147979811873775275e-04 -5.573527565588095505e-05 6.821897869181986365e-05 1.020611462393140314e-04 9.086619192659108220e-06 -9.034684977741104137e-05 -7.406660617837667823e-05 3.220896561668985927e-05 9.374920160431944713e-05 3.727799662691542385e-05 -6.230583500609303130e-05 -8.091423549498809830e-05 4.413840688828802142e-07 7.745257064207276886e-05 5.597591158195165261e-05 6.775418383138780967e-04 1.163261054531322669e-03 1.418471984014580464e-03 1.057260826575067911e-03 2.114356780724444636e-04 -4.940823830129265678e-04 -5.476723310327241516e-04 -6.005002996393563909e-05 3.796279372562939543e-04 3.354842070945702678e-04 -5.527017950038140749e-05 -3.109412731934387540e-04 -1.735175688203139700e-04 1.419791105191703980e-04 2.531079146041404979e-04 6.124962103543631585e-05 -1.746371035592311793e-04 -1.774882802805977002e-04 2.856607992670956225e-05 1.796446755238248559e-04 1.033635153508909014e-04 -8.845209796589352134e-05 -1.570824415069261095e-04 -3.073201956046008677e-05 1.229998136228301802e-04 1.161885745743372524e-04 -3.175246990391608843e-05 -1.323031227243084008e-04 -6.742298030013049205e-05 7.290586207880337018e-05 1.139799466728535799e-04 1.309466629832472501e-05 -9.808093254706335654e-05 -8.409653312521904955e-05 3.056383342708708742e-05 1.010512280366577181e-04 4.452236993883103164e-05 -6.311658162570321726e-05 -8.817869377262159490e-05 -4.865535186413523806e-06 7.912737853402453613e-05 6.110277977282413636e-05 -3.148364597789279624e-05 -8.151189083562502006e-05 -3.007771233016432659e-05 5.474084690687039916e-05 6.779819328225940973e-05 -2.971202965944834428e-06 -6.681981926268571207e-05 -4.608039503021008038e-05
2.936601452256137109e-03 1.192334355298312878e-03 -5.267336127480897216e-04 -1.197929712402593869e-03 -6.516875353296235898e-04 2.523121698730694203e-04 5.651945036911717622e-04 1.551229106080513891e-04 -3.428126762546949394e-04 -3.488128018706271836e-04 4.876788568088596086e-05 3.179077585115869047e-04 1.654054402647434237e-04 -1.624955774225969552e-04 -2.492206582573544158e-04 -2.337946282217395470e-05 2.029015858028971719e-04 1.558388123863296696e-04 -7.566045539260572261e-05 -1.886533017780134107e-04 -5.680408001563633572e-05 1.333541088683329117e-04 1.407365008764294731e-04 -2.859415195523818488e-05 -1.497394078343601120e-04 -7.541081633547940986e-05 8.692207643261133079e-05 1.279824922415736827e-04 5.308247956592614908e-06 -1.155915629796289373e-04 -8.283646639564303080e-05 5.259047168570631152e-05 1.141645710695374428e-04 2.902402301584200794e-05 -8.731038941372610770e-05 -8.713140667922553606e-05 2.254930124132868265e-05 9.774053946344893773e-05 4.573574879692697196e-05 -6.126732284440327813e-05 -8.560355718489090450e-05 -7.439945930258085300e-07 8.084450181432838612e-05 5.634371766386875427e-05 -3.819861916488120662e-05 -8.009371160339043738e-05 -1.899407138433908119e-05 6.310212896950093836e-05 6.162730107298765140e-05 -1.764646049114002840e-05 6.729199377314969577e-04 1.142907686279569929e-03 1.365342583953790129e-03 9.731406131318270447e-04 1.366283803390300124e-04 -5.058702465029925582e-04 -4.883028822912077868e-04 9.642953233026055489e-06 3.851011723030448226e-04 2.704924221347907711e-04 -1.173302367004346600e-04 -2.990810788418250279e-04 -1.029996648008480733e-04 1.860816315646369556e-04 2.174245327761528364e-04 -1.068494391300149027e-05 -1.948979980644069735e-04 -1.217588131449534388e-04 9.063620032206036274e-05 1.707261279595589693e-04 3.490894428251865855e-05 -1.304259842268935203e-04 -1.199181234895378630e-04 3.852494133414724697e-05 1.367981759919058228e-04 5.700894022800738318e-05 -8.910385033439337016e-05 -1.151419732752625356e-04 2.894803748418693731e-06 1.079446470446705780e-04 7.000277039633907383e-05 -5.382163898255587129e-05 -1.032312880495303152e-04 -2.125018878978431709e-05 8.173027839632032493e-05 7.612519028678420741e-05 -2.439306194377168765e-05 -8.866431465177165535e-05 -3.849149179270261863e-05 5.671902483272064769e-05 7.494058646615922971e-05 -2.683427912288883589e-06 -7.356155372938098769e-05 -4.890123954672012495e-05 3.533106742158336248e-05 7.015559905359865949e-05 1.447870116616674793e-05 -5.685537554168941071e-05 -5.327213246673208981e-05 1.695466906830559475e-05
2.824087696607528904e-03 1.146426173421005289e-03 -4.769344668533036669e-04 -1.070909111130134272e-03 -5.254524741713643195e-04 2.923098146936913976e-04 5.064731751516566476e-04 7.726944009814649223e-05 -3.483663573960218670e-04 -2.783772183504472147e-04 1.089531875505946279e-04 2.956083659498417657e-04 9.020601084074015381e-05 -1.960971685867260168e-04 -1.997775253377002296e-04 4.560303964620810021e-05 2.036059268231197293e-04 8.791821707243325113e-05 -1.248752755686361197e-04 -1.564128629927873993e-04 1.441622655071981971e-05 1.510587928157846509e-04 8.229879222063417679e-05 -8.673826750171715640e-05 -1.316362804362532376e-04 -4.466585551571946646e-06 1.184843651877469308e-04 7.930903143574995423e-05 -5.995529719530078326e-05 -1.124502887441875589e-04 -1.576558569122885238e-05 9.575423271106893940e-05 7.704702997957429327e-05 -3.983501459759989678e-05 -9.810609454409733557e-05 -2.606356880464030833e-05 7.557506227715970071e-05 7.368666023954164018e-05 -2.363286645115919633e-05 -8.531257235268573927e-05 -3.326143261617707931e-05 5.934045009070468784e-05 7.037279323660224073e-05 -1.056384537944956777e-05 -7.401410196790890201e-05 -3.839567431117634161e-05 4.537543137892199559e-05 6.620789022412503248e-05 -6.189951306636243606e-08 -6.332189251505778989e-05 6.675053531394658981e-04 1.121930447434875975e-03 1.313756031577977988e-03 8.952938232480618652e-04 7.252397851134268262e-05 -5.083250123120450562e-04 -4.290738969890882880e-04 6.798278015358614275e-05 3.777749091833161902e-04 2.050373985892202052e-04 -1.652818969411828985e-04 -2.735115134259025866e-04 -3.628259958723426221e-05 2.110390330139968334e-04 1.693695647145290425e-04 -7.161414753301389101e-05 -1.922385372393937172e-04 -5.960590812813637942e-05 1.324974304895265695e-04 1.386951196348811433e-04 -2.954705895986491410e-05 -1.440954248122307843e-04 -6.533826215930183901e-05 9.035441252196264373e-05 1.184403592451540351e-04 -7.725738320821374288e-06 -1.159110897912125736e-04 -6.880151787995205097e-05 6.259770088689470269e-05 1.038983501167178310e-04 8.023070029504052276e-06 -9.272288830841965814e-05 -6.840346241931224861e-05 4.185158798818919425e-05 9.109623061176222686e-05 2.002172035655169524e-05 -7.258945771713010001e-05 -6.640269865079629263e-05 2.477938106607025716e-05 7.860329698160604787e-05 2.760707058236802622e-05 -5.688314213844825263e-05 -6.399681520019612658e-05 1.150291660477507676e-05 6.775608438787199522e-05 3.295959918880561509e-05 -4.314075254661317729e-05 -5.977870452590124405e-05 1.698698658944627594e-06 5.780002157334242571e-05
2.715417327818597706e-03 1.104596217282228891e-03 -4.263575730465091543e-04 -9.510781397056764473e-04 -4.141850615550161496e-04 3.184318879188227647e-04 4.466008029154596099e-04 1.252394848380514491e-05 -3.403196471543380448e-04 -2.101626457407463949e-04 1.518614759685720254e-04 2.608984505831911686e-04 2.395220905703796414e-05 -2.084700124903617871e-04 -1.431698736783890591e-04 9.677051054588899580e-05 1.825797610169312363e-04 2.293080287310195444e-05 -1.480381533432303335e-04 -1.077873882314791810e-04 6.952874947911825531e-05 1.391799242688811201e-04 1.968507650943221806e-05 -1.159872737867037162e-04 -8.817299867758547540e-05 5.363256693741356410e-05 1.135815762407361670e-04 1.826066093074555572e-05 -9.512222444677620274e-05 -7.467460542328745480e-05 4.399361921037500868e-05 9.712032148210928990e-05 1.818395700626069470e-05 -7.991855123120629976e-05 -6.577081620004170538e-05 3.507585051954948855e-05 8.347311727718338551e-05 1.803239654612841220e-05 -6.790069527570476377e-05 -5.888208144928673744e-05 2.810771417486393147e-05 7.324612169161465365e-05 1.848452056385842211e-05 -5.830101280865736995e-05 -5.364337939002516151e-05 2.239296643122033745e-05 6.494748632817585066e-05 1.870247358671395113e-05 -5.050392338498804735e-05 -4.912639316559574618e-05 6.565927620674773778e-04 1.092173715123605183e-03 1.253508540668555682e-03 8.155179958996883237e-04 1.612276929936639315e-05 -5.000707151697101564e-04 -3.678498910785483046e-04 1.157409998674680771e-04 3.582326142293633842e-04 1.409204045414935106e-04 -1.977675966790709040e-04 -2.360234987767541922e-04 2.297669063212863600e-05 2.165282906710679826e-04 1.140712028694336808e-04 -1.165808701104151002e-04 -1.691646690733721405e-04 6.152869515833328006e-07 1.505487387698238491e-04 9.100455061280693380e-05 -7.965966057502214955e-05 -1.302413056670392486e-04 -6.269814153253036351e-06 1.156285777469626011e-04 7.605092394132030814e-05 -6.109990862581782083e-05 -1.086500079232889898e-04 -1.018657001266243575e-05 9.463718540791255613e-05 6.697259094544806123e-05 -4.804976359879536030e-05 -9.270024410168277245e-05 -1.232611784207721526e-05 7.895837725479344302e-05 5.986841910059015955e-05 -3.734943722029756874e-05 -7.926546413765550873e-05 -1.381150989728674737e-05 6.598936057338940524e-05 5.360892790651994392e-05 -2.945350660908830560e-05 -6.931225962963138217e-05 -1.543342193197717993e-05 5.577293744583021202e-05 4.881898472438281794e-05 -2.308059871132942786e-05 -6.092244288462798240e-05 -1.588885899775573958e-05 4.801334693964009180e-05 4.470398028855726016e-05
2.600139931353632246e-03 1.059870531325786619e-03 -3.753332241753144262e-04 -8.315280859650995117e-04 -3.084962057135061885e-04 3.352660371201722500e-04 3.824705192950226618e-04 -4.537066313460868156e-05 -3.211137407068990687e-04 -1.408251938402909265e-04 1.823025478108983592e-04 2.149811443469519469e-04 -3.637796262034014304e-05 -2.034399839223193808e-04 -8.050612625303927791e-05 1.325888849219817190e-04 1.437826752484851244e-04 -3.741051756110348118e-05 -1.482019507685590563e-04 -4.841296520937367955e-05 1.067120193560386945e-04 1.033687514896391025e-04 -3.950203788013902345e-05 -1.169170741788612335e-04 -2.953722550235078287e-05 9.114682107916606785e-05 7.855943358078945398e-05 -4.067659239113159285e-05 -9.659811000744096760e-05 -1.687019647781884337e-05 8.104943848937315063e-05 6.221383032496589709e-05 -4.047911070388367862e-05 -8.150851332633946293e-05 -8.421884079300347029e-06 7.202102171895715212e-05 4.922087276246670760e-05 -3.980211778494328022e-05 -6.948067437379284365e-05 -2.381503996242266326e-06 6.447356860766278953e-05 3.952410257196156793e-05 -3.838669377057031795e-05 -5.985061032034110461e-05 1.819127064142735853e-06 5.806471286622466680e-05 3.192705076521598628e-05 -3.694436049605235906e-05 -5.200745825037456186e-05 5.058708731259422437e-06 6.472206484058697952e-04 1.064237067419230784e-03 1.194199956300597476e-03 7.358701282275585762e-04 -3.880244741580992556e-05 -4.884036755604866673e-04 -3.054505116877686242e-04 1.582107164809871611e-04 3.308435930793486969e-04 7.657501106784033373e-05 -2.199816929055317595e-04 -1.894704224592421089e-04 7.691505011956312687e-05 2.068872816078050814e-04 5.352140161091764272e-05 -1.478345371768719483e-04 -1.300525582317335648e-04 5.674476171323988437e-05 1.476566165553685247e-04 3.329197043536147419e-05 -1.134600563915814285e-04 -9.425409384127247632e-05 4.978085880792049091e-05 1.145799131062336383e-04 1.931184483523884425e-05 -9.536299025470992320e-05 -7.300913428345400403e-05 4.667362902253129238e-05 9.485121953405285984e-05 1.066151539549434744e-05 -8.305357325237310744e-05 -5.813812863898876171e-05 4.417402845866255146e-05 7.978987811480309808e-05 4.338926500192655174e-06 -7.251173669566188219e-05 -4.591362034980129859e-05 4.166951198792473649e-05 6.724173024511707669e-05 -4.696283766329885576e-07 -6.389928161188807108e-05 -3.686764967175922475e-05 3.879002985956663501e-05 5.724744953246978376e-05 -3.704124325652272832e-06 -5.670684788028567097e-05 -2.961594959717141394e-05 3.663307396217985916e-05 4.944028312977184612e-05 -6.204354375648511752e-06
2.492253228142149966e-03 1.017796771358656484e-03 -3.312257525537630541e-04 -7.299694665314917326e-04 -2.244302999878282703e-04 3.407625388292020562e-04 3.251183769330707476e-04 -8.714626824178859927e-05 -2.954044591134892300e-04 -8.320599864373824715e-05 1.961776328030415909e-04 1.684980751363450338e-04 -7.931497570977161086e-05 -1.847614810451687071e-04 -2.667496037218846421e-05 1.472046340149323334e-04 9.947896295739032564e-05 -7.864143174910075335e-05 -1.291686220197156901e-04 3.508672392597110562e-06 1.182596060255601864e-04 5.848041616636733404e-05 -7.719829532574954778e-05 -9.405499577819853650e-05 2.155496303488943778e-05 9.825848815042846564e-05 3.186648094219430286e-05 -7.477655900709787127e-05 -6.970511350440846570e-05 3.278745452848676455e-05 8.292891371564287736e-05 1.358423763465808640e-05 -7.072000679135388387e-05 -5.064232863063027079e-05 3.957993185435701255e-05 6.906239283962493545e-05 -3.129189427371937372e-07 -6.551599559221839319e-05 -3.501741930234021784e-05 4.317067246619079983e-05 5.652298940512300816e-05 -1.040747668205867884e-05 -5.936076384418764300e-05 -2.232698739144987568e-05 4.436770920926966423e-05 4.537834438003120403e-05 -1.766157786153643578e-05 -5.297827788249445360e-05 -1.200789762529961420e-05 4.410543137063377851e-05 6.339346675981192072e-04 1.031146472605590225e-03 1.132604918094755548e-03 6.615006161694119129e-04 -8.268591565279403684e-05 -4.698120402623420246e-04 -2.485898758930537938e-04 1.873621113399450756e-04 2.976629989361888372e-04 2.240523285157797130e-05 -2.269567482625595796e-04 -1.417457551888403689e-04 1.150380283953041799e-04 1.840501520857649087e-04 6.899725384012098332e-07 -1.588896126217433492e-04 -8.486558367884362841e-05 9.518949962391263543e-05 1.259759012656757639e-04 -1.804136131127344735e-05 -1.226320721755792213e-04 -4.872746030020669907e-05 8.561947821617483829e-05 9.007814462662945283e-05 -3.091004324203119923e-05 -1.001778148937346169e-04 -2.532520407192990946e-05 7.973439376422392414e-05 6.679061333401537361e-05 -3.861570031716992545e-05 -8.369332972467784519e-05 -9.160772619533743747e-06 7.359598319849506112e-05 4.830272383249679507e-05 -4.322281469886123041e-05 -6.885437787854410403e-05 3.494078553052181627e-06 6.674722162030036156e-05 3.277631149795070343e-05 -4.527046572041693484e-05 -5.556550326929050697e-05 1.250967757168734088e-05 5.925130471915537081e-05 2.030509855754013973e-05 -4.520316756668801074e-05 -4.400907285991642875e-05 1.888758392311417711e-05 5.215623256198485401e-05 1.046611634030450583e-05 -4.402706201476591207e-05
2.365352394733845690e-03 9.650137721074976459e-04 -2.909523827340538432e-04 -6.321815956510054048e-04 -1.490483048317281511e-04 3.368602724912771792e-04 2.670923485655607704e-04 -1.193999799982980878e-04 -2.617179982925455948e-04 -3.074450357721793215e-05 1.970572264347033925e-04 1.187498464531361504e-04 -1.097176595459827767e-04 -1.539706862034294918e-04 2.109497909375862549e-05 1.444238302112253107e-04 5.082606382609153816e-05 -1.034044512345777263e-04 -9.509115326797073131e-05 4.673725715025505215e-05 1.081859487452278015e-04 1.000657572935182232e-05 -9.361951011601920842e-05 -5.463908446328910178e-05 5.950494577465143730e-05 7.972689906257711488e-05 -1.590217990269371926e-05 -8.205917656516802583e-05 -2.587820056140508807e-05 6.384114340452787739e-05 5.596035356008614885e-05 -3.214043276954159833e-05 -6.873567096888244955e-05 -4.077898803357967511e-06 6.278647063676324948e-05 3.525564286180687891e-05 -4.169012205559847290e-05 -5.423249251806440982e-05 1.227273220533184133e-05 5.753958692306722789e-05 1.728167797761392621e-05 -4.590347078178081189e-05 -3.955593374048203901e-05 2.364725854319364170e-05 4.956884491139967126e-05 2.574510773752286477e-06 -4.592819299608792005e-05 -2.575755785135416161e-05 3.076796739956628898e-05 4.025902938796722041e-05 6.168950016705327527e-04 9.919900342170555069e-04 1.065141728332418599e-03 5.866795293848014016e-04 -1.193685556316216313e-04 -4.424091911416318723e-04 -1.912465002445413792e-04 2.072256362319379653e-04 2.569972386387946715e-04 -2.622671056587580165e-05 -2.208973252377333747e-04 -9.096492190220512052e-05 1.404637357576005022e-04 1.491948410546886303e-04 -4.580568497695994474e-05 -1.523724902825760775e-04 -3.541678985395904693e-05 1.169669174867898887e-04 8.922928287849578321e-05 -6.045038407226245700e-05 -1.099363306060145419e-04 3.783988186223028250e-07 9.995543726981021893e-05 4.888320021796250901e-05 -6.782962677211361118e-05 -7.907940480487547178e-05 2.340842144700994393e-05 8.556078565676001431e-05 2.141411942952154842e-05 -6.917045902709124331e-05 -5.499311260415131136e-05 3.715015426529911114e-05 7.044337707723123177e-05 6.025815602395044761e-07 -6.601316643076355923e-05 -3.383711141825262303e-05 4.516433544285068468e-05 5.463673381417410161e-05 -1.509599520623044436e-05 -5.916788527039258699e-05 -1.557245293318803859e-05 4.805278730160552828e-05 3.903270978775441147e-05 -2.567511765792332524e-05 -4.994551708717145179e-05 -9.922979530671145473e-07 4.690867384347759063e-05 2.483156499657211406e-05 -3.195319646767681417e-05 -3.992186560164451986e-05
2.243759522071599611e-03 9.151586383443210959e-04 -2.523575276548168495e-04 -5.418384171141518105e-04 -8.398841074377408572e-05 3.269502117384547914e-04 2.127738440847333468e-04 -1.423113639091776671e-04 -2.246031725404867580e-04 1.372318144253383445e-05 1.880066154392976438e-04 7.095164740336657155e-05 -1.275517512394937886e-04 -1.170269450893498116e-04 5.871137160127815101e-05 1.283166969917364712e-04 5.195614326565790425e-06 -1.115752900403346601e-04 -5.440293876808448699e-05 7.567180860397179946e-05 8.257772548189538930e-05 -3.182303139329060592e-05 -8.937385016914618254e-05 -1.075995891616111069e-05 7.756526387815537683e-05 4.520301987261584882e-05 -5.119966156910751582e-05 -6.524591021877096375e-05 1.794162669498941404e-05 6.915084188885203538e-05 1.480894302162631383e-05 -5.831056127283997513e-05 -4.099928053474229193e-05 3.589920463323839687e-05 5.523381433579532037e-05 -8.374302613287763848e-06 -5.611167504210931302e-05 -1.804894282919668734e-05 4.481998042370264446e-05 3.791384653329719039e-05 -2.494279054593140694e-05 -4.761658905970636720e-05 1.531697967807133905e-06 4.598593453948661669e-05 1.999865063536039158e-05 -3.443679368169518852e-05 -3.516543050984024659e-05 1.636041021744045988e-05 4.124799447571375318e-05 3.781264953445482936e-06 5.979735380280540909e-04 9.501806688055540288e-04 9.961673693026399604e-04 5.142283460703564370e-04 -1.502123324232393169e-04 -4.112883224086824304e-04 -1.378334505215426454e-04 2.183682378276965627e-04 2.133158072542051592e-04 -6.689665759684732785e-05 -2.051147051110853252e-04 -4.230183012828977806e-05 1.532352669020005202e-04 1.082363249954942328e-04 -8.192523307155963699e-05 -1.323092032668305015e-04 1.095172196118030964e-05 1.218604979863384879e-04 4.576551088664173407e-05 -8.826369745330129462e-05 -8.138932440449331556e-05 4.265889349107492701e-05 9.313284027334492487e-05 3.160267586874181617e-06 -8.430544219400978878e-05 -4.160979305915018449e-05 5.916609252729594035e-05 6.642526738564650353e-05 -2.402163570431652142e-05 -7.311835496087235454e-05 -1.152863063183718352e-05 6.332713657552566772e-05 4.055659987886337599e-05 -4.052844827938902793e-05 -5.707761945547774651e-05 1.158150958495959857e-05 5.925017162925113863e-05 1.666912162282768340e-05 -4.820912742956058849e-05 -3.817183228248405155e-05 2.790016335621710024e-05 4.924449125171490997e-05 -3.302402434138691977e-06 -4.804154533678681231e-05 -1.920864321981881443e-05 3.665337070374748005e-05 3.548700572376294266e-05 -1.807729804595849160e-05 -4.219051604788502132e-05 -2.665655764516839806e-06
2.159911138655844654e-03 8.813097140905610302e-04 -2.216985612573701330e-04 -4.723424234735379185e-04 -3.497949304743455006e-05 3.167542915082431458e-04 1.698370640123437591e-04 -1.567148164190671617e-04 -1.919292112542217963e-04 4.631087252152238094e-05 1.746650561646864361e-04 3.241942500822193711e-05 -1.344606994079232973e-04 -8.267641680157852726e-05 8.284173419548350470e-05 1.064029129285633143e-04 -2.944592206750257525e-05 -1.067649570510661739e-04 -1.785808531989083214e-05 8.818485209289345821e-05 5.206040919120548898e-05 -5.868921320741970967e-05 -7.151383726391736780e-05 2.446508972078114200e-05 7.621143227804484080e-05 9.425899961384581760e-06 -6.637304143789023831e-05 -3.633986792981020819e-05 4.669179338331147196e-05 5.358597613330012203e-05 -2.131885976434165866e-05 -5.967454258065090503e-05 -5.576463828577423594e-06 5.370049711459925861e-05 2.806828058888333142e-05 -3.882689605407375829e-05 -4.313441024038215562e-05 1.842159023164517036e-05 4.883054074818284253e-05 3.361375047283462885e-06 -4.502395244169067335e-05 -2.248220436700521088e-05 3.324720098157258664e-05 3.566400706809708695e-05 -1.641652164693754290e-05 -4.107207018984928979e-05 -1.968622695135554432e-06 3.839278394053206547e-05 1.843422002894034618e-05 -2.874432220352330668e-05 5.913258552586245220e-04 9.292599482873486983e-04 9.525782073892904598e-04 4.610566975631027109e-04 -1.763581982601740059e-04 -3.887219749577375022e-04 -9.601103031571529671e-05 2.258814174388939860e-04 1.768291385168163816e-04 -9.755626204844300257e-05 -1.879382220889771343e-04 -2.969348954903156094e-06 1.572344098338304122e-04 7.100514954511850517e-05 -1.055798911640460269e-04 -1.076950547317823706e-04 4.658844467028975454e-05 1.148675686394076521e-04 6.777857893363362290e-06 -1.002535256149733839e-04 -4.838400075457167395e-05 7.019569586998167438e-05 7.306487177944121533e-05 -3.386783269994367908e-05 -8.150296281233546721e-05 -3.000080494719985258e-06 7.460712326102756384e-05 3.498938529399640791e-05 -5.425218490761434789e-05 -5.574905189632017210e-05 2.701888785450465289e-05 6.416860616474510687e-05 2.514517516200162603e-06 -5.913392871926615498e-05 -2.778266515294591874e-05 4.385814935734855708e-05 4.513320031726530122e-05 -2.207986449951393322e-05 -5.221049098144650189e-05 -1.418997223057809230e-06 4.907192007712488579e-05 2.261928258004051139e-05 -3.666767692326119857e-05 -3.701711776325218139e-05 1.913971664021461624e-05 4.357179885914671408e-05 6.545200803789334631e-07 -4.108584114664152635e-05 -1.827111806910528924e-05 3.127885162476853621e-05
2.048125729535514930e-03 8.278407223177681410e-04 -1.999537585680998290e-04 -4.049369492761963865e-04 1.124014633451363475e-05 3.010029392946040401e-04 1.246152486515290936e-04 -1.662959161918382768e-04 -1.542398537447185552e-04 7.534113072798172598e-05 1.532836234680120429e-04 -5.981068371094667726e-06 -1.318299600901384414e-04 -4.374893275984316162e-05 9.825553843062246207e-05 7.508651146377239569e-05 -5.873553347743337732e-05 -8.889221734623512785e-05 1.887368286058065242e-05 8.638387421615656750e-05 1.478754849867730685e-05 -7.293087624892313314e-05 -4.051365464304530149e-05 5.189257076502706259e-05 5.700817313308520706e-05 -2.604171564894006518e-05 -6.215972268328602936e-05 9.994258056037797220e-07 5.842922517576313256e-05 2.127270194264861136e-05 -4.685552943406875407e-05 -3.837087190272041299e-05 2.889953004824722581e-05 4.708677814874640319e-05 -9.119628158407217625e-06 -4.804820175990575043e-05 -1.001156143814377800e-05 4.168911751092923044e-05 2.576403554111300035e-05 -2.958283641532065319e-05 -3.607851032951196865e-05 1.408113677568378582e-05 3.991345644995867003e-05 2.194535882237503221e-06 -3.724501964318765020e-05 -1.669132728598628977e-05 2.906661920399547714e-05 2.740818439726026745e-05 -1.699224774628927605e-05 -3.290026586870457490e-05 5.872287496705866448e-04 9.106944657856656583e-04 9.085494395271662138e-04 4.049265587913736925e-04 -2.032594250621900492e-04 -3.625415182380365472e-04 -5.169296902652902764e-05 2.296628103397055994e-04 1.355759558352033066e-04 -1.251684197740811279e-04 -1.627636571223214956e-04 3.678813713505571943e-05 1.518485917907689772e-04 2.876267776578575228e-05 -1.205653300581023177e-04 -7.304036410788978596e-05 7.715093811791977731e-05 9.417836022195577150e-05 -3.285991687096031074e-05 -9.726360190134139745e-05 -7.770368555216336168e-06 8.472959974788313287e-05 3.880506635598624253e-05 -6.303589092720537804e-05 -5.964439861934565506e-05 3.565757848045012732e-05 6.935730856874783073e-05 -5.930184613533846299e-06 -6.652855675622693424e-05 -2.004320551283300639e-05 5.470420649936444569e-05 4.052478010990820406e-05 -3.512242873628750695e-05 -5.163451915563694439e-05 1.291336323755855835e-05 5.380372681852845797e-05 8.951848318865638594e-06 -4.735633679398303428e-05 -2.701546001566609427e-05 3.445352164510713207e-05 3.942467194373567272e-05 -1.696918757576321355e-05 -4.386820999433822365e-05 -7.997476664868643225e-07 4.171712855160468480e-05 1.737174755084025071e-05 -3.276140988219414452e-05 -2.932562673782988897e-05 1.978407011514592359e-05 3.583129484739656890e-05
1.906488198828054734e-03 7.572214956357082357e-04 -1.863440756152272585e-04 -3.457361493567768086e-04 4.662098972435064971e-05 2.794709480228839697e-04 8.440125619150871559e-05 -1.675411817369458869e-04 -1.174942609532172430e-04 9.447586244966327338e-05 1.273208035897478252e-04 -3.607533710512054743e-05 -1.198697667824632758e-04 -9.166409825027604363e-06 1.012541780549725028e-04 4.235127892938909543e-05 -7.521427289231584284e-05 -6.332924047888825693e-05 4.542388765345414662e-05 7.162283024749869392e-05 -1.740907264677047471e-05 -7.092130910211148136e-05 -7.691027933873101374e-06 6.266526524752461175e-05 2.845168727428001729e-05 -4.783378600012991219e-05 -4.199344072913907940e-05 3.067122335223186971e-05 4.979493883398748504e-05 -1.175059974091037418e-05 -5.105702474307620897e-05 -7.041312056443300978e-06 4.520242854665605946e-05 2.211510570438506856e-05 -3.503929940537556801e-05 -3.315110122729084021e-05 2.159474209439956208e-05 3.905114767490538112e-05 -6.744613781914210805e-06 -3.950085925874088542e-05 -7.529948201855132637e-06 3.497698301129928487e-05 1.957658518744929640e-05 -2.642438707319194933e-05 -2.804766406226724934e-05 1.531220556443099490e-05 3.226727185849287194e-05 -3.153757554783392145e-06 -3.195441081397782621e-05 -8.328379588698652921e-06 5.659658626190551588e-04 8.664041432488866915e-04 8.412551209327405553e-04 3.429676601953250150e-04 -2.187931110528544977e-04 -3.261714971829260054e-04 -1.267579521329269069e-05 2.210572026223573501e-04 9.372395713285812900e-05 -1.400206776411565442e-04 -1.303740241246823363e-04 6.679418563685053450e-05 1.341103201229634583e-04 -9.019430530332970335e-06 -1.201427786765953061e-04 -3.571953624251490532e-05 9.263425933894685045e-05 6.374154354467732387e-05 -6.083870136598783918e-05 -7.857778658339241787e-05 2.748822485265746743e-05 8.019859038256726296e-05 1.873864719148315248e-06 -7.304736873603447057e-05 -2.659097896074657139e-05 5.872398190093773459e-05 4.531661967044230995e-05 -3.852102475147141348e-05 -5.528624400532624450e-05 1.701888375123834305e-05 5.808412851283287752e-05 4.889203059465356412e-06 -5.242561990562323972e-05 -2.286474655510428269e-05 4.138543354986701852e-05 3.626110804071072706e-05 -2.620365689649779519e-05 -4.356768711014505829e-05 9.421465208363993270e-06 4.485370184833788952e-05 7.295173667454636812e-06 -3.971778456042728510e-05 -2.077389398574922092e-05 3.071235226569836853e-05 3.100914725074602787e-05 -1.799504279616946704e-05 -3.580445799258634508e-05 4.537891651498149915e-06 3.586755066904423201e-05 8.511477302946485402e-06
1.781505619070250859e-03 6.951799483685269180e-04 -1.754946522006126867e-04 -2.979431029423565739e-04 7.155201227808918516e-05 2.576047175979846509e-04 5.255810125649063312e-05 -1.633585386651437708e-04 -8.607554590850510562e-05 1.046605491192387991e-04 1.018639080155261961e-04 -5.631147013781613901e-05 -1.032460095639257898e-04 1.714961779282934292e-05 9.509955767509491078e-05 1.411029353625187507e-05 -7.971106662279645505e-05 -3.708474401535521102e-05 5.942761837809535768e-05 5.062987954381388555e-05 -3.882353733848132471e-05 -5.762035921401678846e-05 1.832913244288865713e-05 5.848696416777019542e-05 9.662252881606588539e-07 -5.321897690699024309e-05 -1.628887524353382144e-05 4.506533430811016918e-05 2.904485886196907780e-05 -3.343924333546920217e-05 -3.785175249138890289e-05 1.926469003280561793e-05 4.112692914812521891e-05 -5.638480467098399681e-06 -4.061590385054047011e-05 -7.336145361866224659e-06 3.613461469883140367e-05 1.830013098454030969e-05 -2.847563898659418125e-05 -2.632492734927928724e-05 1.873292978030608792e-05 3.093812148607528990e-05 -8.034322639353438849e-06 -3.199575124890785045e-05 -2.470714782077214632e-06 2.973909866672305404e-05 1.180120570316642908e-05 -2.462196773652634434e-05 -1.903260180313521142e-05 1.752863092955947802e-05 5.487997640235991494e-04 8.302915638762533440e-04 7.866186356649934033e-04 2.946908233209810657e-04 -2.263542350897358810e-04 -2.921052053345198096e-04 1.780623399892363327e-05 2.086485959765055310e-04 5.853202042662273592e-05 -1.459722447300258405e-04 -9.945441888801222197e-05 8.624549539689085268e-05 1.120704360580223891e-04 -3.749976680178436251e-05 -1.101595786797146342e-04 -3.764669963052620359e-06 9.510290568124152234e-05 3.298292240763530970e-05 -7.489603716447517420e-05 -5.330070737197637745e-05 5.065914617021098957e-05 6.337950874132974790e-05 -2.726416878818323065e-05 -6.656122257325306998e-05 4.960726044561979072e-06 6.342883230365350445e-05 1.528701523545967781e-05 -5.391813632685643452e-05 -3.058776147291714825e-05 4.126658011768222526e-05 4.196476998336941581e-05 -2.505565172376512061e-05 -4.685187410990266721e-05 9.024563920701591830e-06 4.700941662398737435e-05 6.393352137350503902e-06 -4.226968530876125477e-05 -1.939368649151229288e-05 3.388945126271945975e-05 2.932455710520587912e-05 -2.247310180002961121e-05 -3.463085120526266644e-05 1.061954015259693259e-05 3.659753700819058945e-05 1.862830675493793711e-06 -3.398385728709874855e-05 -1.241676301293106067e-05 2.856132543752763067e-05 2.102752342334081705e-05 -2.047753568013070636e-05
1.674191026209651640e-03 6.428410380466352938e-04 -1.619094583010401687e-04 -2.507845408520792039e-04 9.506600319642310754e-05 2.352194747487856656e-04 2.265739203139064027e-05 -1.561330574865967317e-04 -5.493428891113570346e-05 1.105973141031916021e-04 7.444468312582505274e-05 -7.219144928722043806e-05 -8.224037404030655246e-05 4.013843023623089959e-05 8.243745552550423624e-05 -1.282514298999125832e-05 -7.625236991320697322e-05 -9.407008875583104259e-06 6.490959124105680298e-05 2.491452707751848404e-05 -5.243286230204383791e-05 -3.633653966163949200e-05 3.852653277700955891e-05 4.354397017823373640e-05 -2.381203230745151220e-05 -4.590343439564638389e-05 1.081761587022882146e-05 4.616566093903818919e-05 2.249241592966296557e-06 -4.287535109593936851e-05 -1.401167069205579069e-05 3.605685621662763605e-05 2.249960302270960255e-05 -2.816090171544955638e-05 -2.897555634306554569e-05 1.873225663937726015e-05 3.257408102038499145e-05 -8.779775703246827780e-06 -3.327018646073136125e-05 -8.201894831788587012e-07 3.137645237158882968e-05 9.457281081907867220e-06 -2.722209645626969324e-05 -1.652989244963122160e-05 2.138073812709164647e-05 2.171945964591569280e-05 -1.436009868100725201e-05 -2.469977941690736637e-05 6.935068211575175059e-06 2.561045429390585256e-05 5.405485496755894036e-04 8.073063195066295262e-04 7.443684949913578243e-04 2.524945239407926870e-04 -2.337335036905785241e-04 -2.595825740277287884e-04 4.675161928353616119e-05 1.948129822967779260e-04 2.403017205406204302e-05 -1.485571191279459865e-04 -6.724462909932395335e-05 1.014699619850414170e-04 8.600725056162365973e-05 -6.244247849255289489e-05 -9.357937467592297059e-05 2.668614297270289568e-05 8.916240449226654275e-05 7.782316919301078154e-07 -7.973317189742251535e-05 -2.293465814997335743e-05 6.526293800284503339e-05 3.783325450331935405e-05 -4.986350372423104850e-05 -4.810035118652115145e-05 3.339015328331663290e-05 5.384277329617569353e-05 -1.622502091146784067e-05 -5.418348145617181828e-05 9.662193363659605906e-07 5.155050731496573841e-05 1.374575458449644788e-05 -4.410109049739849177e-05 -2.461176850454193049e-05 3.497986442476597781e-05 3.294983535412250315e-05 -2.382694522114972506e-05 -3.766801500330081985e-05 1.210747414136945271e-05 3.910115123660036832e-05 -3.505017915412064147e-07 -3.681970275918757500e-05 -9.573876209809973909e-06 3.264235978800639811e-05 1.857124507821162314e-05 -2.552052536886502263e-05 -2.452996448381006313e-05 1.767458968686786170e-05 2.849004600094559282e-05 -8.800299113785198596e-06 -2.959503207265340869e-05
1.571337853109248299e-03 5.941086239112334253e-04 -1.469729911519200745e-04 -2.056934188281986690e-04 1.146876999239224718e-04 2.116302839012450200e-04 -3.618711957622690171e-06 -1.451339819761777886e-04 -2.585574985772840976e-05 1.111458219728376617e-04 4.698975048163938506e-05 -8.178676850755608769e-05 -5.858304266674251254e-05 5.695272749361076909e-05 6.436453841037736707e-05 -3.480685713251935098e-05 -6.493716383869076137e-05 1.551648681078839859e-05 6.075387780896638359e-05 -9.824975447093747420e-07 -5.552029559500788628e-05 -1.147888773254526759e-05 4.834614211710142002e-05 2.142905164741449556e-05 -3.954183423621426786e-05 -2.799200182231877394e-05 3.139864347206533133e-05 3.379466272074908254e-05 -2.167998126484539369e-05 -3.697335900395600498e-05 1.145707519438580019e-05 3.697567698399263191e-05 -2.699466180606898556e-06 -3.584621778956779498e-05 -5.911807894268348434e-06 3.255980125927853574e-05 1.329223255624244065e-05 -2.769721479909328259e-05 -1.912125587500753808e-05 2.177968394630091018e-05 2.332087782757548850e-05 -1.517812292336023277e-05 -2.579300306118275518e-05 8.328913093459821104e-06 2.658656260928845104e-05 -1.583073199715756616e-06 -2.573898277135722073e-05 -4.594532503204434441e-06 2.359775909042808630e-05 1.011162668998528781e-05 5.301953300562532853e-04 7.809509997562592062e-04 6.990621841284358831e-04 2.102743928119639319e-04 -2.382282736572575771e-04 -2.259389028595220532e-04 7.180364243910965867e-05 1.766409122106950183e-04 -8.316435004349344377e-06 -1.450026253360730221e-04 -3.495600480315534599e-05 1.093416561500245139e-04 5.674388371495919683e-05 -8.018716481537218905e-05 -7.061029898876266576e-05 5.132237488916598962e-05 7.395041645542539709e-05 -2.815988427622823607e-05 -7.315460362780226787e-05 7.631580898082552543e-06 6.736390939891397328e-05 8.020601797315042445e-06 -6.017135138543821307e-05 -2.113909307514175959e-05 5.106981951116099420e-05 3.164672879343451129e-05 -4.002086101363963767e-05 -3.841721130161412662e-05 2.919846162522684820e-05 4.359901734159618390e-05 -1.657353028989919650e-05 -4.439059805937239770e-05 5.576131420336337208e-06 4.347644384081283226e-05 5.192218429591372848e-06 -3.978234619309021282e-05 -1.435945837697691455e-05 3.424897127942614473e-05 2.189971766882468216e-05 -2.694731650651589289e-05 -2.685311708639885676e-05 1.952226520459990244e-05 3.058259913021467126e-05 -1.079309393954593072e-05 -3.129139911345899997e-05 3.060644066695621091e-06 3.078561822728233960e-05 4.677995563404221102e-06 -2.813507731810806645e-05 -1.118423476303729952e-05
1.481696978764448407e-03 5.523979510079760806e-04 -1.346562936704628183e-04 -1.705419266275915444e-04 1.264882817444439771e-04 1.900113372912719462e-04 -2.236120498871296646e-05 -1.326817929277971514e-04 -4.136502355559857738e-06 1.065320610693905139e-04 2.490344980849802713e-05 -8.369514903900603499e-05 -3.756446922631817526e-05 6.455641311164571838e-05 4.569150565837823359e-05 -4.718428569311204504e-05 -4.965230298512555307e-05 3.156461936558241306e-05 4.950456130510994153e-05 -1.965816290329884582e-05 -4.876852353518551145e-05 8.735257439275760381e-06 4.629567489902375516e-05 6.990602634668360302e-07 -4.225223777172795367e-05 -7.749786401825808010e-06 3.880750418543307112e-05 1.510685294210000994e-05 -3.348449402754161976e-05 -2.089341282263246750e-05 2.705512935750724402e-05 2.438476952292483553e-05 -2.130787651779347420e-05 -2.747345987099713053e-05 1.472057517376911161e-05 2.887689694777610883e-05 -8.288310882569869577e-06 -2.894013795036049291e-05 2.268434382604495391e-06 2.792063309596987163e-05 3.258474966718045336e-06 -2.592913155987326755e-05 -8.149701915561462080e-06 2.311465538114202857e-05 1.228598898247002349e-05 -1.964141339110982341e-05 -1.555077456445610765e-05 1.577660555324158649e-05 1.805673134368334482e-05 -1.149136611654323792e-05 5.161196424303891557e-04 7.507766253002564347e-04 6.540637910719239792e-04 1.738480741272827013e-04 -2.380061261335680519e-04 -1.960845958399682004e-04 8.835949285297318057e-05 1.573151802701173497e-04 -3.189636423810753778e-05 -1.354956878768562138e-04 -8.977768958801980205e-06 1.084154819234063171e-04 3.090806956433288043e-05 -8.696577620224941216e-05 -4.707497349750227933e-05 6.449683565892892333e-05 5.414902779814177182e-05 -4.642888894695808044e-05 -5.818107451575516307e-05 2.952595178273813636e-05 5.780402396765369199e-05 -1.615976354337953286e-05 -5.638105378989867700e-05 4.005985326125330998e-06 5.316243282819988657e-05 6.783458767434988234e-06 -4.799768537439799715e-05 -1.517846554455857416e-05 4.281577324745896494e-05 2.347215233737429086e-05 -3.499051841184277979e-05 -2.844912354924081300e-05 2.785561742313640444e-05 3.268377973066656104e-05 -1.970123705668977885e-05 -3.474949500991186054e-05 1.177483612593519804e-05 3.524110730011399478e-05 -4.089082352371642363e-06 -3.396644470979482018e-05 -2.469535355943506461e-06 3.214513800717735286e-05 9.092660100513446695e-06 -2.833996567050956730e-05 -1.384515252018019667e-05 2.456552851905269001e-05 1.828495734823459184e-05 -1.962864775753291407e-05 -2.122674018361235247e-05 1.459622342385513488e-05
1.394400828994744879e-03 5.135155571641588637e-04 -1.203280389663266293e-04 -1.358587435867627060e-04 1.361097580955211261e-04 1.680815502046948393e-04 -3.805169581425151850e-05 -1.178632615677410652e-04 1.524729382474743558e-05 9.826687708982661390e-05 4.198624374100454326e-06 -8.094417992783372998e-05 -1.668673916145408580e-05 6.680618477209731838e-05 2.569473243832854964e-05 -5.384660258361335705e-05 -3.138732482548930373e-05 4.193235778146845778e-05 3.347276043489098060e-05 -3.322390987306545807e-05 -3.552739972934813975e-05 2.483641553344477471e-05 3.619215284415854862e-05 -1.731669285499936109e-05 -3.553047965432733825e-05 1.162917122540540743e-05 3.576288437745021306e-05 -4.923790338980956984e-06 -3.424118813202514904e-05 -9.441283480974104968e-07 3.159245299962321697e-05 5.240705364341826968e-06 -2.947631385092242079e-05 -9.845459166960245158e-06 2.621723849823912248e-05 1.340747992362788612e-05 -2.268493473987566285e-05 -1.617775959580555078e-05 1.904456278262148548e-05 1.832705351788098635e-05 -1.527213169760088259e-05 -1.982398677371985057e-05 1.147167419582747950e-05 2.071473145261743727e-05 -7.691142027247165937e-06 -2.098757492017194948e-05 4.067164276043307317e-06 2.078467494802598654e-05 -5.027315582052325787e-07 -1.994324367148234337e-05 5.010280039356834183e-04 7.192959339424809728e-04 6.087283334708423060e-04 1.394839834157050493e-04 -2.346371703037558761e-04 -1.660270316310549679e-04 1.010972167802202238e-04 1.353674376429932224e-04 -5.247118427874802236e-05 -1.219182367028785101e-04 1.472944026944661784e-05 1.016745004359913144e-04 5.574589987231196111e-06 -8.703544771152811165e-05 -2.215416310321015913e-05 7.052261276036195519e-05 3.094028928744051794e-05 -5.749287982951621336e-05 -3.749373590128778490e-05 4.491324350995338035e-05 4.041336223540074689e-05 -3.499113477587282586e-05 -4.274468532368550574e-05 2.552078052640627720e-05 4.365368322021516146e-05 -1.670636644916642037e-05 -4.301302775806042710e-05 9.445980971378758795e-06 4.266261098827302251e-05 -1.241071522054398677e-06 -3.962033149043995276e-05 -4.565282529546945039e-06 3.712402495268654276e-05 1.059302794757500482e-05 -3.319456825315399877e-05 -1.526175355864487119e-05 2.896146523023478473e-05 1.907193531208096330e-05 -2.429040589808748621e-05 -2.168105315209293066e-05 1.997795720986053728e-05 2.417377629103453372e-05 -1.472113022979214673e-05 -2.489291718553324971e-05 1.046985582235646488e-05 2.572567848219904480e-05 -5.619693161193520588e-06 -2.526709119263628788e-05 1.417864012665411839e-06 2.444026295790952598e-05
1.319137178646309942e-03 4.785417466273555608e-04 -1.076714514614461957e-04 -1.036025099368324403e-04 1.446492009912528061e-04 1.464347883977752879e-04 -5.214760471448641905e-05 -1.018754450022031871e-04 3.304379510342881130e-05 8.769990336078552380e-05 -1.503992864496145516e-05 -7.459861180861859808e-05 3.394684821563449042e-06 6.441399669199637270e-05 5.491093325044718326e-06 -5.511626171158980346e-05 -1.170019346947958258e-05 4.647515445180224375e-05 1.472365717727842411e-05 -4.074526615295560839e-05 -1.812141365994498674e-05 3.498874305107181452e-05 2.041135642522090592e-05 -2.980210223724959439e-05 -2.160509528183254124e-05 2.623457107387138507e-05 2.402079319943031905e-05 -2.131846490439941316e-05 -2.494065390484808369e-05 1.688684272334632373e-05 2.496816571467240102e-05 -1.361014460411866418e-05 -2.569787116838964243e-05 9.550433077496646434e-06 2.532581576997476020e-05 -6.109157307677358825e-06 -2.469587585621184022e-05 3.015856655373122457e-06 2.390254368463204658e-05 -1.019662194369191967e-07 -2.284308537798215809e-05 -2.568170260107020433e-06 2.156782986725672935e-05 5.021277876613319933e-06 -2.004951682867259552e-05 -7.183989233716855385e-06 1.839333830921288361e-05 9.165413381809558194e-06 -1.644910100854056630e-05 -1.074389004737493041e-05 4.944049170514397146e-04 6.994229737619909624e-04 5.729340565727257658e-04 1.085614841910307005e-04 -2.315452246592273309e-04 -1.361860572771053950e-04 1.135670939616846299e-04 1.129288668878512982e-04 -7.161544029685607427e-05 -1.060580046201114291e-04 3.709355025099961642e-05 9.121556799210255658e-05 -1.886114440621740633e-05 -8.196528870718063152e-05 2.871215397158674665e-06 7.025083793734345394e-05 6.146334915544127661e-06 -6.162578490458762135e-05 -1.365470864586503644e-05 5.300564743640322755e-05 1.808913245671907438e-05 -4.658164869926141496e-05 -2.231826021730656351e-05 4.024164519181856032e-05 2.545689426546225045e-05 -3.429008718035363309e-05 -2.748750611412808809e-05 2.952115577617199176e-05 3.026875736331356589e-05 -2.324291593478374968e-05 -3.062000689919023222e-05 1.883327968841094118e-05 3.175149880492375836e-05 -1.357257406568402709e-05 -3.150332561256453956e-05 9.115568827411639502e-06 3.097885152945819296e-05 -4.917013080009364489e-06 -2.991287668552073591e-05 1.371363945766975505e-06 2.904526533321426620e-05 2.607518466767669652e-06 -2.694728209609645309e-05 -5.266676669066667292e-06 2.554245353626579114e-05 8.472351898526295639e-06 -2.313642413843502277e-05 -1.073044420152413079e-05 2.094796675053445481e-05 1.291571059949353801e-05
1.258102361435882400e-03 4.520416680591251950e-04 -9.582054611361872374e-05 -7.867378278963984087e-05 1.486661345425271735e-04 1.283562353543928915e-04 -6.100897901002622130e-05 -8.778834160974036680e-05 4.462353892149077661e-05 7.680238844299226383e-05 -2.817446397787904769e-05 -6.625820721854909761e-05 1.764869447818553472e-05 5.844622911222408185e-05 -9.474395731983814529e-06 -5.138794119773940300e-05 3.592718814238102853e-06 4.476007481745023430e-05 -7.154725714815795194e-07 -4.095414387125356884e-05 -2.752559100122797321e-06 3.699175128874040584e-05 5.248180913283482133e-06 -3.351921580140858505e-05 -6.761405972488637458e-06 3.164701091867314173e-05 9.662245774901375011e-06 -2.838521525049425790e-05 -1.123909635538336045e-05 2.555971865086037535e-05 1.212226697230699863e-05 -2.379185536656817709e-05 -1.389254801446111147e-05 2.110356517101316017e-05 1.469947142765816773e-05 -1.891424571009201161e-05 -1.540444603781307908e-05 1.690855407444233441e-05 1.605832396985788606e-05 -1.492981883558530867e-05 -1.656512365844178112e-05 1.300885367325516619e-05 1.694308440846739852e-05 -1.111129390956812327e-05 -1.714253959289754769e-05 9.297385067663862344e-06 1.722907249960920834e-05 -7.480744790132028999e-06 -1.706281029447019370e-05 5.846108660996205077e-06 4.862792609182474543e-04 6.795600617702990051e-04 5.415330218947313288e-04 8.465436513325921928e-05 -2.263249848062446874e-04 -1.123423954220615116e-04 1.200977234446517177e-04 9.356244017992217143e-05 -8.339157949832321718e-05 -9.043753883161485374e-05 5.201288740497401688e-05 7.890984110348927942e-05 -3.590263757494184651e-05 -7.281581702311992169e-05 2.127466257276081342e-05 6.410341039988381485e-05 -1.300031992528103116e-05 -5.821946518451970851e-05 5.873522703444573342e-06 5.218693113280396969e-05 -1.484506563950743366e-06 -4.814811994624828060e-05 -2.896065614395403122e-06 4.405569409205622777e-05 6.297477575219006217e-06 -4.037708946050379353e-05 -8.834603234767795301e-06 3.786107230849250884e-05 1.241114259178483752e-05 -3.374039080737292566e-05 -1.382334673461119163e-05 3.136214328992167156e-05 1.628299298355308399e-05 -2.793534951056228952e-05 -1.755634822683038978e-05 2.513473950025378104e-05 1.875333422309062811e-05 -2.237428409998530371e-05 -1.957223984616097301e-05 2.002867073284578559e-05 2.070847078180049845e-05 -1.702775421777092798e-05 -2.074913344344428358e-05 1.505165263189675043e-05 2.150825694133858866e-05 -1.231599268054758820e-05 -2.134853675630740325e-05 1.023459641078871020e-05 2.139685578094630030e-05 -7.977136775965418006e-06
1.203830350389333784e-03 4.281081165118664133e-04 -8.491657414318526322e-05 -5.584423316888302823e-05 1.518092951877361349e-04 1.118701333468803970e-04 -6.718206979455824338e-05 -7.339145959223409134e-05 5.353480716456114115e-05 6.474711790179320920e-05 -3.841801524483765657e-05 -5.583274458607971987e-05 2.894128502794421917e-05 4.948262810612477435e-05 -2.151934565221835319e-05 -4.372426908408027081e-05 1.618735266939247817e-05 3.822793520209074767e-05 -1.381531635293534261e-05 -3.556408134262980289e-05 1.066542192049989967e-05 3.259550064103177304e-05 -8.476677215036176481e-06 -3.007618679100622757e-05 7.263317441978994368e-06 2.918206136173682422e-05 -4.602018835887161954e-06 -2.689634715862173622e-05 3.231694703299340877e-06 2.508881314804225517e-05 -2.474200445505195212e-06 -2.435486865342065187e-05 7.411126804274017386e-07 2.269148858447647934e-05 9.597149449791887979e-08 -2.153387708104345275e-05 -9.208525445217115812e-07 2.053653106988598858e-05 1.758865798071222160e-06 -1.955963909813699492e-05 -2.527458397492154211e-06 1.862511612024949251e-05 3.253524597360471420e-06 -1.767376208351181699e-05 -3.860201764747055904e-06 1.678860258526808003e-05 4.441259788884046141e-06 -1.584730917311877012e-05 -4.825409629205835451e-06 1.505381194812082534e-05 4.821225899687497192e-04 6.651936254123674147e-04 5.150043767140166477e-04 6.319208058285259309e-05 -2.209979313021302608e-04 -9.025762077809219299e-05 1.241065745462424175e-04 7.385796156704279463e-05 -9.251927196847885173e-05 -7.383892272338608181e-05 6.325556092757515726e-05 6.387610991920059599e-05 -4.945793484272556712e-05 -5.994209280408587101e-05 3.612141832397214390e-05 5.302771186816296740e-05 -2.877488241797723933e-05 -4.869370931831948335e-05 2.246375485464056771e-05 4.422433031767792960e-05 -1.858524726856129771e-05 -4.151883012626449946e-05 1.469436998816438903e-05 3.870635290097433092e-05 -1.175096055397581432e-05 -3.631074696483527783e-05 9.630377254270780358e-06 3.512051237449766367e-05 -6.413160081915547111e-06 -3.243502984835497220e-05 5.159516262821486665e-06 3.144227539576908417e-05 -2.769905859665496547e-06 -2.940756690475787309e-05 1.449527493727952127e-06 2.799198075020279460e-05 -7.109311221760409694e-08 -2.655086542239871314e-05 -9.773019260027951506e-07 2.556430809973476214e-05 2.520526032593736887e-06 -2.381176730835750044e-05 -3.000697970110930364e-06 2.310098951789725985e-05 4.352582430827117988e-06 -2.152350704356647624e-05 -4.824081126853354821e-06 2.058989371785103600e-05 5.630113741462776741e-06 -1.938279312251091628e-05
1.092972434017118032e-03 3.837414268219758724e-04 -6.751611176327457437e-05 -2.655405259353786580e-05 1.474919018643478517e-04 8.632479821289773851e-05 -7.058233163265972485e-05 -5.230177100253601859e-05 5.974011931957254714e-05 4.604268885531564808e-05 -4.634360937453892040e-05 -3.869754244168306195e-05 3.815977259136863245e-05 3.361551898942154333e-05 -3.172175999552522219e-05 -2.899920146783894085e-05 2.705378082168829204e-05 2.448919703492593081e-05 -2.506909903132879851e-05 -2.253307300311976018e-05 2.229650788425132580e-05 2.019985715120042115e-05 -2.040776236061360880e-05 -1.821417085405128655e-05 1.947348211831059737e-05 1.777554771270487008e-05 -1.713463078814971276e-05 -1.597010380395773690e-05 1.607393890625882177e-05 1.468866973259426346e-05 -1.553498771729140023e-05 -1.442214032995681903e-05 1.403835230613988889e-05 1.326832221124520913e-05 -1.336915495873686035e-05 -1.259147911740627005e-05 1.269683537619096160e-05 1.207988636948232021e-05 -1.197378998527133008e-05 -1.157109805593575487e-05 1.131275532749775698e-05 1.111969903816412505e-05 -1.065657957217592427e-05 -1.064478543478520084e-05 1.009395699301829464e-05 1.023362805309916020e-05 -9.524974016479396979e-06 -9.748754056432773634e-06 9.144107635165372276e-06 9.418896833110916835e-06 4.496715724580476110e-04 6.093774643459548383e-04 4.526181706485197923e-04 3.394820964918828296e-05 -1.999312949449516346e-04 -5.760478878773004453e-05 1.200882961009416507e-04 4.557896058372660521e-05 -9.469446192242879942e-05 -4.773460226682303638e-05 6.972835180452769625e-05 4.013983687216198545e-05 -5.826018592049035557e-05 -3.769813867867842836e-05 4.690254145398832714e-05 3.232895720634080790e-05 -4.087086798016631130e-05 -2.930217526107838734e-05 3.550623533900729655e-05 2.595358504883644416e-05 -3.229494245154263524e-05 -2.412475765293059607e-05 2.900568394185832903e-05 2.209839779057068323e-05 -2.657915515425270057e-05 -2.038993533531074354e-05 2.496865670713205592e-05 1.986334717220292502e-05 -2.227033886403083157e-05 -1.791966420665656287e-05 2.141176574900783492e-05 1.762525168551922232e-05 -1.938857040504218422e-05 -1.631446681984434643e-05 1.835601152311320815e-05 1.561431720010778693e-05 -1.719590114638312793e-05 -1.485677621472551771e-05 1.633779188598954093e-05 1.455978443909314219e-05 -1.493345511250525097e-05 -1.349023692046704647e-05 1.453850560937419642e-05 1.343645420239947144e-05 -1.325027461109400151e-05 -1.252407010353424035e-05 1.278544620010717709e-05 1.222288725336283898e-05 -1.197307370874419521e-05 -1.165563586063153242e-05
9.567178098506318087e-04 3.303657729194058859e-04 -5.602231147144034150e-05 -9.490848119615057305e-06 1.353752916143229101e-04 6.710252502451572040e-05 -6.653233306781679529e-05 -3.679548654860454967e-05 5.775191778662323335e-05 3.181477511039978475e-05 -4.594598727459578392e-05 -2.543754913834301714e-05 3.879445342726609952e-05 2.108185141881483243e-05 -3.303093748453807938e-05 -1.701474227184708932e-05 2.880955957544460320e-05 1.295875549886533696e-05 -2.702425492036894693e-05 -1.123665863298667670e-05 2.443399019811966753e-05 9.100782453094793099e-06 -2.262922425263836002e-05 -7.231472707426378089e-06 2.169861148052833278e-05 6.738864373175144616e-06 -1.951104598089151528e-05 -4.993168155978624281e-06 1.851693174319095697e-05 3.753176134986820012e-06 -1.798981105602107713e-05 -3.449286843554438519e-06 1.657978673162424242e-05 2.338951442605890085e-06 -1.592461820570420693e-05 -1.679995389535548345e-06 1.524517200158664965e-05 1.156382989321081893e-06 -1.453636756815281612e-05 -6.603660597498181033e-07 1.386136472481559056e-05 2.014304287121691441e-07 -1.320773646464915325e-05 2.580811130932012649e-07 1.262728776550460948e-05 -6.605661649774389103e-07 -1.204505127213361388e-05 1.119490471596230610e-06 1.162835377625165386e-05 -1.437200303870102438e-06 3.859112393016321248e-04 5.161929375634778704e-04 3.712233120973492187e-04 1.259687075122724362e-05 -1.709564984762171932e-04 -3.753432030734099091e-05 1.032495624839150771e-04 2.622063076938158438e-05 -8.426058468398039969e-05 -2.947151148062032876e-05 6.303221396296685320e-05 2.277790559769434333e-05 -5.410362435612321925e-05 -2.118691620385099704e-05 4.455003376035484159e-05 1.676371228797689358e-05 -3.945874000238695062e-05 -1.420107933052687530e-05 3.495066873262761190e-05 1.137545006793224700e-05 -3.220039131077840049e-05 -9.813232842198197067e-06 2.929009546196732316e-05 7.941431687800700416e-06 -2.718956191708602247e-05 -6.318961111099295176e-06 2.585417732792749193e-05 5.750749338186537714e-06 -2.361044441769949908e-05 -4.035576351565127923e-06 2.289498609385918069e-05 3.731200613889636540e-06 -2.117586303386350354e-05 -2.576877628849035758e-06 2.027565062911760381e-05 1.931254950552976455e-06 -1.927856012752115507e-05 -1.259722932095636109e-06 1.852916062495438577e-05 1.007090230929867675e-06 -1.726677563377310436e-05 -4.684532172274592356e-08 1.692134745127290847e-05 2.332912404927048360e-08 -1.574583048814740463e-05 7.835097014412800583e-07 1.531094770137380532e-05 -1.040865347376413645e-06 -1.457172019609668517e-05 1.513599975151669100e-06
1.320780898573632678e+00 1.320199687502586539e+00 1.319165997053753037e+00 1.317634262828497604e+00 1.315598575662491720e+00 1.313060973043546964e+00 1.310023535178108878e+00 1.306486130409717727e+00 1.302446943550533698e+00 1.297904598423651690e+00 1.292857873708945560e+00 1.287305199575930814e+00 1.281244536584223992e+00 1.274673004872853843e+00 1.267589082519272603e+00 1.259990559715258973e+00 1.251876241250142296e+00 1.243244524536961437e+00 1.234094894047564006e+00 1.224426872500026908e+00 1.214241500882696334e+00 1.203539643986168306e+00 1.192323467768649392e+00 1.180596595532554804e+00 1.168363611015859949e+00 1.155630392760197633e+00 1.142404252769334994e+00 1.128693618405396171e+00 1.114508299476050457e+00 1.099859388465384891e+00 1.084759077530277338e+00 1.069221142351017173e+00 1.053260388705739903e+00 1.036893346538439786e+00 1.020137799843955806e+00 1.003013152288052323e+00 9.855403065420995645e-01 9.677416078341686267e-01 9.496415808373561696e-01 9.312659354894009534e-01 9.126417835716417182e-01 8.937987480630630310e-01 8.747673979455682369e-01 8.555803558030088407e-01 8.362714564901555514e-01 8.168764524724508869e-01 7.974324532087723183e-01 7.779777581059140745e-01 7.585523911486728998e-01 7.391971479859056338e-01 -1.118457310935836108e-03 -2.530525010642607070e-03 -5.034558030831774375e-03 -8.742442905762223479e-03 -1.368398514389831955e-02 -1.987853107057550167e-02 -2.734168182122261384e-02 -3.608568281435133029e-02 -4.612338801937259508e-02 -5.746897292648215499e-02 -7.013759555714152438e-02 -8.414174656295718424e-02 -9.948989486220846667e-02 -1.161900612099533436e-01 -1.342464271185657421e-01 -1.536634915189797612e-01 -1.744397056754815045e-01 -1.965710278684863199e-01 -2.200485525948630561e-01 -2.448618635702413393e-01 -2.709945593846729284e-01 -2.984281707588386512e-01 -3.271392412895754442e-01 -3.571002030931744731e-01 -3.882809857160634537e-01 -4.206476349524264080e-01 -4.541616115528563924e-01 -4.887807383461541533e-01 -5.244584769410616243e-01 -5.611435559492099490e-01 -5.987797450543959066e-01 -6.373044965367589132e-01 -6.766505226235205450e-01 -7.167441160568142067e-01 -7.575061712855150065e-01 -7.988513003173177696e-01 -8.406883622344404339e-01 -8.829207925136214330e-01 -9.254449593444731281e-01 -9.681527109890237792e-01 -1.010931156731700531e+00 -1.053660448849865983e+00 -1.096217618851177411e+00 -1.138474352360446806e+00 -1.180299399951730166e+00 -1.221557669293704018e+00 -1.262112013593999382e+00 -1.301823946208769733e+00 -1.340552881763567461e+00 -1.378158423161190749e+00
2.005042405059156430e+00 2.004119418349613824e+00 2.002482902041608614e+00 2.000055927859613281e+00 1.996809323013663873e+00 1.992716711744443758e+00 1.987754005045720751e+00 1.981901187376712947e+00 1.975139316124242317e+00 1.967449249094645136e+00 1.958811630791907454e+00 1.949209130442153048e+00 1.938626962614846905e+00 1.927050333513553593e+00 1.914466938284821396e+00 1.900863845516372663e+00 1.886231372434072906e+00 1.870560486801956079e+00 1.853845000059641146e+00 1.836079721952651456e+00 1.817263848966473638e+00 1.797398429328102010e+00 1.776489079881669708e+00 1.754545975303090755e+00 1.731582825484971444e+00 1.707617647594787069e+00 1.682672914261541752e+00 1.656774316759532795e+00 1.629950540018557215e+00 1.602232753812430133e+00 1.573654221614636084e+00 1.544251024582523613e+00 1.514060673979509719e+00 1.483123249967344126e+00 1.451480518141663012e+00 1.419176521967935978e+00 1.386257093395072415e+00 1.352769557598979766e+00 1.318764078804463225e+00 1.284291718053230502e+00 1.249404666577232703e+00 1.214158191214607996e+00 1.178607708046790048e+00 1.142810891024940823e+00 1.106826072249466941e+00 1.070713532835070536e+00 1.034534503332725341e+00 9.983509229108481486e-01 9.622264506310348464e-01 9.262246598325938329e-01 -2.735866882979622137e-03 -6.202816461489187895e-03 -1.236901559177947842e-02 -2.151562502966573170e-02 -3.369962618221485767e-02 -4.893622397287192977e-02 -6.723395163457029922e-02 -8.860170379597642754e-02 -1.130477743488772086e-01 -1.405717291606212449e-01 -1.711673782901232121e-01 -2.048241475429201097e-01 -2.415266666077579838e-01 -2.812574196430835394e-01 -3.239838911163661628e-01 -3.696705421645515299e-01 -4.182681492343009455e-01 -4.697228704752596795e-01 -5.239684057154081476e-01 -5.809331539418046697e-01 -6.405321126376181118e-01 -7.026778841172147683e-01 -7.672736152110465335e-01 -8.342137214212183016e-01 -9.033874039305613834e-01 -9.746764474170352965e-01 -1.047953812250651096e+00 -1.123084589775003916e+00 -1.199923459604033793e+00 -1.278314312106724859e+00 -1.358091027274152207e+00 -1.439075632106169733e+00 -1.521082382925441179e+00 -1.603915335631903583e+00 -1.687371995006423653e+00 -1.771242734808020858e+00 -1.855312636155497241e+00 -1.939362824326842150e+00 -2.023168111718854245e+00 -2.106502812367271993e+00 -2.189140506115012208e+00 -2.270849905082672926e+00 -2.351402592648784484e+00 -2.430569016410089045e+00 -2.508122945935651771e+00 -2.583839383541491674e+00 -2.657497620420719020e+00 -2.728882379283318560e+00 -2.797782220403156384e+00 -2.863993239080807385e+00
2.939105827476619304e+00 2.936000292947982704e+00 2.930494286223291667e+00 2.922348167540086195e+00 2.911511046007973835e+00 2.897961950973926726e+00 2.881691362826527936e+00 2.862699467364544503e+00 2.840990750630628003e+00 2.816575270174363155e+00 2.789467533574568225e+00 2.759689682602556093e+00 2.727272129181571803e+00 2.692247593136482653e+00 2.654659797953838662e+00 2.614553227169652327e+00 2.571983632196609637e+00 2.527010044629045105e+00 2.479701056811109972e+00 2.430128801125528870e+00 2.378377227301702312e+00 2.324533806134147174e+00 2.268696262616155757e+00 2.210971873307985724e+00 2.151474157944408105e+00 2.090324303841820441e+00 2.027651115217476541e+00 1.963587938579476555e+00 1.898272349165835537e+00 1.831844795534909531e+00 1.764447284277337546e+00 1.696224728312732744e+00 1.627321429238079098e+00 1.557883380556329689e+00 1.488055761567744328e+00 1.417983882905179849e+00 1.347811836500365068e+00 1.277681625251485986e+00 1.207735621152530747e+00 1.138112187171330003e+00 1.068946100421574341e+00 1.000372212680487705e+00 9.325194033127611748e-01 8.655145139181522618e-01 7.994791336760415090e-01 7.345318960852479373e-01 6.707864766354730834e-01 6.083511139900554809e-01 5.473303142338784566e-01 4.878217539545924297e-01 -7.051322173361056905e-03 -1.596759008996617712e-02 -3.178867817434412324e-02 -5.519225187840485353e-02 -8.627561559816883385e-02 -1.250211150875114308e-01 -1.713735982008305347e-01 -2.252550242147283166e-01 -2.865703972315181147e-01 -3.551948629491787357e-01 -4.309795533389029210e-01 -5.137495594479134509e-01 -6.033027890675388694e-01 -6.994216583530032949e-01 -8.018462200913849536e-01 -9.103034192507925004e-01 -1.024480659380965442e+00 -1.144048812115410874e+00 -1.268646719718356852e+00 -1.397899709025373527e+00 -1.531401484425377602e+00 -1.668739692852134526e+00 -1.809481796955727750e+00 -1.953179455522890295e+00 -2.099378145901289905e+00 -2.247613855503076241e+00 -2.397412200562235363e+00 -2.548293055484749825e+00 -2.699767848879237153e+00 -2.851340667110949134e+00 -3.002511036330036465e+00 -3.152771773026786128e+00 -3.301618100290547808e+00 -3.448544280678822460e+00 -3.593051186423390941e+00 -3.734646132935928620e+00 -3.872847106776392767e+00 -4.007185834672898572e+00 -4.137204868824416515e+00 -4.262467624884806128e+00 -4.382558318645966011e+00 -4.497076646823724211e+00 -4.605649476782448737e+00 -4.707925357794973564e+00 -4.803580895315862520e+00 -4.892318367884911368e+00 -4.973869806908488123e+00 -5.047998064132301010e+00 -5.114494871953537469e+00 -5.173184105419258216e+00
3.668176861309961012e+00 3.660860760678878112e+00 3.647895069330034712e+00 3.628742335070841207e+00 3.603340876800633641e+00 3.571723477442027228e+00 3.533958203558094091e+00 3.490136812311684267e+00 3.440365877541452289e+00 3.384774278701277339e+00 3.323509231180887369e+00 3.256739649488359589e+00 3.184656414180318862e+00 3.107460487242491354e+00 3.025382642648164921e+00 2.938659611002325978e+00 2.847555621905413670e+00 2.752344356527067326e+00 2.653321797378439761e+00 2.550792344213248075e+00 2.445084481291193157e+00 2.336532063013676996e+00 2.225486966191857707e+00 2.112316400092429713e+00 1.997395191362946187e+00 1.881107311973700513e+00 1.763844445174128639e+00 1.645999284099607607e+00 1.527964290075583209e+00 1.410128193195609558e+00 1.292872460451016892e+00 1.176572588362521765e+00 1.061591188857088808e+00 9.482810826020917627e-01 8.369801409396723235e-01 7.280120824591133077e-01 6.216837579435079419e-01 5.182834008239173285e-01 4.180836861646813341e-01 3.213348517690031714e-01 2.282654076313957170e-01 1.390868747500338676e-01 5.398549612589149255e-02 -2.687253274367808198e-02 -1.033449782002004019e-01 -1.753105664927261942e-01 -2.426711432395932677e-01 -3.053517226768149850e-01 -3.632983063920212086e-01 -4.164803801938425365e-01 -1.584231561552389839e-02 -3.584090911950674196e-02 -7.125738364316422380e-02 -1.235166309632478449e-01 -1.927187373876761978e-01 -2.786792072397952791e-01 -3.810871639390609467e-01 -4.995347788889073493e-01 -6.335420524531204522e-01 -7.825389665068650524e-01 -9.458775578629247116e-01 -1.122822698797100616e+00 -1.312551843985726441e+00 -1.514188164726502084e+00 -1.726750944859723802e+00 -1.949219289062148253e+00 -2.180478533391871920e+00 -2.419371773912339041e+00 -2.664674347217715233e+00 -2.915135622346610500e+00 -3.169446970329867774e+00 -3.426295056499766289e+00 -3.684339738899003791e+00 -3.942229091465525137e+00 -4.198622404269579889e+00 -4.452188599546885506e+00 -4.701609991156836976e+00 -4.945595890988127685e+00 -5.182883404953284590e+00 -5.412243795433415272e+00 -5.632490555536512566e+00 -5.842480415354867951e+00 -6.041130658179564072e+00 -6.227417916951235810e+00 -6.400391369866309965e+00 -6.559175072412551266e+00 -6.702975586944903696e+00 -6.831087090210035129e+00 -6.942890483888493947e+00 -7.037864260268224648e+00 -7.115583924455998854e+00 -7.175719128516881540e+00 -7.218041034168316550e+00 -7.242418161234718710e+00 -7.248818196410183212e+00 -7.237306378293523856e+00 -7.208044761224239316e+00 -7.161288852586931597e+00 -7.097385279090310917e+00 -7.016764782083377838e+00
3.445065211048112808e+00 3.433922321184864845e+00 3.414193823719311904e+00 3.385098137355039505e+00 3.346601190649324931e+00 3.298833461469887762e+00 3.241996000741427686e+00 3.176340488951557184e+00 3.102155720841234920e+00 3.019778683941185538e+00 2.929587158731147944e+00 2.832002673468450471e+00 2.727489154267617177e+00 2.616534315129455557e+00 2.499676360164207356e+00 2.377467486974679467e+00 2.250502327156101323e+00 2.119390193134612410e+00 1.984770720125472288e+00 1.847292349680005774e+00 1.707630985438123528e+00 1.566462317382753211e+00 1.424476196106629011e+00 1.282370183287474985e+00 1.140837048661322184e+00 1.000564061798914883e+00 8.622282833225944909e-01 7.264858291384704847e-01 5.939680550661483593e-01 4.652752551107742773e-01 3.409708127798910526e-01 2.215809501083328414e-01 1.075862565482255812e-01 -5.760073420950053346e-04 -1.025177741164465389e-01 -1.978997381175740256e-01 -2.864339242134982255e-01 -3.678848465374284782e-01 -4.420667572085233976e-01 -5.088483785982915730e-01 -5.681508323528977611e-01 -6.199434247406545584e-01 -6.642474496915685700e-01 -7.011311260841801563e-01 -7.307096068216175633e-01 -7.531413221412219805e-01 -7.686265489829551267e-01 -7.774045596953916837e-01 -7.797504088409064060e-01 -7.759721279361030399e-01 -2.437207340712011644e-02 -5.510271044329765472e-02 -1.094409622308726016e-01 -1.894357399574199130e-01 -2.950334538103964177e-01 -4.256790047292485779e-01 -5.805583647977458073e-01 -7.586464768165601669e-01 -9.587510767858121730e-01 -1.179492627817554373e+00 -1.419327916144793589e+00 -1.676542148070142346e+00 -1.949256895755165919e+00 -2.235487195230082325e+00 -2.533080271905103320e+00 -2.839815332689709759e+00 -3.153338344627606205e+00 -3.471244503434518069e+00 -3.791055141931149564e+00 -4.110284779217673545e+00 -4.426411258248067249e+00 -4.736955354939127005e+00 -5.039464260181953037e+00 -5.331542838159701425e+00 -5.610891282655730450e+00 -5.875312405121789538e+00 -6.122725197580800582e+00 -6.351187294024472685e+00 -6.558902878997411534e+00 -6.744235459434098523e+00 -6.905720846336254048e+00 -7.042074511520744373e+00 -7.152209757749744767e+00 -7.235241292815203451e+00 -7.290496083583623665e+00 -7.317516115114995223e+00 -7.316061772949957742e+00 -7.286111290940544549e+00 -7.227860498330587191e+00 -7.141717561911458567e+00 -7.028294796463377736e+00 -6.888407556325465642e+00 -6.723055129830978416e+00 -6.533416796375710156e+00 -6.320832538646822485e+00 -6.086796839516214419e+00 -5.832939112896216471e+00 -5.561005697551206772e+00 -5.272850895634266344e+00 -4.970405992487263447e+00
2.681312048140106263e+00 2.668459344630987662e+00 2.645734736631712991e+00 2.612290957877792863e+00 2.568171059573354231e+00 2.513634440869984221e+00 2.449047036744463224e+00 2.374856643330028660e+00 2.291575647964237739e+00 2.199791316206299197e+00 2.100154768800346794e+00 1.993381139827767878e+00 1.880244341862082669e+00 1.761552937989226075e+00 1.638174506290388299e+00 1.510991973289042667e+00 1.380928983007223110e+00 1.248916132217287700e+00 1.115902299881907922e+00 9.828282518287941860e-01 8.506401136445798095e-01 7.202578481873382898e-01 5.925846313196756476e-01 4.684958855773967423e-01 3.488236052508128515e-01 2.343515249906969466e-01 1.258067116698695920e-01 2.384703386643020548e-02 -7.094481742643084232e-02 -1.580684021813524021e-01 -2.371109313608862068e-01 -3.077478540027440701e-01 -3.697475396194550012e-01 -4.229684393892911842e-01 -4.673602667281987477e-01 -5.029608752012965089e-01 -5.298938500217820202e-01 -5.483645114226118888e-01 -5.586546003439457619e-01 -5.611179644086703444e-01 -5.561734513797681467e-01 -5.442985858695063017e-01 -5.260220678083736834e-01 -5.019166272308713816e-01 -4.725904449992970324e-01 -4.386800933796300983e-01 -4.008419734926139677e-01 -3.597440916934638300e-01 -3.160595232996486481e-01 -2.704568691586539120e-01 -2.899195484058204875e-02 -6.549710884468158689e-02 -1.299216378273166383e-01 -2.244836995255226064e-01 -3.487933126016239949e-01 -5.017609884200666670e-01 -6.818922025360871775e-01 -8.873522114139210659e-01 -1.116026741717222714e+00 -1.365510588004043457e+00 -1.633148700549035937e+00 -1.916043296586680489e+00 -2.211081202001045298e+00 -2.515014844539170014e+00 -2.824416870063013008e+00 -3.135807509246320013e+00 -3.445609192234567075e+00 -3.750254692760154551e+00 -4.046188327223901204e+00 -4.329953922944769218e+00 -4.598191195648086982e+00 -4.847729354206476771e+00 -5.075593487463424758e+00 -5.279052141165657019e+00 -5.455662770383786331e+00 -5.603289831640115182e+00 -5.720125477013833226e+00 -5.804710628646807535e+00 -5.855943989580588926e+00 -5.873090704999458289e+00 -5.855787250609504113e+00 -5.804044397515335518e+00 -5.718244890353515686e+00 -5.599138921197447161e+00 -5.447830529996493532e+00 -5.265763259823142306e+00 -5.054697926356686466e+00 -4.816685967317020811e+00 -4.554051288059802971e+00 -4.269345786140489096e+00 -3.965316309768856851e+00 -3.644886851689836504e+00 -3.311095947463742473e+00 -2.967077150076377734e+00 -2.616006555877871342e+00 -2.261078076673125103e+00 -1.905457153006800075e+00 -1.552242750548516570e+00 -1.204443491147126677e+00 -8.649285005841537144e-01
1.948535489922287978e+00 1.935457179782263504e+00 1.912370575584143140e+00 1.878474044239166307e+00 1.833899404699314672e+00 1.779025444208159223e+00 1.714367317750652653e+00 1.640550321572620929e+00 1.558288577549125309e+00 1.468390503598149044e+00 1.371743791580684713e+00 1.269311419060495272e+00 1.162121008454750193e+00 1.051235415870015455e+00 9.377688534053888469e-01 8.228395089619666702e-01 7.075864102571310932e-01 5.931321028076272928e-01 4.805861642989025517e-01 3.710160517822544413e-01 2.654523439156070141e-01 1.648571176785838255e-01 7.012651513848719431e-02 -1.792321419242025662e-02 -9.857171984035875689e-02 -1.712015601571088563e-01 -2.353071966099808399e-01 -2.905050797982631217e-01 -3.365378812923820462e-01 -3.732776540260547837e-01 -4.007259279534733376e-01 -4.190100389930638825e-01 -4.283790584023555725e-01 -4.291958889790710718e-01 -4.219290743759050444e-01 -4.071426183718171998e-01 -3.854846638198008435e-01 -3.576749170479581186e-01 -3.244928843626351811e-01 -2.867628342310856171e-01 -2.453398726304430455e-01 -2.010985737212010183e-01 -1.549158730765256287e-01 -1.076602939644548396e-01 -6.017726145631570323e-02 -1.327896733467016574e-02 3.226785012330883606e-02 7.575197480735781919e-02 1.165250801614043097e-01 1.540111669530854765e-01 -2.944870037322853268e-02 -6.647314182742485034e-02 -1.316744802802783665e-01 -2.270556033697996579e-01 -3.518441436022443636e-01 -5.044396967772520890e-01 -6.827264771283222400e-01 -8.841530204214929078e-01 -1.105805930129285963e+00 -1.344415732464154356e+00 -1.596419781986597952e+00 -1.857995947632374634e+00 -2.125116882888541170e+00 -2.393651680826474060e+00 -2.659354929736273743e+00 -2.918010966933295869e+00 -3.165427682713118251e+00 -3.397560204287039198e+00 -3.610543828601061822e+00 -3.800791960086138843e+00 -3.965024003489582061e+00 -4.100355960896369112e+00 -4.204327419792084797e+00 -4.274951644259052053e+00 -4.310752427335005521e+00 -4.310779866683963846e+00 -4.274621751436787243e+00 -4.202404194610190657e+00 -4.094783196532153724e+00 -3.952929154355557806e+00 -3.778503210922430799e+00 -3.573633839344777741e+00 -3.340873690436217736e+00 -3.083165192827712620e+00 -2.803784838203064567e+00 -2.506293486185291020e+00 -2.194474395756218499e+00 -1.872269299738503534e+00 -1.543728016051000740e+00 -1.212925812821784355e+00 -8.839030238415072072e-01 -5.606221262677228978e-01 -2.468806963293918577e-01 5.372467247216601571e-02 3.378629712947831543e-01 6.025028762294988294e-01 8.449603294825612787e-01 1.062931875587316943e+00 1.254513775824730892e+00 1.418230493568616968e+00
1.476967744922186299e+00 1.463968690149976437e+00 1.441059302184602098e+00 1.407508781559942301e+00 1.363548739867622261e+00 1.309687504456977791e+00 1.246596010704889235e+00 1.175077326982478132e+00 1.096041227633373749e+00 1.010504118105706395e+00 9.195682720861371173e-01 8.244111773023405920e-01 7.262679164508143437e-01 6.263959722983309941e-01 5.260811279920988293e-01 4.265862036395437484e-01 3.291579199407735357e-01 2.349866770156624762e-01 1.452022747909564593e-01 6.084331123675938702e-02 -1.714459266327188550e-02 -8.793805285833952712e-02 -1.508375979833648517e-01 -2.052810112335328729e-01 -2.508556799553074423e-01 -2.873032515586168012e-01 -3.145241200755408140e-01 -3.325798241934796451e-01 -3.416897854363251663e-01 -3.422249704734411924e-01 -3.346974702830507464e-01 -3.197470177654453405e-01 -2.981242515614262456e-01 -2.706729939763689585e-01 -2.383101301287537666e-01 -2.020055736629897125e-01 -1.627609229352428299e-01 -1.215882223648427490e-01 -7.949123942222413586e-02 -3.744354871861004658e-02 3.629355204726453146e-03 4.286437586496104346e-02 7.947906651864823646e-02 1.127818632382144443e-01 1.421839900696610648e-01 1.672060131234540670e-01 1.874840022566228726e-01 2.027721623594244682e-01 2.129425261371784284e-01 2.179833311184407041e-01 -3.019115178158435914e-02 -6.808299722870038428e-02 -1.346512382897713800e-01 -2.316710569704759359e-01 -3.579435400409183288e-01 -5.113026649833383175e-01 -6.889498667250482100e-01 -8.875546380388924517e-01 -1.103351975800122009e+00 -1.332175903606412692e+00 -1.569552610573965667e+00 -1.810768379013620866e+00 -2.050959876271813087e+00 -2.285246015060740099e+00 -2.508758628822741699e+00 -2.716808813953313972e+00 -2.904922214265976965e+00 -3.068979341032992636e+00 -3.205277842255631615e+00 -3.310635987327352314e+00 -3.382442497873849874e+00 -3.418734115325317013e+00 -3.418227612828250717e+00 -3.380355027732103945e+00 -3.305273523155033200e+00 -3.193856736984003408e+00 -3.047673246066152863e+00 -2.868944264148558076e+00 -2.660493545900275869e+00 -2.425684491362765982e+00 -2.168346172320085419e+00 -1.892700965606787911e+00 -1.603266308952919994e+00 -1.304772996515037198e+00 -1.002059853079082075e+00 -6.999813889280603885e-01 -4.033070435982198942e-01 -1.166258047212057475e-01 1.557309245580841828e-01 4.097873681703984583e-01 6.419910019279027047e-01 8.492613393062304894e-01 1.029060286571827687e+00 1.179416963505127924e+00 1.298960932642792443e+00 1.386928538820935586e+00 1.443166073934950777e+00 1.468115070212376194e+00 1.462785334887228395e+00 1.428718448534349816e+00
1.104265796084449969e+00 1.091645475995286718e+00 1.069450463310518185e+00 1.037052646178987736e+00 9.947989710469982150e-01 9.433407129318295281e-01 8.835168862955049551e-01 8.163181449399489198e-01 7.428554875990540651e-01 6.643520425244273664e-01 5.821142074462104521e-01 4.975112421023972220e-01 4.119478240135415748e-01 3.268214862968600865e-01 2.435158405754976607e-01 1.633454881430280725e-01 8.755133791045462133e-02 1.725876887001076554e-02 -4.653341437012583487e-02 -1.029821386634239971e-01 -1.514062206958793899e-01 -1.913087475729733922e-01 -2.223782728668705633e-01 -2.444954772814701416e-01 -2.577353929440813207e-01 -2.623627468110105165e-01 -2.588244226099561396e-01 -2.477368248727356281e-01 -2.298679882966818411e-01 -2.061154390871017539e-01 -1.774800883076961822e-01 -1.450385195577622022e-01 -1.099116673694486984e-01 -7.323572012357891514e-02 -3.613134008223619492e-02 3.240448061908707917e-04 3.512303275048293122e-02 6.735193672842719470e-02 9.620967853226337907e-02 1.210261129795640600e-01 1.412737103405201089e-01 1.565745467544084890e-01 1.667057966177053763e-01 1.715980457076581311e-01 1.713310797050562884e-01 1.661251592822625966e-01 1.563291724210778277e-01 1.424054091606658801e-01 1.249124841298640126e-01 1.044852202997175739e-01 -2.993434354162579497e-02 -6.742110381058216695e-02 -1.330758915320003621e-01 -2.283104098028876094e-01 -3.514290470090334906e-01 -4.996373075663630980e-01 -6.693978485411542501e-01 -8.565614260221852128e-01 -1.056499406619140435e+00 -1.264180539581225782e+00 -1.474307197521903978e+00 -1.681430286650297479e+00 -1.880086188728246288e+00 -2.064965605247205183e+00 -2.230996261257557567e+00 -2.373528685468131894e+00 -2.488413992513204942e+00 -2.572150188163590201e+00 -2.621963794763197519e+00 -2.635900034999768771e+00 -2.612873350356929247e+00 -2.552703768447191379e+00 -2.456124544303095458e+00 -2.324769060895472972e+00 -2.161119868213652317e+00 -1.968440954638567053e+00 -1.750689516279419378e+00 -1.512401016209035332e+00 -1.258569777665752287e+00 -9.945160368141651164e-01 -7.257452173193167377e-01 -4.578143052960739201e-01 -1.961791590561895726e-01 5.393166772504890544e-02 2.876544579169111882e-01 5.006031472414307348e-01 6.889752333960865727e-01 8.496374949626003259e-01 9.801856603191335671e-01 1.078998700643288178e+00 1.145256825627518626e+00 1.178938583784173488e+00 1.180805813869356236e+00 1.152358878152518029e+00 1.095776871891703363e+00 1.013841955485503377e+00 9.098481369592912316e-01 7.874982971785917663e-01 6.507983678484430268e-01 5.039374322925337379e-01
8.877573545047275916e-01 8.753176666056078359e-01 8.534900614513359907e-01 8.217391334571974015e-01 7.805292754550671175e-01 7.306578653356183839e-01 6.731345468027708501e-01 6.091379033399840770e-01 5.399753438441416975e-01 4.670641049546169765e-01 3.918921658076240377e-01 3.159867234807938741e-01 2.408756813841713973e-01 1.680365460105981978e-01 9.887769330150054936e-02 3.467985860718904995e-02 -2.341729733461031873e-02 -7.445647057680669645e-02 -1.176762562067582424e-01 -1.525349492825212316e-01 -1.787148200895733452e-01 -1.961328593271499388e-01 -2.049344807964096626e-01 -2.054871849778656945e-01 -1.983669649734355056e-01 -1.843381716081396726e-01 -1.643286830747451854e-01 -1.393988043240108887e-01 -1.107062602881831587e-01 -7.946780958169032127e-02 -4.691906184477624697e-02 -1.427559704972483981e-02 1.730656884693985639e-02 4.676462252653874885e-02 7.316058342344677889e-02 9.570618003290311260e-02 1.137828126328798567e-01 1.269547691234773346e-01 1.349753778469258425e-01 1.377878759413220522e-01 1.355185268575805901e-01 1.284646657433839989e-01 1.170770951520334752e-01 1.019383038159723254e-01 8.373644742109632999e-02 6.323778106091382245e-02 4.125661801474034274e-02 1.862505186471862667e-02 -3.835859945557457042e-03 -2.534508409524700162e-02 -2.955998588243666236e-02 -6.649214121523172594e-02 -1.309652372807724452e-01 -2.240106206564786429e-01 -3.434288223131494733e-01 -4.857997032977872665e-01 -6.468696833066744922e-01 -8.217232608185830456e-01 -1.004959385358821899e+00 -1.190820244667022187e+00 -1.373379064517975756e+00 -1.546708708456203007e+00 -1.705067943448285162e+00 -1.843105856816809496e+00 -1.955990404866618571e+00 -2.039604548340174794e+00 -2.090650618852225584e+00 -2.106783858235485418e+00 -2.086687641456931086e+00 -2.030124402421163321e+00 -1.937953651064837413e+00 -1.812099208406794171e+00 -1.655498106278405990e+00 -1.472009109521235981e+00 -1.266276782207275131e+00 -1.043582566558974856e+00 -8.096744492608045629e-01 -5.705736843372853917e-01 -3.323863222700511599e-01 -1.011107015051376651e-01 1.175495463072367269e-01 3.183524300440893628e-01 4.966828577860143423e-01 6.486777020573435415e-01 7.713382110844598794e-01 8.626029797000861477e-01 9.213933468231936263e-01 9.476230326683500182e-01 9.421747475143260608e-01 9.068477585213940984e-01 8.442715292379169290e-01 7.578011262906924062e-01 6.513826853951929508e-01 5.294120845771165262e-01 3.965747460214005260e-01 2.576896136964324513e-01 1.175462952123663141e-01 -1.924893076727293706e-02 -1.484105727755304083e-01 -2.661059040700078926e-01
7.525913305722287117e-01 7.398811481012443902e-01 7.176347927520811965e-01 6.854001415342407810e-01 6.437905159713090963e-01 5.937946338096882215e-01 5.366433552116219863e-01 4.737539261747201746e-01 4.066767744351508784e-01 3.370623532904310493e-01 2.666077676935744156e-01 1.970108510066368168e-01 1.299182160826904686e-01 6.686404932210898711e-02 9.240045434322347734e-03 -4.176608131977841559e-02 -8.518945592960697200e-02 -1.203253571113940545e-01 -1.467396493056491724e-01 -1.642815697602100777e-01 -1.730786020993929364e-01 -1.735290627222291771e-01 -1.662804252553112261e-01 -1.522029912208134883e-01 -1.323545999021518149e-01 -1.079398432528505813e-01 -8.026452651254241399e-02 -5.068508974186412830e-02 -2.055741442848183984e-02 8.814187806765676203e-03 3.622506150496248439e-02 6.061210383680410568e-02 8.109066254639418769e-02 9.698090164206100983e-02 1.078266473620043270e-01 1.134035507374931140e-01 1.137181319060077272e-01 1.089971924656535640e-01 9.966906366871007561e-02 8.633692281272513369e-02 6.974594548594847954e-02 5.074728955758002480e-02 3.025680977005956729e-02 9.215028227094114455e-03 -1.145410521967507589e-02 -3.088050498895125381e-02 -4.828282932401855437e-02 -6.299776801418893735e-02 -7.450275053733804165e-02 -8.243293487829873867e-02 -3.048161370564002673e-02 -6.846559937151762421e-02 -1.345323019438420253e-01 -2.293332911941777241e-01 -3.500137215818394099e-01 -4.923228835827762051e-01 -6.510618341261530384e-01 -8.203176140414324413e-01 -9.937068263994784934e-01 -1.164576532745932091e+00 -1.326262610575990042e+00 -1.472326288809880479e+00 -1.596800128845891509e+00 -1.694433701431780737e+00 -1.760863935308375039e+00 -1.792813825130890715e+00 -1.788204580378364605e+00 -1.746254349127543737e+00 -1.667516576599700207e+00 -1.553859389134205848e+00 -1.408412793696119714e+00 -1.235432278616555246e+00 -1.040152192801412578e+00 -8.285850440435881259e-01 -6.072774547954959967e-01 -3.830633947793137817e-01 -1.628053750938301125e-01 4.687100043871682969e-02 2.398179273453818205e-01 4.105883802940282767e-01 5.546287519381714048e-01 6.684288644908502608e-01 7.496390712136637990e-01 7.971291062342663603e-01 8.110056016242056520e-01 7.925760194480842014e-01 7.442673986837663458e-01 6.695010560432917979e-01 5.725354641585180815e-01 4.582727269594720210e-01 3.320478538246866007e-01 1.994153706854648322e-01 6.591605794492347292e-02 -6.313077305712111453e-02 -1.828320327005658608e-01 -2.888912288511177318e-01 -3.777567994995645884e-01 -4.467313422714349613e-01 -4.940400139814444813e-01 -5.188638463911763310e-01
6.540348031097704684e-01 6.407466317073907680e-01 6.175587535511886106e-01 5.841170612397920126e-01 5.412345569271396206e-01 4.901566146833163384e-01 4.324063445595554556e-01 3.697091482360212455e-01 3.039195627247912590e-01 2.369677711663086828e-01 1.707860287642245789e-01 1.072436000654124894e-01 4.807825675482465394e-02 -5.176018003428472028e-03 -5.122917402123771530e-02 -8.909611638077978568e-02 -1.181153428740121386e-01 -1.379746302042719197e-01 -1.487089918531653565e-01 -1.506921374815108905e-01 -1.446107944696027325e-01 -1.314286383814357029e-01 -1.123389907674488819e-01 -8.870992996371451778e-02 -6.202126697422968155e-02 -3.379954439373561437e-02 -5.551588898813247450e-03 2.130173328357632886e-02 4.548556778293641467e-02 6.592359499409491952e-02 8.177970122554767407e-02 9.248632344220644730e-02 9.776004640357717490e-02 9.760185101209323255e-02 9.228432954889709272e-02 8.232596215958315478e-02 6.845450901759422835e-02 5.156147444287562803e-02 3.265125490202063635e-02 1.278517392987731267e-02 -6.973989492591604542e-03 -2.561416541630331251e-02 -4.222428669433222342e-02 -5.603480569932610400e-02 -6.645123791450265049e-02 -7.307636219223921648e-02 -7.572251750462659359e-02 -7.441239446594921647e-02 -6.936933391076793853e-02 -6.099773592532533456e-02 -3.219607526772702566e-02 -7.219142500657281525e-02 -1.414530360310465307e-01 -2.401600321189423792e-01 -3.645822828461490195e-01 -5.093667905094699799e-01 -6.680820037894905639e-01 -8.335481868602049316e-01 -9.981819394075119867e-01 -1.154300138573702839e+00 -1.294475211920961488e+00 -1.411858304797290131e+00 -1.500494585088290700e+00 -1.555608646111519944e+00 -1.573804160862958490e+00 -1.553239443616591942e+00 -1.493711460542392233e+00 -1.396673830060051635e+00 -1.265185771153616079e+00 -1.103764383125799498e+00 -9.182038089253354851e-01 -7.152849365798952253e-01 -5.024884043970677672e-01 -2.876528526569214761e-01 -7.860766726265525084e-02 1.171711264141469810e-01 2.928886734036050266e-01 4.427291918560554151e-01 5.620931900850122398e-01 6.477784462553629607e-01 6.980930400497848964e-01 7.128950933630676667e-01 6.935631619637662171e-01 6.428933310355675612e-01 5.649329832225509218e-01 4.647601013732400865e-01 3.482180970925208285e-01 2.216212315334444571e-01 9.145254930142998617e-02 -3.594934098232857589e-02 -1.546782778859620289e-01 -2.595129033249632955e-01 -3.461440416319047086e-01 -4.113338483308309756e-01 -4.530276437803245626e-01 -4.703982313638521151e-01 -4.638330295737909115e-01 -4.348598068185502430e-01 -3.860213858335367343e-01 -3.207036260407585271e-01
5.653624947223232500e-01 5.517499921932607077e-01 5.280769127148038367e-01 4.941155186122516696e-01 4.508913188424090168e-01 3.999126019497119544e-01 3.429917846587611230e-01 2.821456244216918319e-01 2.194975035344301217e-01 1.571993377694302640e-01 9.733568120733335216e-02 4.183927431561760418e-02 -7.591793345763366181e-03 -4.957255655347934248e-02 -8.307473687890698510e-02 -1.074774813601891837e-01 -1.225749544521467366e-01 -1.285781971847644312e-01 -1.260883012433026695e-01 -1.160551245929557079e-01 -9.972047429637728722e-02 -7.854632623199699071e-02 -5.413706575052369685e-02 -2.815560759735800250e-02 -2.237039394556457946e-03 2.209211301264682459e-02 4.348797492802151249e-02 6.085336060888988513e-02 7.338578478587191867e-02 8.060824746998924983e-02 8.238049832947992590e-02 7.889070727932370741e-02 7.062882300683243075e-02 5.834375202740939292e-02 4.298714293216254062e-02 2.564815663920766431e-02 7.482689211839118129e-03 -1.035826050519308462e-02 -2.679607383509910457e-02 -4.088656452626585752e-02 -5.187002866350593627e-02 -5.920797101837652759e-02 -6.260668082407194746e-02 -6.202375347969370234e-02 -5.766001980606071803e-02 -4.993710485453826953e-02 -3.946271281446196710e-02 -2.698605364603952339e-02 -1.334710969752746224e-02 5.784542276347321918e-04 -3.333091572883245535e-02 -7.459196760072828170e-02 -1.456963738833385036e-01 -2.462509082682390882e-01 -3.715935996575599476e-01 -5.152393769003805746e-01 -6.695404754092919575e-01 -8.261372851728991940e-01 -9.764250580413273983e-01 -1.111978059744411995e+00 -1.225009184357561232e+00 -1.308777021246376737e+00 -1.357954272258272921e+00 -1.368922849782894469e+00 -1.339961776018837369e+00 -1.271347154753018405e+00 -1.165348480383579632e+00 -1.026103620605069322e+00 -8.594156941365423963e-01 -6.724255646687595789e-01 -4.732575812505897539e-01 -2.705538344237599646e-01 -7.303914224622337636e-02 1.109428150691116471e-01 2.738744549256091898e-01 4.094393322694535597e-01 5.128305726163726597e-01 5.809745759176824231e-01 6.126481009150638313e-01 6.084953131048792541e-01 5.709422592109715255e-01 5.040179010533627491e-01 4.130886587683748057e-01 3.045298718021977047e-01 1.853455348401562008e-01 6.276791265241080109e-02 -5.614674330238936251e-02 -1.648989190047277509e-01 -2.578776380730902762e-01 -3.306409910054247114e-01 -3.801112694585172536e-01 -4.046853435113990094e-01 -4.042633646534438130e-01 -3.801834905835556611e-01 -3.350791621462347880e-01 -2.726682288358857065e-01 -1.974867396446158274e-01 -1.145862350479249225e-01 -2.921769896779679090e-02 5.348809685690437271e-02
4.932954542521255648e-01 4.795780292644120646e-01 4.558031806863906410e-01 4.218750464692264668e-01 3.790150809368556528e-01 3.289653828088358045e-01 2.737858196802813171e-01 2.157285817067848277e-01 1.571152138337741644e-01 1.002341059466292511e-01 4.722430578273780627e-02 -2.463644368331000759e-05 -3.996419442456240756e-02 -7.146423771043983186e-02 -9.385118318323588948e-02 -1.069392371810262976e-01 -1.110171166545413646e-01 -1.068177794911284034e-01 -9.545936806505421479e-02 -7.836713220220759002e-02 -5.718339620837848553e-02 -3.366334390927359921e-02 -9.572632294652999238e-03 1.341475371130930808e-02 3.381130369432711058e-02 5.039476742925238367e-02 6.226965065879432742e-02 6.890759550448810611e-02 7.016259799527289898e-02 6.626141738952888438e-02 5.776973775376770953e-02 4.553764773780402675e-02 3.062796092249029170e-02 1.423426935815599870e-02 -2.407012935674501027e-03 -1.810295248747104471e-02 -3.178411587502150137e-02 -4.257251579130570673e-02 -4.983314387752765112e-02 -5.320766352504639057e-02 -5.262652671969639262e-02 -4.830118403618009759e-02 -4.069716013832964940e-02 -3.049077645206339782e-02 -1.851267149140174012e-02 -5.683582767667340677e-03 7.054074439770919788e-03 1.880313045456349225e-02 2.877230030069733227e-02 3.632788432463880668e-02 -3.394311422484626306e-02 -7.581759114987522696e-02 -1.476296463000834613e-01 -2.484069285307488328e-01 -3.726231031246433623e-01 -5.127791006869250046e-01 -6.601853436017035559e-01 -8.055407564766666750e-01 -9.395251263794645036e-01 -1.053341028633146381e+00 -1.139265949009962586e+00 -1.191121815941303730e+00 -1.204665047786211307e+00 -1.177852505560445184e+00 -1.110970770166654686e+00 -1.006614039229878799e+00 -8.695433430348074033e-01 -7.063801289230974279e-01 -5.252196988769017860e-01 -3.351130902565716552e-01 -1.455421277320345930e-01 3.418966975603530273e-02 1.954920787784953373e-01 3.310010565941556293e-01 4.350096115238135663e-01 5.037711469453429736e-01 5.356788282438442739e-01 5.313070477984050966e-01 4.933108756428401520e-01 4.261997740925603240e-01 3.360003563741920107e-01 2.298365006975983393e-01 1.154453466256368938e-01 6.762663477119694802e-04 -1.070089481924103164e-01 -2.009894222726524293e-01 -2.758722496973375349e-01 -3.277845968240098995e-01 -3.545541258947560448e-01 -3.557761039860068975e-01 -3.327557536259909687e-01 -2.883443848597522785e-01 -2.266763504072095703e-01 -1.528347022785340459e-01 -7.246384157315878538e-02 8.633703802378003833e-03 8.489799479126758364e-02 1.513765934584498374e-01 2.040293332543560434e-01 2.399618160599702177e-01
4.262687678701008176e-01 4.126967837757273827e-01 3.892593331878363427e-01 3.560018641792706551e-01 3.143278605204654075e-01 2.661864860529342680e-01 2.138448000591861575e-01 1.597349176729226938e-01 1.063050435947743011e-01 5.589294918093452164e-02 1.059224458207881289e-02 -2.785861628143109295e-02 -5.816940614273150706e-02 -7.956554293869658179e-02 -9.181076581933723946e-02 -9.520850593352904456e-02 -9.055761864774275471e-02 -7.908217652854118707e-02 -6.233465704938316587e-02 -4.207995968164031375e-02 -2.017438394341761546e-02 1.562827955593269367e-03 2.146482548753392630e-02 3.812110181902902961e-02 5.046090654816148824e-02 5.780863177167912259e-02 5.991071462915675827e-02 5.693184734957128235e-02 4.942050968639056380e-02 3.824747134716067337e-02 2.452230319488099552e-02 9.495859845398822718e-03 -5.544587010163472621e-03 -1.937708917015464397e-02 -3.093807673669782612e-02 -3.939818600830994472e-02 -4.421677761006938961e-02 -4.517118064801196875e-02 -4.235977574320889949e-02 -3.617973250345497827e-02 -2.728166762994889069e-02 -1.650705195133946382e-02 -4.811934847530911254e-03 6.813998613888003729e-03 1.742863971375302815e-02 2.621063465909777637e-02 3.252059887462915855e-02 3.594492597586036037e-02 3.631971659103294670e-02 3.373401595529109537e-02 -3.419407492314506525e-02 -7.622347466622897416e-02 -1.479278635090475191e-01 -2.477251293798985454e-01 -3.692414386703751217e-01 -5.040207590450598296e-01 -6.424424554578348490e-01 -7.744424201462468682e-01 -8.902392029176784405e-01 -9.809933868798310641e-01 -1.039439835805686219e+00 -1.060394994646964406e+00 -1.041131308644478670e+00 -9.815673656049890283e-01 -8.842841633930751399e-01 -7.543281443923828267e-01 -5.988821432884937623e-01 -4.267414329165162834e-01 -2.477213001518585034e-01 -7.195207712154602642e-02 9.079186032670155670e-02 2.317877164409675173e-01 3.439230198273992012e-01 4.221579677580297729e-01 4.638289634502438807e-01 4.687637618235382941e-01 4.392201291362259896e-01 3.796499441001525144e-01 2.963119185966374691e-01 1.967673651894589759e-01 8.929764376817375671e-02 -1.770760329172512207e-02 -1.163576410248949172e-01 -1.998022202141125636e-01 -2.626846000800420189e-01 -3.014629905720803693e-01 -3.145877516061452162e-01 -3.025215245561596045e-01 -2.676090504133754600e-01 -2.138094280863048757e-01 -1.463165128522474490e-01 -7.110769357960979031e-02 5.556910899536199842e-03 7.762566041003765571e-02 1.397151944832941972e-01 1.874920986675506496e-01 2.179602319612913564e-01 2.296284930129235125e-01 2.225531878720563850e-01 1.982580070447045317e-01
3.556086015647325627e-01 3.426289726039102312e-01 3.203071721692200002e-01 2.888379051123773911e-01 2.497707158628957036e-01 2.052038215089193041e-01 1.575337314304443292e-01 1.092755668451835249e-01 6.289014234512038670e-02 2.063684980644306735e-02 -1.557140108387482409e-02 -4.428177088807347395e-02 -6.458559683530668005e-02 -7.616397820827475185e-02 -7.928283853445523832e-02 -7.475334241930854662e-02 -6.384763507557572604e-02 -4.818391159847967842e-02 -2.959123332024471073e-02 -9.961315715312009378e-03 8.893001496160651831e-03 2.537327211396511739e-02 3.820314264262610060e-02 4.650975722917186084e-02 4.987011913231245014e-02 4.831867372794673016e-02 4.231848194311405020e-02 3.269806208910397416e-02 2.056004769814272909e-02 7.170118306370879685e-03 -6.163534120092292040e-03 -1.820844074030644050e-02 -2.791472988898729274e-02 -3.449978100007898563e-02 -3.750594983508041824e-02 -3.682611052971428850e-02 -3.269676738702231161e-02 -2.566040382777604045e-02 -1.650239997623242916e-02 -6.168098161415120316e-03 4.330722575479414513e-03 1.401067422574313499e-02 2.200637377028685782e-02 2.764410340267321395e-02 3.049580727793779408e-02 3.040791384382793283e-02 2.750425104999182011e-02 2.216322832349571295e-02 1.497295776396933079e-02 6.668603138385211654e-03 -3.351685839764263763e-02 -7.454230975372573564e-02 -1.441208875980247439e-01 -2.400451032253415884e-01 -3.552044386158336731e-01 -4.803755623321079304e-01 -6.052779396258768374e-01 -7.194421247374654937e-01 -8.130665199859261616e-01 -8.777803916605357859e-01 -9.073265669786283460e-01 -8.980627636345418496e-01 -8.492640675472872269e-01 -7.631745916565971788e-01 -6.448451319363459611e-01 -5.017050747790112730e-01 -3.429991328432516196e-01 -1.790271207496111627e-01 -2.035163314409471277e-02 1.230507423907818282e-01 2.425354363107808386e-01 3.314647575063894291e-01 3.856651256704409780e-01 4.036974304214023812e-01 3.868923505367352633e-01 3.391519661153765686e-01 2.665502291282150216e-01 1.767641128212409096e-01 7.839413248768403730e-02 -1.976750549089098183e-02 -1.094584454031526793e-01 -1.835942693734025910e-01 -2.368006700055573788e-01 -2.657753307051702873e-01 -2.694655386709431943e-01 -2.490452707769141849e-01 -2.077046772786831919e-01 -1.502748998665973668e-01 -8.273118845317878334e-02 -1.161360415327888224e-02 5.657181323398350475e-02 1.159175123789975698e-01 1.616100009265080129e-01 1.902970435667363236e-01 2.003138664424688464e-01 1.917461409175459375e-01 1.663362566809640508e-01 1.272448115920324641e-01 7.869846360877782998e-02 2.555621467780994083e-02
2.879914671159985451e-01 2.761393023147732384e-01 2.558409819232175253e-01 2.274114195574328257e-01 1.924510629161142738e-01 1.530797161695355568e-01 1.116746832947208418e-01 7.067398096971680421e-02 3.239076259775439115e-02 -1.142519242910190269e-03 -2.831803105127506104e-02 -4.805686110698506597e-02 -5.987315688183983409e-02 -6.388926784680067084e-02 -6.079721306563382749e-02 -5.177793958292422477e-02 -3.838079518744624136e-02 -2.237450791632929550e-02 -5.588442810516830624e-03 1.024723856121608108e-02 2.364054155411350958e-02 3.345439265533550754e-02 3.898245168981906428e-02 3.998604138812225650e-02 3.668691877698661286e-02 2.971793194835665314e-02 2.003842864512834707e-02 8.822200528108324960e-03 -2.670069047016004980e-03 -1.322144227901120989e-02 -2.177913701139517696e-02 -2.755243839698739636e-02 -3.008004335544401178e-02 -2.926038605200459788e-02 -2.534452286578579849e-02 -1.889333936563867417e-02 -1.070507861838555265e-02 -1.721867018944308984e-03 7.073781243669623013e-03 1.476291061125107988e-02 2.058239393674549111e-02 2.399700362049447117e-02 2.474567105655810575e-02 2.285671745881921388e-02 1.863290553820384776e-02 1.260875262056115713e-02 5.485474104255644648e-03 -1.948752039881346916e-03 -8.904012862340377268e-03 -1.467123064207068693e-02 -3.151779889075977809e-02 -6.993266190451732922e-02 -1.346910698781912386e-01 -2.231040426291663048e-01 -3.276972502698652367e-01 -4.389754528226886277e-01 -5.465744756172628005e-01 -6.402374077368846450e-01 -7.107565611626592839e-01 -7.507883714285287224e-01 -7.555278961638300927e-01 -7.231439657542146904e-01 -6.549542165016331019e-01 -5.552970276774410463e-01 -4.311626850122736165e-01 -2.915367159661744756e-01 -1.466259103874909542e-01 -6.924363029858676515e-03 1.176907921423622910e-01 2.188336478064149271e-01 2.902987645222031010e-01 3.285734354189212003e-01 3.330617990284748253e-01 3.060519687690785307e-01 2.524108124977445522e-01 1.790483380314069617e-01 9.421262173668935869e-02 6.681221911064165291e-03 -7.506275467423448311e-02 -1.435955819295996749e-01 -1.931877961238406272e-01 -2.202524185639889998e-01 -2.235755302652711607e-01 -2.043079236864055181e-01 -1.657320973770355921e-01 -1.128339036287068636e-01 -5.172838210714629514e-02 1.099821032592867773e-02 6.895895149947747771e-02 1.165916282516312880e-01 1.496677298444875071e-01 1.656441889200982176e-01 1.638350307255237726e-01 1.453846607117374734e-01 1.130600875614874434e-01 7.089024035647377431e-02 2.369431258185175984e-02 -2.344706858398349150e-02 -6.571971959968607446e-02 -9.905445214911735852e-02
2.276734522119986948e-01 2.171776078855165437e-01 1.992810287017025561e-01 1.743897113644617136e-01 1.440904803573190285e-01 1.104415420805634346e-01 7.570674885329525816e-02 4.214929012556287158e-02 1.184198977485642103e-02 -1.348812139133310876e-02 -3.259315963607480049e-02 -4.479042824221528274e-02 -4.999909786682669305e-02 -4.872051671626692615e-02 -4.196450755662514687e-02 -3.113147485897043917e-02 -1.786313458671897475e-02 -3.873027703163285217e-03 9.218825892857348756e-03 2.003692015104028765e-02 2.756572774981200583e-02 3.122734803879737703e-02 3.090882922307498087e-02 2.694344105150081603e-02 2.004658613667699082e-02 1.121512175953512901e-02 1.602050990697672598e-03 -7.620165917235353567e-03 -1.539187141316238593e-02 -2.088025094334305248e-02 -2.356259166815649272e-02 -2.327017754480810788e-02 -2.018978590575254764e-02 -1.482447325521154061e-02 -7.920086498412042333e-03 -3.673782722385523039e-04 6.908304101406513922e-03 1.305625023219402284e-02 1.739578200218191636e-02 1.948842718509116376e-02 1.917840362135604659e-02 1.659885548186219167e-02 1.214415673811501152e-02 6.413047459110790896e-03 1.301942820925622616e-04 -5.943359916667843683e-03 -1.110078109923555954e-02 -1.476998534041302873e-02 -1.657516541585400682e-02 -1.637330932767577449e-02 -2.906770765166279830e-02 -6.433557179232467227e-02 -1.234044460131057813e-01 -2.032045425077892709e-01 -2.961015151466422912e-01 -3.925960182934735143e-01 -4.825520637549303715e-01 -5.562575616078087037e-01 -6.054206858851765016e-01 -6.239982550019622654e-01 -6.088185503402154808e-01 -5.599056052568298636e-01 -4.804866517745531307e-01 -3.766568609613745733e-01 -2.567909003106774168e-01 -1.306738534224143877e-01 -8.555191089923660716e-03 9.988734633058218848e-02 1.864707547295089696e-01 2.452934369533952830e-01 2.732490853767447492e-01 2.702646129648863527e-01 2.392018923280909704e-01 1.854688349351274190e-01 1.163708912515018651e-01 4.028981175555326755e-02 -3.421900130175088012e-02 -9.931574649506802466e-02 -1.486497309342782736e-01 -1.779437518464097312e-01 -1.853331211673048540e-01 -1.714335384480216440e-01 -1.391414865560931802e-01 -9.319825992620392463e-02 -3.957327000644894621e-02 1.525588136838648169e-02 6.504543452090204292e-02 1.044654553578901468e-01 1.296442380904753444e-01 1.385276281597898618e-01 1.310133270522643167e-01 1.088620173823623277e-01 7.540234952694761794e-02 3.507433632296025339e-02 -7.132793828727200698e-03 -4.627515032795648242e-02 -7.801681896897999513e-02 -9.909451309934093344e-02 -1.076363254116540213e-01 -1.033070619250238964e-01
1.751467081579712870e-01 1.661207447771395618e-01 1.508045329291025916e-01 1.296658577915953681e-01 1.042251491835497895e-01 7.641317586280131635e-02 4.830768874876940899e-02 2.192471381896619886e-02 -9.669035698562243510e-04 -1.899151726142084620e-02 -3.128101398972488872e-02 -3.753539014308542726e-02 -3.802693168781527688e-02 -3.354420042499806076e-02 -2.528515574550871045e-02 -1.471028775982444366e-02 -3.376573879056489827e-03 7.235319053604957751e-03 1.587370654967992789e-02 2.163744834702934633e-02 2.404912932238419468e-02 2.307891533953080124e-02 1.911531457571096979e-02 1.289110866462086363e-02 5.372463479476924375e-03 -2.373653154260178724e-03 -9.317579676954240372e-03 -1.459415398743358315e-02 -1.760321840831300180e-02 -1.807249538850498605e-02 -1.607581999088511862e-02 -1.200602105253592566e-02 -6.507757357192541468e-03 -3.814729460670753165e-04 5.528284647217656701e-03 1.044487417774159037e-02 1.375794020683474700e-02 1.509562781188487565e-02 1.436248921192722315e-02 1.173998428897748275e-02 7.650796746224819422e-03 2.693687827235660779e-03 -2.442536434941580507e-03 -7.072703794078529123e-03 -1.060498105986334115e-02 -1.261443544334527392e-02 -1.289226804403830265e-02 -1.146477305398992119e-02 -8.580946051679642222e-03 -4.671400681501128999e-03 -2.623793182174562200e-02 -5.790980353396322361e-02 -1.105685903476262832e-01 -1.808613843148595413e-01 -2.611858996905056518e-01 -3.422913640612585962e-01 -4.145631336196625161e-01 -4.691419134007118741e-01 -4.989405233569290665e-01 -4.994430482811717531e-01 -4.692278000717862718e-01 -4.101328955346391081e-01 -3.270575175734495299e-01 -2.274003142788500464e-01 -1.202541431872821004e-01 -1.536236482219635775e-02 7.793357662995115120e-02 1.517330035365475893e-01 2.003991880403862558e-01 2.211305009620802287e-01 2.141797104814744390e-01 1.827260075967123976e-01 1.324053050029600775e-01 7.057392679232911414e-02 5.391435095090517035e-03 -5.515015463090985198e-02 -1.041380074755356433e-01 -1.364859001824628715e-01 -1.494281855872110487e-01 -1.427154897746734930e-01 -1.185001792193904474e-01 -8.094094835978761504e-02 -3.558347809272768836e-02 1.139458926904188610e-02 5.398088222767605249e-02 8.706287512340617207e-02 1.070149060634486560e-01 1.120699863540730035e-01 1.024414149363307575e-01 8.019062769740531449e-02 4.886752373491595053e-02 1.298446032113036684e-02 -2.260896594365244261e-02 -5.335833308436372519e-02 -7.557086603417779991e-02 -8.684154818292127986e-02 -8.629531590976464994e-02 -7.462027827310295514e-02 -5.389998255469191646e-02 -2.727438949816639313e-02
1.366173155177058673e-01 1.288045062704498145e-01 1.156132120334261160e-01 9.755290021494403274e-02 7.607379665796044910e-02 5.298015651189114800e-02 3.016998628459371945e-02 9.426435445309515326e-03 -7.760941470425085538e-03 -2.032975257158875504e-02 -2.773774274861302153e-02 -2.999643551035286945e-02 -2.764340147669601053e-02 -2.165327951262224770e-02 -1.330319374129314454e-02 -4.006421242959083001e-03 4.859236302320516128e-03 1.211434986216456712e-02 1.690524676703707499e-02 1.878556085217318941e-02 1.774045269044017062e-02 1.415612422543588260e-02 8.740100727202151573e-03 2.405391352100027733e-03 -3.866744174484137726e-03 -9.165866323485103231e-03 -1.277519760416639429e-02 -1.426211066976594208e-02 -1.352458443086626029e-02 -1.078923986722483616e-02 -6.562622178458900161e-03 -1.544445098070187797e-03 3.483477378921035622e-03 7.774536552039939229e-03 1.072432049433425655e-02 1.195211311073721659e-02 1.134671993065507895e-02 9.071111325345297335e-03 5.527120439418531025e-03 1.286767193749730094e-03 -2.998101463004154092e-03 -6.693822360142808250e-03 -9.277125962315934185e-03 -1.040714872171063198e-02 -9.968349870774809510e-03 -8.078867900760381207e-03 -5.064759580624289374e-03 -1.404924963193777878e-03 2.344056343166146718e-03 5.631961011564455555e-03 -2.356288925078276961e-02 -5.185331654094304382e-02 -9.852769113571589743e-02 -1.600410476918778246e-01 -2.289315520200675413e-01 -2.963225189636563006e-01 -3.532487581197913395e-01 -3.918113079196662851e-01 -4.061852554894032075e-01 -3.933561991549359149e-01 -3.535124430379035787e-01 -2.900280981839160610e-01 -2.090493172033962010e-01 -1.187195790812204527e-01 -2.819367613410829476e-02 5.351590106448183420e-02 1.186136565598684134e-01 1.614632825687762341e-01 1.792112888185038444e-01 1.720583953886801187e-01 1.431292265518851192e-01 9.797159507110926591e-02 4.375990794481142421e-02 -1.168565986260519142e-02 -6.093087816299431331e-02 -9.786012321928783120e-02 -1.183963397170225557e-01 -1.209204553459227727e-01 -1.063428175587541047e-01 -7.783450591296461885e-02 -4.026881966570845101e-02 5.362205341562556980e-04 3.866713733000714387e-02 6.893151842329746370e-02 8.753709655931390943e-02 9.254125790853329203e-02 8.402174290758793185e-02 6.395682310888943511e-02 3.584773144376984105e-02 4.144650065889128078e-03 -2.643146616479795721e-02 -5.156927704606064505e-02 -6.795958134219773350e-02 -7.371249380005381879e-02 -6.855506317728424226e-02 -5.378855400461089037e-02 -3.202376635837653890e-02 -6.741802733984786009e-03 1.824666310036295730e-02 3.936441640369469502e-02
1.097109311870286402e-01 1.028072724327374898e-01 9.121015491671351227e-02 7.546194824950885893e-02 5.695987205811491733e-02 3.740796641481765328e-02 1.855680163318185888e-02 1.994377121951382455e-03 -1.102578037624532548e-02 -1.970466351240671501e-02 -2.376864179990477444e-02 -2.347570848285964948e-02 -1.955686876725728010e-02 -1.309753237506388994e-02 -5.380524224632815197e-03 2.291496559345754247e-03 8.763952263293739442e-03 1.317330902548721934e-02 1.504050655776413906e-02 1.430708882799537271e-02 1.130976001919538516e-02 6.701358012359654240e-03 1.332582977950174091e-03 -3.887508925540654990e-03 -8.132528497433885728e-03 -1.078016016602112957e-02 -1.149720086294354730e-02 -1.027629558242756924e-02 -7.420337280645917903e-03 -3.479276997904647700e-03 8.492423172459273887e-04 4.838382842274086861e-03 7.850450686735663264e-03 9.435227221601486317e-03 9.393990364598189813e-03 7.800431434044751561e-03 4.977277231176834189e-03 1.433869980791302500e-03 -2.223581336386265279e-03 -5.393977027632319496e-03 -7.578006979791959349e-03 -8.454630855138145495e-03 -7.926418481172125760e-03 -6.126972489009294490e-03 -3.390897608186652871e-03 -1.925885210350626359e-04 2.935247884825064116e-03 5.489450194892178669e-03 7.076367093817108669e-03 7.471663135233203891e-03 -2.164252928737002771e-02 -4.748482888465563323e-02 -8.978265054173423243e-02 -1.447939925452615129e-01 -2.051067293442822570e-01 -2.621032662448433137e-01 -3.073452401242598997e-01 -3.337677773406273474e-01 -3.366733665284536436e-01 -3.143915823205613025e-01 -2.685238694605721621e-01 -2.037293464452437086e-01 -1.270907715544160321e-01 -4.713728930604554890e-02 2.729243066509553367e-02 8.826214492195375017e-02 1.297672908092750155e-01 1.485067319525892882e-01 1.442392515461703717e-01 1.197115098186431054e-01 8.016859194800460275e-02 3.252133291460486408e-02 -1.568911461919774569e-02 -5.738189347889140202e-02 -8.691756494754186713e-02 -1.008209309845411461e-01 -9.815661324181423897e-02 -8.051513475392649277e-02 -5.162714354823518675e-02 -1.668069321521798223e-02 1.854336612781666907e-02 4.857773004996963906e-02 6.908234821201029996e-02 7.744273969195261675e-02 7.307655082809513813e-02 5.741177356992441250e-02 3.355652023567460424e-02 5.725827218575112176e-03 -2.147204531899722657e-02 -4.377704657903683239e-02 -5.792547890878546601e-02 -6.210987218457741932e-02 -5.618955964088787752e-02 -4.162734467930483823e-02 -2.117798153554246304e-02 1.610732701061928047e-03 2.299873994236730987e-02 3.965562117403064607e-02 4.916764509229145513e-02 5.037599571283106481e-02
9.071853285948835999e-02 8.445958705304243419e-02 7.400153060632497226e-02 5.992279884736347040e-02 4.359694449378346409e-02 2.666535168637090142e-02 1.077069260179970046e-02 -2.655752943856645558e-03 -1.256001229832488103e-02 -1.837088664549821337e-02 -2.004734506261863364e-02 -1.805593759049078234e-02 -1.328056491622673155e-02 -6.875074949574189360e-03 -8.683907055434585348e-05 5.926116844664604255e-03 1.025174055084561095e-02 1.233892346463627034e-02 1.205030494289046315e-02 9.649559957886903738e-03 5.727463607592853112e-03 1.081683731318548855e-03 -3.427046129722242495e-03 -7.020249825118422479e-03 -9.126294303926744955e-03 -9.464756104763624375e-03 -8.078572205570592676e-03 -5.309823974502435318e-03 -1.725385508636715281e-03 1.992648511386591135e-03 5.171670225273577309e-03 7.266293800662693321e-03 7.949064604897882261e-03 7.158576555557448831e-03 5.098620273035519429e-03 2.190720660417564986e-03 -1.009508616516454748e-03 -3.916255238920837538e-03 -6.018582149203170403e-03 -6.968409298205665951e-03 -6.635882048718611675e-03 -5.124215641519816108e-03 -2.742902388127197236e-03 5.447809979656847930e-05 2.755904111762418757e-03 4.883730737591016231e-03 6.078258200555886580e-03 6.157390074218806013e-03 5.142909510731374055e-03 3.249876958372714154e-03 -2.046066558494416543e-02 -4.475012153958756594e-02 -8.417231692451468406e-02 -1.347211079650071641e-01 -1.888710634394483168e-01 -2.380820439878403028e-01 -2.742747753536284860e-01 -2.910819845479101775e-01 -2.848317950579692392e-01 -2.551186339505244760e-01 -2.048778106456866643e-01 -1.399475427430100227e-01 -6.819574130957031799e-02 1.661982486960446792e-03 6.133020872333413281e-02 1.041615666023506803e-01 1.260798704814394822e-01 1.261143320851406679e-01 1.064293846287174689e-01 7.187680293676435017e-02 2.915319180960338624e-02 -1.430804485972158278e-02 -5.150952907208516257e-02 -7.695159036618054449e-02 -8.740877329632551485e-02 -8.230145675351804857e-02 -6.362650961697557950e-02 -3.547589319043002731e-02 -3.240834116055425849e-03 2.735419418700462887e-02 5.122083693519942360e-02 6.471777876263345997e-02 6.617888110071848407e-02 5.608180684822128975e-02 3.684854819507363266e-02 1.232743250468809441e-02 -1.294086807833006933e-02 -3.453756119591745721e-02 -4.891630779392189265e-02 -5.396848856275354017e-02 -4.931145588719691719e-02 -3.626677655767097247e-02 -1.754463560205043668e-02 3.295783911861928459e-03 2.250710306552148807e-02 3.681347388305821616e-02 4.395799769481072844e-02 4.304610568145730148e-02 3.463517237261597159e-02 2.056632371496836323e-02
7.734020895701290699e-02 7.151751232019878946e-02 6.184318040762631918e-02 4.893874943867917299e-02 3.418190832224191067e-02 1.918442886706408362e-02 5.513703784073720887e-03 -5.526387684031333104e-03 -1.305616810617764301e-02 -1.670960545575411044e-02 -1.665572629473361169e-02 -1.354434893866586671e-02 -8.382518422307623160e-03 -2.358908856271923430e-03 3.348633339010133065e-03 7.754754883529296587e-03 1.020374050102590587e-02 1.044817398656602836e-02 8.654909071379123658e-03 5.341667018717016248e-03 1.258424850291108314e-03 -2.763559009071850977e-03 -5.965387171954263275e-03 -7.792385982532611458e-03 -7.982830605081862874e-03 -6.599605346384851932e-03 -4.001280744306258408e-03 -7.592711621383528217e-04 2.461268730729457808e-03 5.032778032502212631e-03 6.483593835812866135e-03 6.581494455097399235e-03 5.367998955885499787e-03 3.138341645187926309e-03 3.732120068036487263e-04 -2.362287678101441992e-03 -4.531655019048841382e-03 -5.729892856251611599e-03 -5.757059446464174793e-03 -4.649414559633146399e-03 -2.663322905781730088e-03 -2.173594681837856079e-04 2.195000161451804953e-03 4.103740996406713901e-03 5.152926323986622634e-03 5.165954630765188724e-03 4.173834670300614891e-03 2.402072025918857660e-03 2.204081479789611240e-04 -1.933800340232883158e-03 -1.982742446872787223e-02 -4.322032591494843340e-02 -8.084696292818005503e-02 -1.283596606109627392e-01 -1.779715244494568804e-01 -2.210715652320617286e-01 -2.498255470874427842e-01 -2.584995842602610949e-01 -2.444288278990245367e-01 -2.084761590723678837e-01 -1.549015033148373743e-01 -9.066379079605337010e-02 -2.428433691571102448e-02 3.554089718991876312e-02 8.131198227759191266e-02 1.079123028666440637e-01 1.133499684519569395e-01 9.897701776558250064e-02 6.913248893352569313e-02 3.029745064120320866e-02 -1.007152690046075535e-02 -4.483925386110262229e-02 -6.837028397520071576e-02 -7.740255422950076403e-02 -7.146433747609007292e-02 -5.277781467727904463e-02 -2.569548806900841600e-02 4.210339682817723812e-03 3.122433384862889627e-02 5.053182533233809698e-02 5.904250259912566245e-02 5.585477864555626198e-02 4.229480115892651770e-02 2.154388698190484036e-02 -2.056582360782757343e-03 -2.387853040978163768e-02 -3.988938306361566183e-02 -4.737696305084977688e-02 -4.538905413151817642e-02 -3.482044428068471059e-02 -1.814675108412730151e-02 1.124813060429233347e-03 1.917513058012213986e-02 3.261442634267186502e-02 3.910653761937497863e-02 3.776077192443528380e-02 2.923034678830327762e-02 1.551119201459485834e-02 -5.054319258609996091e-04 -1.563114811397495543e-02
6.814487562877549753e-02 6.256233777516806427e-02 5.334349287805702222e-02 4.116812370279233219e-02 2.745379627876521483e-02 1.382177569757855710e-02 1.799335476870584901e-03 -7.409945889178659768e-03 -1.308295254846934645e-02 -1.504850838618622746e-02 -1.367854984791107634e-02 -9.797005785263584315e-03 -4.519061414313169274e-03 9.534035617312860717e-04 5.537324623835829067e-03 8.442233949384096020e-03 9.279045588611747539e-03 8.093517121858850860e-03 5.319222428858664913e-03 1.662679742338526176e-03 -2.054051384627867197e-03 -5.062289792656958498e-03 -6.792517613433841570e-03 -6.973182054878995957e-03 -5.666345177838953348e-03 -3.236189688335441590e-03 -2.588919560343538677e-04 2.606794938558865127e-03 4.760052650429428926e-03 5.780057762581220296e-03 5.505105487786494077e-03 4.054495759318442298e-03 1.790929316023221612e-03 -7.665241892627345892e-04 -3.058842325975650971e-03 -4.606790269933130032e-03 -5.108771685356228165e-03 -4.497264212247105257e-03 -2.943930340693258745e-03 -8.140704044256020198e-04 1.418168456323036682e-03 3.274155425388590186e-03 4.372351587290241627e-03 4.505313224569084188e-03 3.677405241823859458e-03 2.096479696649032349e-03 1.228181391645634878e-04 -1.812453053016877457e-03 -3.300968342967511206e-03 -4.042766721306439645e-03 -1.966794096101795106e-02 -4.272166448904574088e-02 -7.944856734976035728e-02 -1.250638765215679182e-01 -1.713632640556861653e-01 -2.095229529256458501e-01 -2.318656529061096372e-01 -2.332722820898875671e-01 -2.121248482339793684e-01 -1.706179226868058674e-01 -1.143747775521039844e-01 -5.144317267508188157e-02 9.132576472845207322e-03 5.890153920796711157e-02 9.143872856573352637e-02 1.034178126976094125e-01 9.507910635548637301e-02 7.004852515942824875e-02 3.453988516131692443e-02 -3.887093894580185855e-03 -3.775427054157912826e-02 -6.102578595811521817e-02 -7.012780578624965011e-02 -6.446185588463264338e-02 -4.632311499356796952e-02 -2.026730963194351906e-02 7.920147250665629524e-03 3.243426541810775360e-02 4.859293004364265145e-02 5.369419042112911350e-02 4.743355219939324185e-02 3.182092883776254516e-02 1.063859366485019921e-02 -1.142605218471250995e-02 -2.978346196469991436e-02 -4.087021682547761076e-02 -4.282003661084082813e-02 -3.575248846838622457e-02 -2.164033456469124928e-02 -3.802945267920850719e-03 1.385031265973303560e-02 2.765754641109225212e-02 3.495059104618278983e-02 3.455572120635590910e-02 2.696013133771029552e-02 1.412486275585275904e-02 -9.987560349986653735e-04 -1.513418609071501102e-02 -2.537861658961567887e-02 -2.979029185667431828e-02
5.968674908461146789e-02 5.436594195231046756e-02 4.563753184190851714e-02 3.423479352357643862e-02 2.160441459044367546e-02 9.360744540868954494e-03 -1.030253644073289348e-03 -8.487873960812662016e-03 -1.246358797303841887e-02 -1.298754398686999614e-02 -1.062354840597414495e-02 -6.338093533386332003e-03 -1.303894760480007629e-03 3.326893385982956572e-03 6.629710604457120238e-03 8.058728477605702628e-03 7.512879202028753187e-03 5.313743548977847668e-03 2.102504563297667890e-03 -1.320086461007848695e-03 -4.174518999863144862e-03 -5.866824614480965761e-03 -6.101383001041233226e-03 -4.924264288586817882e-03 -2.691917735199098917e-03 2.454969910739087608e-05 2.577101588421710273e-03 4.389715687910160022e-03 5.084596003194951502e-03 4.557998991690789120e-03 2.990630436658227569e-03 7.934309890935182684e-04 -1.496451732278765174e-03 -3.343930279082098309e-03 -4.338670547876993973e-03 -4.284015115463373630e-03 -3.233267532510814696e-03 -1.467313186762132056e-03 5.786754931403186855e-04 2.421178084110344516e-03 3.641332232105654303e-03 3.978851729522855582e-03 3.386143192919905624e-03 2.031459382030265277e-03 2.525886848791559797e-04 -1.526552067019195345e-03 -2.896324634827978414e-03 -3.555097346831686319e-03 -3.374925243513297608e-03 -2.425087945759879949e-03 -1.956124435067430403e-02 -4.232794462021287341e-02 -7.821940363385070094e-02 -1.219881611160364560e-01 -1.650031948302374540e-01 -1.982628944427215489e-01 -2.143357819687137789e-01 -2.088463625551969238e-01 -1.813539134764648730e-01 -1.354613678132317867e-01 -7.812142602298396965e-02 -1.828793739379441091e-02 3.480406364696379817e-02 7.338352894470928645e-02 9.254745941119862929e-02 9.110088588539728971e-02 7.163410043943040095e-02 3.985707161653526814e-02 3.338786019528612072e-03 -3.007298945744302232e-02 -5.380374775309765267e-02 -6.378260708023353320e-02 -5.909462454923334468e-02 -4.195771298050213899e-02 -1.704783697256990679e-02 9.650779655352940273e-03 3.220090334572063562e-02 4.597621415032052128e-02 4.856884634322850003e-02 4.016920419475323439e-02 2.336381211326997095e-02 2.425573188849427294e-03 -1.772486310869868589e-02 -3.263980280972800241e-02 -3.929994245913778772e-02 -3.670169268868880841e-02 -2.596743922720306033e-02 -9.977496717548309593e-03 7.369254891723525311e-03 2.208464013010897481e-02 3.099009339331110918e-02 3.238690912601575184e-02 2.636134408750768349e-02 1.467183478150442359e-02 2.652318663870623485e-04 -1.345017715631904864e-02 -2.339943489889190209e-02 -2.751948345966381132e-02 -2.517456704253418290e-02 -1.722813183846302540e-02
5.193225958333438919e-02 4.691696783050045699e-02 3.874630985380288911e-02 2.819302889750939858e-02 1.670892255688006048e-02 5.873066308185226174e-03 -2.937404128083275986e-03 -8.785098454366677828e-03 -1.130290391450631572e-02 -1.071007652219570574e-02 -7.728602437148621336e-03 -3.414456177986070502e-03 1.067212221095867200e-03 4.678935943202408056e-03 6.704701746219773016e-03 6.863990995818788042e-03 5.324943157783860147e-03 2.624301332165348069e-03 -4.844058219839346749e-04 -3.219291446930104030e-03 -4.950960600731919847e-03 -5.336677165198836122e-03 -4.378730890905116122e-03 -2.400466874362759250e-03 4.991122394468175860e-05 2.342104355873400861e-03 3.919024246822977106e-03 4.428153664407730866e-03 3.797699185979661225e-03 2.240813689181021633e-03 1.897684625218732215e-04 -1.820415522013841148e-03 -3.288475779490168498e-03 -3.869300304433828403e-03 -3.453045857114825368e-03 -2.182794152857838853e-03 -4.088071236257313063e-04 1.406643131484499459e-03 2.808191513131539675e-03 3.460229384894417982e-03 3.225863221491212345e-03 2.193851574129847531e-03 6.484524613361969912e-04 -1.008163279273578293e-03 -2.359934535745039641e-03 -3.080559001113656985e-03 -3.011518831625538753e-03 -2.195898878739687733e-03 -8.610556536646489945e-04 6.440458379532999463e-04 -1.933002738172756585e-02 -4.166368283838815800e-02 -7.649111042457470977e-02 -1.181497296784159434e-01 -1.576766364273272658e-01 -1.860230594233389934e-01 -1.961502132249803854e-01 -1.845529990751789973e-01 -1.520261882493654515e-01 -1.035219235416125760e-01 -4.711437250813535482e-02 7.690671249312404541e-03 5.192016652148030709e-02 7.894294835745704897e-02 8.572661261064425109e-02 7.332566285670387429e-02 4.648259504421617394e-02 1.245796182284589909e-02 -2.063006305696652928e-02 -4.557756312898286061e-02 -5.756817676205990691e-02 -5.505511043782343461e-02 -3.987015167162302060e-02 -1.658001568819275628e-02 8.738870900230042565e-03 2.999346696393181966e-02 4.247809138064245066e-02 4.387190837966225415e-02 3.462237857939267499e-02 1.766327322033357100e-02 -2.431555137219984248e-03 -2.063028568113579181e-02 -3.266743210120927332e-02 -3.601539358037104954e-02 -3.038834487151332794e-02 -1.768221809917748868e-02 -1.395674099934462791e-03 1.430305448342104359e-02 2.562049410358819418e-02 3.003796776265675941e-02 2.685368586197010507e-02 1.725666834392361459e-02 3.937640613187483492e-03 -9.644752833257668953e-03 -2.014833999116737856e-02 -2.515799023464905526e-02 -2.372926795035024822e-02 -1.654408827194144699e-02 -5.661024530149753702e-03 6.059130251541281972e-03
4.451069084057560771e-02 3.987248474918567154e-02 3.237029974358961171e-02 2.279528928348990846e-02 1.256949904411806644e-02 3.198493674825358957e-03 -4.062335412049635115e-03 -8.438151439462162479e-03 -9.742174924170489414e-03 -8.357839354068991727e-03 -5.117491113921032383e-03 -1.102238946034380784e-03 2.599403761673580674e-03 5.122931437896716123e-03 5.992622577233258120e-03 5.186569961708769293e-03 3.092691026938682031e-03 3.764590743905226540e-04 -2.203942746363706916e-03 -3.990961257618027939e-03 -4.582535052022189068e-03 -3.913780657578736638e-03 -2.248685576442996468e-03 -9.093055443277213879e-05 1.959424917204773912e-03 3.365096274365300157e-03 3.787235463183370038e-03 3.164373502443207104e-03 1.715603029119965994e-03 -1.304410503866576759e-04 -1.859047952810837130e-03 -3.010027658200581466e-03 -3.297722139870755929e-03 -2.679677745668040869e-03 -1.358122956832145435e-03 2.838346449319886257e-04 1.791884128670531576e-03 2.764848096346544330e-03 2.959858669349215484e-03 2.351438674026338181e-03 1.130428959035353897e-03 -3.546128255991828492e-04 -1.696374634849747700e-03 -2.539883199662259106e-03 -2.675702975655531047e-03 -2.090870063711079262e-03 -9.657581573516852216e-04 3.805338282524378364e-04 1.580055182839715071e-03 2.316221336403477375e-03 -1.887529849715309169e-02 -4.051930062966278834e-02 -7.389046413919765632e-02 -1.129987116284346810e-01 -1.486998256043424727e-01 -1.720770409631434128e-01 -1.766552188934508161e-01 -1.599136752423687691e-01 -1.238869191181124624e-01 -7.472939328931352265e-02 -2.132797998860884101e-02 2.669654847115448051e-02 6.111705307871633658e-02 7.685576984145900403e-02 7.296628283301735685e-02 5.266635137387683935e-02 2.241927208573463864e-02 -9.697098836211873532e-03 -3.591755759692307620e-02 -5.054996541448088243e-02 -5.114340072534164644e-02 -3.882919558971372614e-02 -1.778690596634058957e-02 5.987567283005752576e-03 2.628378613046292167e-02 3.822911809579413595e-02 3.941065743454710835e-02 3.031213321736976260e-02 1.399766912881206249e-02 -4.832243299991536775e-03 -2.114050875086286377e-02 -3.086125849187213929e-02 -3.188500818454427510e-02 -2.448457790914200516e-02 -1.110424866243553410e-02 4.399326458419739946e-03 1.783909178926746525e-02 2.580590281626206697e-02 2.651479521614515805e-02 2.018346530622685750e-02 8.866079322107154118e-03 -4.183290258754736486e-03 -1.542934215573434770e-02 -2.199872349944710995e-02 -2.240203943598062172e-02 -1.685468730570547843e-02 -7.132501389596673791e-03 3.977455568627299293e-03 1.346442099746803650e-02 1.890104387065009300e-02
3.725905372740419969e-02 3.309697646552216960e-02 2.641215308036655787e-02 1.798086298773582392e-02 9.146090962548637099e-03 1.291821900787930430e-03 -4.482558105858531344e-03 -7.575181310779988825e-03 -7.960470222206019950e-03 -6.137991119271487411e-03 -2.981504783455916300e-03 4.783255378218973538e-04 3.294140681076280532e-03 4.810729638505446132e-03 4.788496620661561801e-03 3.415682002238969173e-03 1.214115983966067682e-03 -1.127741312902932110e-03 -2.948056504062911316e-03 -3.783690445431795325e-03 -3.478220694982839256e-03 -2.201560187644511449e-03 -3.803925078813476138e-04 1.435591416476465028e-03 2.732061056107844103e-03 3.169569943635459387e-03 2.668827016428801813e-03 1.420698469645925634e-03 -1.798929775243677848e-04 -1.655368174585815800e-03 -2.585464487273361409e-03 -2.724710739893770797e-03 -2.065049691912622474e-03 -8.283572388473173015e-04 6.060901049438279257e-04 1.816336921599260657e-03 2.460534417010354531e-03 2.372146064401238139e-03 1.601308596849277104e-03 3.926844616454279089e-04 -8.914365934809079803e-04 -1.878904109823780096e-03 -2.295007830710136046e-03 -2.038205463627716478e-03 -1.203645987760872376e-03 -4.942299762829861087e-05 1.082711076314199408e-03 1.867986137995345918e-03 2.091288414595441052e-03 1.705737095610723904e-03 -1.817031451894265959e-02 -3.884801233264938147e-02 -7.036518931709130620e-02 -1.065315296703230469e-01 -1.382112483662004676e-01 -1.568129680888062094e-01 -1.565665206934766795e-01 -1.359703254675100059e-01 -9.818596016329872445e-02 -5.029761981914477459e-02 -1.601294232285604448e-03 3.862771841335027601e-02 6.331397216632249358e-02 6.915958229810351132e-02 5.724794787218755870e-02 3.257613780203591491e-02 2.653861967246189807e-03 -2.446112512409032505e-02 -4.216203483555998333e-02 -4.682212157401267894e-02 -3.847375112239631578e-02 -2.051855807660710879e-02 1.406185878017329315e-03 2.106553800939099316e-02 3.331874421338899828e-02 3.541005482319567466e-02 2.753958400985673238e-02 1.260347202572218751e-02 -4.774756134114925554e-03 -1.961674946038301226e-02 -2.797249034958081831e-02 -2.793946899669108239e-02 -2.006150555829181240e-02 -7.030725798980116265e-03 7.186874115232113128e-03 1.852856108376356101e-02 2.397276712193509643e-02 2.232423445169301815e-02 1.444775811197528299e-02 2.913304258990256131e-03 -8.818560500589144382e-03 -1.741748190505453681e-02 -2.061556130826879343e-02 -1.779079153838729332e-02 -1.005784049745286554e-02 1.355343105315517601e-04 9.768990980423842771e-03 1.613462598375739118e-02 1.758907665440787374e-02 1.396655214012653030e-02
3.013632193180973765e-02 2.653915438187528023e-02 2.080324443451337518e-02 1.365750414018576837e-02 6.319361593942055162e-03 8.172341746501053138e-06 -4.359511958917930245e-03 -6.356386653193283644e-03 -6.091169885744759233e-03 -4.127859788426190869e-03 -1.315724793324768395e-03 1.429645645677254506e-03 3.348355698777638091e-03 4.008207395613128804e-03 3.379495301026372387e-03 1.796952339936703233e-03 -1.718682844830133065e-04 -1.907056874027942325e-03 -2.913663576448040707e-03 -2.951253888395408490e-03 -2.083343779250719594e-03 -6.370217133141476426e-04 9.111764794102679725e-04 2.085385388323957555e-03 2.550815608403856922e-03 2.204779880450307740e-03 1.195492873854606987e-03 -1.340574871544497084e-04 -1.358599813862722272e-03 -2.104064446033971150e-03 -2.160252997366988569e-03 -1.538446470299501120e-03 -4.585784343638290433e-04 7.267931408547855096e-04 1.645946477057517532e-03 2.023041411667721341e-03 1.759684924561771835e-03 9.589197099499561627e-04 -1.137256105705417573e-04 -1.117831657289284969e-03 -1.745406921379391964e-03 -1.814507045365067964e-03 -1.321257498782117549e-03 -4.354153109967481882e-04 5.574911653206130130e-04 1.347890912991382174e-03 1.698353302288529596e-03 1.514400293328033468e-03 8.692081340320064169e-04 -2.393221345273128023e-05 -1.714377329625968796e-02 -3.649788950186085706e-02 -6.564097305384920811e-02 -9.833293317812082102e-02 -1.256672149973693253e-01 -1.395946142774557586e-01 -1.351976044023227574e-01 -1.120135506282080445e-01 -7.418537245453199480e-02 -2.941458757214258229e-02 1.302567109394743572e-02 4.466288587425452927e-02 5.993090201314598547e-02 5.744545380824672004e-02 4.014467653405277836e-02 1.431104512579475969e-02 -1.223029603437463496e-02 -3.224155275611031990e-02 -4.092681227514723130e-02 -3.702219742602803898e-02 -2.285268137013480097e-02 -3.404284987517938125e-03 1.527123160209561785e-02 2.783997020477257250e-02 3.114904018579504885e-02 2.496950136221885025e-02 1.185135674310399366e-02 -3.814366366733780954e-03 -1.720342100740641575e-02 -2.449849213797064204e-02 -2.394282050294700356e-02 -1.622509394892925061e-02 -4.121870108525092259e-03 8.455447263417206066e-03 1.769480303023314438e-02 2.101574680767706593e-02 1.776931850328992632e-02 9.320961368103449635e-03 -1.473317867199172744e-03 -1.121005014729371980e-02 -1.699483478014810270e-02 -1.728872064425132291e-02 -1.230098955726530510e-02 -3.832028108610889723e-03 5.356398512126997989e-03 1.242865521250406322e-02 1.534043426520745150e-02 1.341986621277049992e-02 7.502040431128848517e-03 -4.023343529895307400e-04
2.358395585289827998e-02 2.057056345729609340e-02 1.580362276068367558e-02 9.945835672055980403e-03 4.065687710974702843e-03 -8.003300160767880429e-04 -3.923231276831946369e-03 -5.036692709196505073e-03 -4.352298964875665581e-03 -2.454806628384239089e-03 -1.228169109968892917e-04 1.879790524674565403e-03 2.995931588778933449e-03 3.002585314719597928e-03 2.036056385557618014e-03 5.115411360327467129e-04 -1.030421536358153535e-03 -2.098214892765175744e-03 -2.391998653143574162e-03 -1.879015921379733082e-03 -7.839976479664934311e-04 4.986431746880298863e-04 1.540236288009637355e-03 2.016036241814299617e-03 1.802402640416539718e-03 1.005181254525428468e-03 -8.537775326926218462e-05 -1.096287151737605162e-03 -1.696466647716897034e-03 -1.703743151575568904e-03 -1.139259738604344024e-03 -2.126566268720496086e-04 7.545128409960691600e-04 1.439053592201865271e-03 1.622657273233495297e-03 1.260164112939925023e-03 4.887151844804844087e-04 -4.234841116634298721e-04 -1.170023400311919750e-03 -1.508781730657566839e-03 -1.339661694490538232e-03 -7.331117313307776700e-04 9.819889914157034570e-05 8.735407197951257537e-04 1.338661328478314531e-03 1.348922546935036335e-03 9.138932800597718547e-04 1.897076689797625143e-04 -5.765487758547105249e-04 -1.130772491381211269e-03 -1.574124074072132465e-02 -3.335741801503472326e-02 -5.953001677455486279e-02 -8.814871190384046540e-02 -1.107889059572752244e-01 -1.201769490411303681e-01 -1.123857637772447265e-01 -8.797202274226219310e-02 -5.185282189982144685e-02 -1.197079274153654838e-02 2.289385106225381300e-02 4.551396407432998364e-02 5.210843492535525978e-02 4.319955822013402807e-02 2.323894322052515518e-02 -8.370172618120174995e-04 -2.166770052650309961e-02 -3.354994908477954701e-02 -3.392190947974969839e-02 -2.384618726243342007e-02 -7.397946800186474235e-03 9.793281825515639388e-03 2.235510347881911400e-02 2.677945752797684931e-02 2.235428925629811062e-02 1.117552718210012251e-02 -2.706797549451672464e-03 -1.469165738177462786e-02 -2.110617593772191880e-02 -2.029576881709580644e-02 -1.301077364606847107e-02 -2.013493727514825173e-03 8.925529538979225588e-03 1.628996671570757601e-02 1.792576236583310473e-02 1.364975530593650482e-02 5.193163548587421789e-03 -4.464915576801999249e-03 -1.212615543416387456e-02 -1.541648873978593813e-02 -1.350734583240408189e-02 -7.300690817154740012e-03 9.553008925900276791e-04 8.465967796540239607e-03 1.282532013493510072e-02 1.277634954219852501e-02 8.560714668037148686e-03 1.764393275432126059e-03 -5.265618567882298165e-03 -1.022409275284105051e-02
1.786560807884796445e-02 1.543908361252874055e-02 1.162913183807412314e-02 7.009144584667181127e-03 2.476292012440318470e-03 -1.126300405151113614e-03 -3.248155916582242363e-03 -3.753006157908538379e-03 -2.906971014876764698e-03 -1.260838204616475259e-03 5.232456731030625269e-04 1.854848303661152300e-03 2.367457611220453485e-03 2.000129413633664442e-03 9.825345201588530242e-04 -2.697114981989712874e-04 -1.308225132720770238e-03 -1.799516532178337559e-03 -1.621580117465218178e-03 -8.862717482538293385e-04 1.140221099235162668e-04 1.015600323844618189e-03 1.510644125847900249e-03 1.449048943603982367e-03 8.811913979587664451e-04 3.042337332574530394e-05 -7.915616972662173996e-04 -1.295959304078433830e-03 -1.316522488344495792e-03 -8.638211226869534467e-04 -1.157387894427399614e-04 6.511126361643036591e-04 1.162853230180019943e-03 1.245118420524553900e-03 8.812460099055734577e-04 2.130295982423701892e-04 -5.141501207934376459e-04 -1.041026500898201189e-03 -1.186498090523742605e-03 -9.094192681653187962e-04 -3.189574795916646425e-04 3.682834647216786847e-04 9.076168953942151309e-04 1.113071203787771146e-03 9.212729212969235143e-04 4.105383128139796401e-04 -2.305033829384643164e-04 -7.724385341986988052e-04 -1.027028299017484743e-03 -9.123796282367535810e-04 -1.435890436324242098e-02 -3.028697924815910991e-02 -5.363050539812870554e-02 -7.848593620415343641e-02 -9.698223828777458033e-02 -1.026475232453119973e-01 -9.248829788054020729e-02 -6.792099569513387891e-02 -3.438610716952302665e-02 2.269534019964914134e-04 2.788908712346885657e-02 4.274658291555571976e-02 4.272101168585046987e-02 2.991505430751112068e-02 9.761153141669412156e-03 -1.077348063425668905e-02 -2.533539787309454019e-02 -3.003646544210157934e-02 -2.443551366393714730e-02 -1.138695115027376324e-02 4.136050330181430430e-03 1.680667081145910055e-02 2.268755588399387624e-02 2.040134470347489820e-02 1.138658638950017406e-02 -7.870180806154498682e-04 -1.176017581627877145e-02 -1.789815040954374770e-02 -1.745995352755939228e-02 -1.105464615033152284e-02 -1.278139980897126946e-03 8.295215796408622957e-03 1.438940565593682143e-02 1.512472219234224299e-02 1.057634227828734702e-02 2.632562201974582641e-03 -5.759701434229793499e-03 -1.166950267355494272e-02 -1.318997966020030860e-02 -1.003897139034637571e-02 -3.566964899104471589e-03 3.797566957620011115e-03 9.447093154004207113e-03 1.150819089578973206e-02 9.452836573465484352e-03 4.210995389567324942e-03 -2.227886576409204757e-03 -7.560353949953361324e-03 -9.985449105977036582e-03 -8.806156974343956959e-03
1.338606909504279699e-02 1.146578560089178168e-02 8.471799176724218935e-03 4.887823956381512520e-03 1.451406019653525472e-03 -1.165939116345913107e-03 -2.561192123961447773e-03 -2.691307025340024771e-03 -1.840992952726587788e-03 -5.006320477028780927e-04 7.924998330099379410e-04 1.606359670509362354e-03 1.726588935687180335e-03 1.199456326535205128e-03 2.893718565647124610e-04 -6.342922138375681543e-04 -1.235771431699627743e-03 -1.325670097450976689e-03 -9.124546023244438364e-04 -1.834405736866511817e-04 5.728334849180673118e-04 1.075092946291819141e-03 1.150380740220380326e-03 7.918922360387333588e-04 1.535514808083466220e-04 -5.138498515906971898e-04 -9.588895701644738895e-04 -1.022280512881863258e-03 -6.930050554110634429e-04 -1.082322374685717466e-04 5.022896397259369932e-04 9.056241601948790106e-04 9.540161059308346556e-04 6.382763537624259412e-04 8.710487412540720111e-05 -4.853808392124931087e-04 -8.625000963265963159e-04 -9.065428855363755461e-04 -6.086377794628628326e-04 -8.889455128730838534e-05 4.521454239163215762e-04 8.109930200367178148e-04 8.576659497525938132e-04 5.824184979281888264e-04 9.637217800316632958e-05 -4.130154855560766035e-04 -7.540985088303319567e-04 -8.031473647888935771e-04 -5.491887324674416676e-04 -9.530293628466197334e-05 -1.310142613108513168e-02 -2.750348372295773405e-02 -4.831384241742366081e-02 -6.985589693172684911e-02 -8.481050220569753828e-02 -8.747417544864621863e-02 -7.570509668285418936e-02 -5.164034590693074994e-02 -2.105866181846757432e-02 8.397355756672593083e-03 2.959002716536985461e-02 3.805561155476944180e-02 3.325768062986979995e-02 1.853419033838313301e-02 -1.739169238404738270e-04 -1.634646656684649729e-02 -2.496495436306439900e-02 -2.399323888753927825e-02 -1.478847807491513039e-02 -1.359722616356983521e-03 1.121115229779739986e-02 1.859762345308292250e-02 1.865534631078416203e-02 1.199267768730005387e-02 1.544419953734114687e-03 -8.636982931147538928e-03 -1.490027782894332714e-02 -1.526945592437635967e-02 -1.003405152320958026e-02 -1.489419163185408401e-03 7.025256878884275809e-03 1.240140195283860949e-02 1.287266798912715601e-02 8.573232861264388008e-03 1.374179903443202306e-03 -5.902617107557662189e-03 -1.057263611523831005e-02 -1.106469294086374899e-02 -7.434227429988264461e-03 -1.251912807905169837e-03 5.057496421855039483e-03 9.153618353399527174e-03 9.639262187716183747e-03 6.526207573468766412e-03 1.156873746416726707e-03 -4.361609164315039672e-03 -7.976564686598370396e-03 -8.446144554815696037e-03 -5.757299122416952887e-03 -1.068336287405829413e-03
9.992422215830304086e-03 8.478046380890440215e-03 6.134870609936489069e-03 3.369531082049320291e-03 7.858186708618421831e-04 -1.085960316978581367e-03 -1.959747563125141968e-03 -1.859597466529665536e-03 -1.071786263029544896e-03 -2.220476460922764713e-05 8.660746489341179105e-04 1.294907154259665027e-03 1.167578486975799591e-03 5.996181781370902610e-04 -1.426549307040343283e-04 -7.548588115545317627e-04 -1.011929611931938018e-03 -8.443778228982313236e-04 -3.495706538827257994e-04 2.577155750047431418e-04 7.327869384715751102e-04 8.949692400068028596e-04 6.941028663889915176e-04 2.250274033449655396e-04 -3.151318111088171172e-04 -7.083742223343260846e-04 -8.024431967343519144e-04 -5.687799086705949822e-04 -1.103919746950560784e-04 3.822208376949092715e-04 7.091473814532539988e-04 7.416769585159808118e-04 4.727301591393566222e-04 1.692396859966533188e-05 -4.385318100198258248e-04 -7.107307327006574370e-04 -6.941123354929819040e-04 -4.008251714554962836e-04 4.664857992849977833e-05 4.667562756709835192e-04 6.927142225103429234e-04 6.388024579642581505e-04 3.326642089779972182e-04 -9.843146976667118049e-05 -4.804992895615580080e-04 -6.629297873725371057e-04 -5.778112573709867335e-04 -2.651897447514844799e-04 1.451959379654288863e-04 4.876543765471708482e-04 -1.203229621422422478e-02 -2.512672302650496847e-02 -4.374916456824783778e-02 -6.240847868102213786e-02 -7.427734310371704451e-02 -7.436838317894650663e-02 -6.134816035025492109e-02 -3.802602483109791126e-02 -1.044971600907631561e-02 1.407461770456364634e-02 2.938201708087711736e-02 3.241919776260646785e-02 2.409749391892978751e-02 8.757852906855970523e-03 -7.488140227972617247e-03 -1.891589102785267568e-02 -2.206857691979532965e-02 -1.674488077513579601e-02 -5.785545826972615831e-03 6.202645752566394305e-03 1.466364932327448439e-02 1.675602569443056938e-02 1.225704371821581193e-02 3.434604400577370709e-03 -5.995018003181098142e-03 -1.237338008593586933e-02 -1.347916340445644984e-02 -9.270884302898489346e-03 -1.751164315597298444e-03 5.939668538291423099e-03 1.080560920607990215e-02 1.113857971606056763e-02 7.095602188821488292e-03 5.228415448724820034e-04 -5.861211932164330819e-03 -9.572307405508344302e-03 -9.313229082212879859e-03 -5.411380431656436646e-03 4.003229028913403540e-04 5.738337633597203821e-03 8.535037353682075473e-03 7.829384555283275954e-03 4.084144673774475071e-03 -1.070230941053920042e-03 -5.535703120268028500e-03 -7.593841104026696591e-03 -6.560540169358812686e-03 -3.000715608027335665e-03 1.557669600030922542e-03 5.272557060084895157e-03
7.522883172447328293e-03 6.332098026230355108e-03 4.501223627147353523e-03 2.367355833654266085e-03 4.210196948302481496e-04 -9.211000982218455879e-04 -1.459398080713550198e-03 -1.257016725284205863e-03 -5.825391111326932991e-04 2.074259356217705028e-04 7.909766531728779646e-04 9.739593209985255478e-04 7.366072907864399744e-04 2.225488614282404641e-04 -3.297778985376315173e-04 -6.895601145521103965e-04 -7.255809173014354145e-04 -4.495220616619740803e-04 1.819823817439254374e-06 4.305385865083046545e-04 6.594044788943246313e-04 6.014203777724775506e-04 2.917511038738852206e-04 -1.303509845839192474e-04 -4.826433932805405057e-04 -6.177746476963353380e-04 -4.844307678825366856e-04 -1.463896293489649208e-04 2.471621442354294705e-04 5.264763958894161985e-04 5.737070092599283423e-04 3.724020062298352002e-04 1.296327682376813472e-05 -3.479764262517538406e-04 -5.559735306125225323e-04 -5.247256151815322088e-04 -2.713571607510051288e-04 9.300584360263920941e-05 4.121370098807213239e-04 5.517520463945172144e-04 4.560574650139858689e-04 1.699792412430264573e-04 -1.819131665587550605e-04 -4.498520810285926239e-04 -5.226835992239416487e-04 -3.738477268045854425e-04 -7.079897196897128682e-05 2.552891760755848999e-04 4.661416156096443645e-04 4.750726364062872551e-04 -1.129297688943614944e-02 -2.346013790336199875e-02 -4.048874648038686130e-02 -5.698410216192770217e-02 -6.647532597023804446e-02 -6.455899736533814159e-02 -5.060027739497997834e-02 -2.799826825358386201e-02 -3.016256116618991085e-03 1.739030192506813705e-02 2.798126258638524225e-02 2.697648148276492186e-02 1.649712695004653881e-02 1.576213485068181071e-03 -1.181217998825826072e-02 -1.893331662699795567e-02 -1.786618157669512402e-02 -9.947591515455890196e-03 1.020218510883001738e-03 1.043182757674304857e-02 1.472150611740977687e-02 1.266365623010708152e-02 5.654786415731456392e-03 -3.054300236104716317e-03 -9.798736927108161673e-03 -1.199452513794979462e-02 -9.094757589497319203e-03 -2.662556599512902380e-03 4.411457080971369071e-03 9.176255060767852037e-03 9.827581616356915323e-03 6.368937728883571417e-03 4.928540433607053609e-04 -5.219917752549908807e-03 -8.415363036467733704e-03 -7.921182943920279315e-03 -4.160395091428997077e-03 1.116158073804752147e-03 5.629905946369216652e-03 7.548035414946902173e-03 6.217317556145191514e-03 2.369392417299558302e-03 -2.258249942036272707e-03 -5.697242409896808267e-03 -6.578415875123418827e-03 -4.669609145231586218e-03 -9.127493460635776679e-04 3.029962949833541440e-03 5.505645554807483792e-03 5.558382615257463633e-03
5.681515298589858397e-03 4.748582974552636830e-03 3.321753420533806334e-03 1.677945236699720719e-03 2.141192905127031960e-04 -7.431818445739207671e-04 -1.058395014969273169e-03 -8.170682462848204500e-04 -2.629334607398735790e-04 3.120770322025444104e-04 6.708490125331527387e-04 6.980320035673792623e-04 4.228502524328055126e-04 -5.842940687740966945e-06 -3.880627396521568501e-04 -5.607848283002161115e-04 -4.653837685095442368e-04 -1.640683481524198863e-04 1.971086925593299366e-04 4.561033245802280042e-04 5.032007043849685184e-04 3.245971887679417441e-04 5.608541370337359353e-06 -3.080827394282372768e-04 -4.757681436258724282e-04 -4.247164526734819277e-04 -1.819407744926243944e-04 1.395527769153063753e-04 3.929242845917791868e-04 4.639670340300216102e-04 3.221724513421919916e-04 3.380243651198413043e-05 -2.688904369242159733e-04 -4.483217873085026863e-04 -4.242139772133062588e-04 -2.093125740962608369e-04 9.773042160245134287e-05 3.581077033980123946e-04 4.557505597911194295e-04 3.490433954589240153e-04 8.849099297703334993e-05 -2.071404547265234429e-04 -4.051820670546045153e-04 -4.188795757408920128e-04 -2.454799874578548493e-04 3.414056560158411791e-05 2.931755958171019930e-04 4.163054743537888936e-04 3.510321788333161937e-04 1.302057151347076275e-04 -1.086342218465987004e-02 -2.245362505658254210e-02 -3.841965159826443016e-02 -5.336072466504102746e-02 -6.101988205233164347e-02 -5.745197468928500695e-02 -4.263698720397782888e-02 -2.052788629895774958e-02 2.388533649171490410e-03 1.945923118211383834e-02 2.627770330589396588e-02 2.219760412105974481e-02 1.036690409421384303e-02 -3.687615066752177560e-03 -1.428627005089562647e-02 -1.772778067036607369e-02 -1.350185976129078189e-02 -4.186585626078470797e-03 5.853247314067536525e-03 1.238166020997601147e-02 1.300871058604897469e-02 8.020580307330117328e-03 3.513143378518941571e-05 -7.285617670358568443e-03 -1.086065322696688588e-02 -9.447387737484857703e-03 -4.032699199812465017e-03 2.748583946963006897e-03 7.858168645727550000e-03 9.189282762348378875e-03 6.414282019439962977e-03 1.010823043810600433e-03 -4.493847000602717127e-03 -7.685646682646903385e-03 -7.306949675721591611e-03 -3.735768436360592613e-03 1.274262881372742332e-03 5.439194380969234084e-03 6.974789857204405884e-03 5.351500649647372709e-03 1.457455138662105965e-03 -2.868788147965768264e-03 -5.697561557069337999e-03 -5.861059528162342047e-03 -3.427308425137672466e-03 3.938185082602901812e-04 3.842958614375213515e-03 5.416128117060105621e-03 4.515572895812013793e-03 1.666907153582132713e-03
4.258301226230535100e-03 3.538645123447456669e-03 2.442906677955089100e-03 1.194144887325069172e-03 1.084724474151537956e-04 -5.623864281342729398e-04 -7.313190780062989258e-04 -4.935656417433170783e-04 -6.184811781361285047e-05 3.334809836557163813e-04 5.274709716308831082e-04 4.640994769133433874e-04 2.003153893859945130e-04 -1.266284678230450813e-04 -3.618740380277804536e-04 -4.034921039883031897e-04 -2.464399699593646073e-04 2.209001507931891088e-05 2.699019550475325571e-04 3.824415862831905271e-04 3.120515533712084864e-04 9.599370705913311285e-05 -1.620798120640685276e-04 -3.398735401846777809e-04 -3.536546248667482551e-04 -1.982563227827836090e-04 5.037169975728129700e-05 2.719972205963823659e-04 3.601539922254935462e-04 2.730645316080107044e-04 5.325294098773288785e-05 -1.931130313181427601e-04 -3.472926031292712656e-04 -3.351303562086595180e-04 -1.627189280836292449e-04 8.691030410131924658e-05 2.942850170123363423e-04 3.610461579589701892e-04 2.565898053565085252e-04 3.187736708238392589e-05 -2.055525663551632202e-04 -3.431378191549827551e-04 -3.169097811643333982e-04 -1.414750329746565169e-04 9.790514191645912625e-05 2.868974011333152996e-04 3.368389016514604199e-04 2.263353627667022644e-04 1.038607060652238540e-05 -2.067360679350036044e-04 -1.051079560357027001e-02 -2.160754545906270682e-02 -3.663285386707768737e-02 -5.015803028253077583e-02 -5.612445032406765399e-02 -5.104819621920838463e-02 -3.553230174714228085e-02 -1.406858969042748021e-02 6.692821613328298579e-03 2.049871363033706900e-02 2.386473992851937190e-02 1.729112411234376423e-02 4.839809246294953654e-03 -7.701359028311982602e-03 -1.522350455628653995e-02 -1.525363863231373948e-02 -8.686761242495179627e-03 9.107664521926946664e-04 9.046229505025321291e-03 1.229958151181824791e-02 9.707402960403094250e-03 2.974122015389590694e-03 -4.504846085490187696e-03 -9.289813435437090094e-03 -9.434877578648923416e-03 -5.241963124303092650e-03 1.044789886970935678e-03 6.394233574069840310e-03 8.418427729127455489e-03 6.416098943748667176e-03 1.580676065515465275e-03 -3.669868421097338164e-03 -6.881682193036214694e-03 -6.695773764160940604e-03 -3.406812673292111248e-03 1.272329846084704246e-03 5.085524446205094695e-03 6.308967731634341179e-03 4.520293575679189095e-03 7.220801755842215855e-04 -3.203380047606989561e-03 -5.417985294741281890e-03 -4.981234396439548039e-03 -2.239447871578760865e-03 1.404212033045377367e-03 4.199422161196919925e-03 4.883741175533115424e-03 3.247255266318545882e-03 1.764704530853451715e-04 -2.817201633733612542e-03
2.931823207405708995e-03 2.431976036016947427e-03 1.671148169091510229e-03 8.096654641021817011e-04 7.600180817966794287e-05 -3.521492345184702960e-04 -4.261317064702229286e-04 -2.346970479138323724e-04 5.619310095960635922e-05 2.857675912074414317e-04 3.569011238148561173e-04 2.567686184365992864e-04 4.797161713983326057e-05 -1.628768745610424857e-04 -2.736649966117976596e-04 -2.356489407234488775e-04 -7.629429206707612958e-05 1.181078240981737478e-04 2.488361933602577648e-04 2.530961305916525810e-04 1.312781564819646193e-04 -5.569861552134708837e-05 -2.155929039891971296e-04 -2.686328099699362136e-04 -1.871521332098254129e-04 -1.109172508945901636e-05 1.707099695911756126e-04 2.654025446967757254e-04 2.239096359547919205e-04 6.641285365700362001e-05 -1.275941532754233578e-04 -2.594007287783752836e-04 -2.611094380115222178e-04 -1.304486428379612970e-04 6.749235178304329819e-05 2.330090804765443785e-04 2.824757699992015746e-04 1.908167594305219242e-04 3.995453898849771787e-06 -1.844499773039410303e-04 -2.805094827949816401e-04 -2.367364240371070544e-04 -7.586466848168799072e-05 1.208546270126520367e-04 2.548175085597426679e-04 2.598173477364231756e-04 1.350120437995456699e-04 -5.543524440915090440e-05 -2.152969616644077129e-04 -2.648303832355056371e-04 -1.017658340130283244e-02 -2.080032226771975218e-02 -3.491900525735022742e-02 -4.708344829061766879e-02 -5.145234310402109490e-02 -4.502626121834512468e-02 -2.903374455164843201e-02 -8.458804937369432397e-03 9.988535494488325062e-03 2.058374719291590146e-02 2.085182138574832519e-02 1.241238714983377775e-02 6.674140172448073788e-05 -1.041717797939006873e-02 -1.477480008611371624e-02 -1.188505267337421588e-02 -3.923616725965950111e-03 4.918252325398350319e-03 1.048715621694303740e-02 1.053660747321302944e-02 5.584174583822960371e-03 -1.566017759900283383e-03 -7.324143814559219527e-03 -9.065001844903936359e-03 -6.288089078640049512e-03 -6.860854981456213390e-04 4.827108707429830954e-03 7.596050641951349741e-03 6.476159844952302132e-03 2.279631627855397292e-03 -2.746775649292029775e-03 -6.101191225795428094e-03 -6.255302028893999951e-03 -3.334979722077524144e-03 1.042916983553501950e-03 4.647818193815651637e-03 5.759026124230804018e-03 3.975878007862221689e-03 3.385795947838859195e-04 -3.261755330767045994e-03 -5.057276239471070883e-03 -4.264045322465217017e-03 -1.413368528284952809e-03 1.980701626594809969e-03 4.218173416274051228e-03 4.258351055924695927e-03 2.197052365032839145e-03 -8.396578242912668090e-04 -3.303388161349034378e-03 -4.008837416673656853e-03
1.704826128617813229e-03 1.425034166363671690e-03 9.938629502984543812e-04 5.028888076068875612e-04 9.019288622693033509e-05 -1.364726911893271314e-04 -1.561258179683650655e-04 -3.749170453730955280e-05 1.105194922469077758e-04 1.984264673983115697e-04 1.879717022874055773e-04 9.253941427996233463e-05 -3.785025357204083852e-05 -1.385418096055352009e-04 -1.589072144105830263e-04 -8.932425287458952768e-05 3.145605187397005649e-05 1.372152844361087469e-04 1.710390341641538736e-04 1.149317601252585277e-04 -2.782291547093623360e-06 -1.225599650050573930e-04 -1.824938510783172664e-04 -1.490361934121189902e-04 -3.606531415814641134e-05 9.915259091971717240e-05 1.843701475324600967e-04 1.715468938072560597e-04 6.458822157002041381e-05 -8.108364814896547063e-05 -1.875437453195989289e-04 -1.961466904966559081e-04 -9.955359190383436389e-05 5.319575775412202409e-05 1.817702124130979508e-04 2.171060479415479530e-04 1.388173779356349725e-04 -1.314815004526581219e-05 -1.593365795189108532e-04 -2.229019175729902308e-04 -1.702733859410861651e-04 -2.890124816735383390e-05 1.270904220196148967e-04 2.158503583470207463e-04 1.910446748082437031e-04 6.644942698798403293e-05 -9.145242414923087900e-05 -1.989989325031960336e-04 -1.998134526648030946e-04 -9.444029020209326940e-05 -9.816142771640022635e-03 -1.993809908012585119e-02 -3.311347582419958691e-02 -4.390112669288202818e-02 -4.672365632346266173e-02 -3.910901291100629673e-02 -2.291418421357289265e-02 -3.546958549420936926e-03 1.236074907771186372e-02 1.977015379185770999e-02 1.730548318821664711e-02 7.649506963440924623e-03 -3.878919190836517799e-03 -1.184772033584523439e-02 -1.310143479051985478e-02 -7.930601495900569536e-03 4.292010729202386265e-04 7.600178530718421435e-03 1.023174719292937150e-02 7.501358730155681213e-03 1.284303425781777334e-03 -4.996656190553712927e-03 -8.188659075444210816e-03 -6.950789812169973388e-03 -2.275000280782678470e-03 3.196163786225829796e-03 6.622933778045035635e-03 6.412060169134445840e-03 2.931013988344804543e-03 -1.814242181506840355e-03 -5.308214421661820379e-03 -5.840377804755996979e-03 -3.327251838253386228e-03 7.470192544291117016e-04 4.187933764954252305e-03 5.259554555630276650e-03 3.548676652236747425e-03 9.985303239265892966e-05 -3.205478913706375204e-03 -4.665664867995044686e-03 -3.626843916781596639e-03 -7.636404839561599777e-04 2.341745790920728761e-03 4.067104676228241143e-03 3.591843031125663624e-03 1.278714127451378900e-03 -1.576468479439494972e-03 -3.464542086197726616e-03 -3.455962079655938452e-03 -1.653298961376468978e-03
6.663643205641233335e-04 5.912545623086647335e-04 4.607196652153796928e-04 2.961056454137665512e-04 1.488345365226807532e-04 6.664379356718248533e-05 5.704738872510120519e-05 8.449621198269413299e-05 1.027528941607801623e-04 8.765329459282872402e-05 4.325312631073556009e-05 -1.170942366927401289e-05 -5.596933572941848080e-05 -7.077684393594498675e-05 -4.633182338740764753e-05 8.825529791964621237e-06 6.655173937016166006e-05 9.322220854207233307e-05 7.055111249216725630e-05 7.324508827139245301e-06 -6.513554440740013400e-05 -1.090081106191800864e-04 -9.865226916183865425e-05 -3.468211799009580682e-05 5.293472345396803600e-05 1.172791658511563760e-04 1.194515806758348275e-04 5.293574464995145606e-05 -4.898919488621991561e-05 -1.298079667579546273e-04 -1.416674456384792950e-04 -7.375118190673699383e-05 3.975779664761237191e-05 1.371718012128766485e-04 1.630890352055045780e-04 1.000457673490339459e-04 -2.005449845890564607e-05 -1.322734891648748106e-04 -1.744076713193233586e-04 -1.220630073786146464e-04 -2.855212939940894603e-06 1.183802228273521525e-04 1.751508227124121955e-04 1.360357576764386061e-04 2.241423634143272802e-05 -1.029009557614673457e-04 -1.703499074547636810e-04 -1.425023261428627424e-04 -3.513102804187303598e-05 9.157662907874012791e-05 -9.437596951979354207e-03 -1.904817615257273569e-02 -3.129241770675565693e-02 -4.077623762562449655e-02 -4.222081057974659546e-02 -3.368184454621883650e-02 -1.758661285979380359e-02 3.509463022854605353e-04 1.371762994496757322e-02 1.825453261108789249e-02 1.365959353956444806e-02 3.501468617666874013e-03 -6.668041162264984854e-03 -1.202505674359104215e-02 -1.063692856830791324e-02 -4.065319454320938906e-03 3.766795516594165748e-03 8.746386138873133570e-03 8.632026862766954342e-03 4.003997270051812968e-03 -2.286209868504679183e-03 -6.781506743055052029e-03 -7.265929162236678049e-03 -3.822909426113371353e-03 1.393572628517644003e-03 5.459152995900936473e-03 6.285814195408273575e-03 3.667373911135435576e-03 -7.461652137455607701e-04 -4.456802732772022040e-03 -5.510705440443739063e-03 -3.510425042917745490e-03 2.695595419733665208e-04 3.672424180333772742e-03 4.876220776115381718e-03 3.358061918114529140e-03 1.004625174738077968e-04 -3.027438356280562695e-03 -4.332281171651288128e-03 -3.204701970820995546e-03 -3.905919377056699766e-04 2.486764189128605820e-03 3.856325729441039980e-03 3.051509803803486871e-03 6.253758577028159515e-04 -2.014892965651934615e-03 -3.419089197297947233e-03 -2.885750031072472147e-03 -8.054477679987195665e-04 1.607865110320292387e-03
-2.863992062972285473e-04 -1.520798764363651655e-04 1.766611343259942717e-05 1.651049462667830399e-04 2.509767514473463276e-04 2.691486217977652191e-04 2.288522866956142808e-04 1.447842155624888538e-04 4.290196652567542049e-05 -3.995608732314154433e-05 -7.472652133390397344e-05 -5.949290738701935540e-05 -1.745217771962356842e-05 2.348892661144961417e-05 4.744410820975542795e-05 5.133052096707354237e-05 3.757124160308813863e-05 1.077379489821341927e-05 -2.086287077031924103e-05 -4.589987216187534931e-05 -5.390124520499030937e-05 -3.998771918133509220e-05 -7.135058192678078303e-06 3.318995461378297044e-05 6.267835404791880221e-05 6.302056015287898604e-05 2.754026840244691229e-05 -2.998255536903783535e-05 -7.869883426259780392e-05 -8.758695616035515449e-05 -4.580220841741814325e-05 2.768522114636176853e-05 9.268497778557201455e-05 1.103144243839023159e-04 6.644176704627698213e-05 -1.796491025316677609e-05 -9.671778702234654719e-05 -1.241857269850671884e-04 -8.247849487665523112e-05 6.603601124384418306e-06 9.300977787009792770e-05 1.270809160819975686e-04 8.858333398377466622e-05 -9.859138966200439627e-07 -9.015976934292981883e-05 -1.269466081323888072e-04 -8.929946195772383731e-05 1.294506658817620432e-06 9.174586769259568137e-05 1.283951846653575020e-04 -9.041025324468257227e-03 -1.813599162064287798e-02 -2.947945284711081526e-02 -3.776890197752094669e-02 -3.805106868128839415e-02 -2.888443571163712420e-02 -1.317438518706380395e-02 3.198258314325210655e-03 1.416688966815964068e-02 1.629189452139982036e-02 1.023992263910216208e-02 2.236267547444963826e-04 -8.262497693836183543e-03 -1.119945200694360231e-02 -7.854172105827582351e-03 -7.832958245702131492e-04 5.831233921267609845e-03 8.517326140632225026e-03 6.256157780712753164e-03 7.840230701274351205e-04 -4.589436748883231158e-03 -6.909536973066740875e-03 -5.158811824679651950e-03 -6.583422171378155606e-04 3.850264526348820809e-03 5.838179619583781614e-03 4.380325269902177014e-03 5.513083136928521042e-04 -3.320231944993998728e-03 -5.043700477396432201e-03 -3.787149923269468327e-03 -4.569001877618377545e-04 2.924177493258966684e-03 4.429890861072586193e-03 3.316626460565076564e-03 3.748417341591932348e-04 -2.610433582628031435e-03 -3.932576763478155824e-03 -2.930131340122815644e-03 -3.048928749188932691e-04 2.353337943236841548e-03 3.521648770094643922e-03 2.610552826539043730e-03 2.518460332718711666e-04 -2.127004398752662447e-03 -3.161829993397873191e-03 -2.329695902731233632e-03 -2.042744461624233614e-04 1.929578111680222731e-03 2.848205539866731969e-03
-1.107823710998109747e-03 -7.744496446520634722e-04 -3.262098423451883860e-04 9.780314281455679639e-05 3.716281088306560621e-04 4.464825395648045099e-04 3.478896701642047724e-04 1.512781938572308295e-04 -4.549813207769704969e-05 -1.572779999766508194e-04 -1.498390295613920981e-04 -5.525355579485981657e-05 5.367302777722860949e-05 1.126330294501686803e-04 1.006917272710274741e-04 4.011554934994929699e-05 -2.809027304901504264e-05 -6.973945493980305123e-05 -7.103674481237981031e-05 -3.969415804864700830e-05 3.101340968751839381e-06 3.570183294301947823e-05 4.693911220649570114e-05 3.823916220235759492e-05 1.741393429497175213e-05 -8.010392726642809571e-06 -3.165568902178044841e-05 -4.558419434489867692e-05 -4.096716457718354215e-05 -1.447108933717280573e-05 2.525184248692165269e-05 5.855847992820924528e-05 6.496637507625224392e-05 3.641026470741674461e-05 -1.538592734940127544e-05 -6.313517644571169053e-05 -7.867267179031920961e-05 -5.024357420785698270e-05 8.374398609198298204e-06 6.403370181768174376e-05 8.339778023070614865e-05 5.368033432836420894e-05 -8.454550026325621594e-06 -6.602695533015402220e-05 -8.374733848990801471e-05 -4.973177126680702100e-05 1.632404342304435697e-05 7.412737286374723278e-05 8.712389618093778108e-05 4.561874384722863399e-05 -8.612588208846550311e-03 -1.717163982593094412e-02 -2.761922602249917980e-02 -3.479160474810882170e-02 -3.409142595217608263e-02 -2.455710679027025070e-02 -9.482133675013080382e-03 5.218728578276338875e-03 1.393879839396698107e-02 1.407572797223288590e-02 7.142406424157061486e-03 -2.242308175063374969e-03 -8.892155148739843903e-03 -9.718834709715662087e-03 -5.090768429362411800e-03 1.751632447693527795e-03 6.753549315564473174e-03 7.336664583953034918e-03 3.659821709712545845e-03 -1.741476112504864414e-03 -5.600084474914082851e-03 -5.833155006000113191e-03 -2.629949734659266930e-03 1.845242740854689638e-03 4.866658891036322251e-03 4.776766984940271701e-03 1.869915449137508640e-03 -1.928338130788560464e-03 -4.309789051861596249e-03 -3.965406083237525692e-03 -1.285729954908517922e-03 1.983097179691274518e-03 3.859010734605456718e-03 3.312648018692047544e-03 8.196233350201956227e-04 -2.013341980178193474e-03 -3.472646936316218808e-03 -2.765626019243260826e-03 -4.400080930288606355e-04 2.019819035720428306e-03 3.132228517276877938e-03 2.303849606112314159e-03 1.366747656814592757e-04 -1.996295696524496861e-03 -2.815281735331283484e-03 -1.897244834728503519e-03 1.146644633750167140e-04 1.953415764328576137e-03 2.522031997963287628e-03 1.543919699555662680e-03
-1.794245382539737168e-03 -1.275098475193974564e-03 -5.738421077576380709e-04 8.833796810414991016e-05 5.043429090287367958e-04 5.948278972037970716e-04 4.158107910586172299e-04 1.118762885010521335e-04 -1.510175945684436136e-04 -2.553143392886240808e-04 -1.819419430252798250e-04 -1.033723131779754070e-05 1.386234371082918540e-04 1.801463469902260550e-04 1.094544936191516564e-04 -1.182895370314337053e-05 -1.057962036757103050e-04 -1.253476035666839820e-04 -7.303754546734636597e-05 1.007468070099466248e-05 7.325342407184409928e-05 8.555501032713192097e-05 4.999972699556915937e-05 -4.448361164907181383e-06 -4.523848177683809904e-05 -5.560855765329006839e-05 -3.877309310579862047e-05 -8.940252110779861440e-06 1.973086276155896823e-05 3.811646169731761058e-05 4.165037498903258537e-05 2.932759049743326746e-05 4.615299738765886547e-06 -2.357805700232560976e-05 -4.279410927433943186e-05 -4.241317134973899227e-05 -2.016569883563985294e-05 1.436765366509692222e-05 4.284123242753105736e-05 4.790908974645032757e-05 2.458420912639508189e-05 -1.471519542658403460e-05 -4.628722334093119073e-05 -4.961497912604793617e-05 -2.100025919136974111e-05 2.285203877775735277e-05 5.427307851459899063e-05 5.184877365134256307e-05 1.488603979450661084e-05 -3.456959781779671769e-05 -8.039725700315917406e-03 -1.591987431767628164e-02 -2.530218129643345762e-02 -3.126208376989067506e-02 -2.965612082029208535e-02 -2.002965837778835148e-02 -5.984870243770144468e-03 6.698501959067338501e-03 1.305779172397662259e-02 1.142317342561753601e-02 4.082995119914095868e-03 -4.168161586708328710e-03 -8.735509124155651714e-03 -7.635706594277394572e-03 -2.280268212992267278e-03 3.696657431847130432e-03 6.742566715956337803e-03 5.411685049097811166e-03 9.774589421590775939e-04 -3.585811127610056583e-03 -5.517788150008558559e-03 -3.894229033059417536e-03 -2.210271568097579579e-05 3.534921887596920772e-03 4.616433363930672572e-03 2.752776298265416453e-03 -6.776193284252930021e-04 -3.434553745983352693e-03 -3.857802068485932222e-03 -1.848412644435956436e-03 1.178813697972484623e-03 3.271763267313662106e-03 3.185414492476387922e-03 1.110111219203462670e-03 -1.534898161511648925e-03 -3.059706023458153967e-03 -2.574628847188019203e-03 -4.997712586794183631e-04 1.772861886441542923e-03 2.805898481329440960e-03 2.019038154324415135e-03 5.255280758305704543e-06 -1.904414437575989221e-03 -2.514855699798172403e-03 -1.510035462392150026e-03 3.938414634014603512e-04 1.951813102446581325e-03 2.200805668346927837e-03 1.051290973326191210e-03 -7.014598870460518262e-04
-2.358116510726339203e-03 -1.666175598847500659e-03 -7.373854729080566968e-04 1.244954134767132560e-04 6.381919585749232975e-04 7.075994102542771096e-04 4.336270822134601749e-04 3.595959847182942531e-05 -2.594675559636353598e-04 -3.222186469276495631e-04 -1.686878705490819788e-04 6.556833208097478569e-05 2.204107104741841086e-04 2.120274105415902741e-04 7.267299370844450756e-05 -8.976703381755838252e-05 -1.723263164633265622e-04 -1.384135235040237586e-04 -2.714544018234870274e-05 8.304848429860795271e-05 1.267985430328323116e-04 8.841200013855849641e-05 3.937729438127370743e-06 -6.860039774081524587e-05 -8.847640083168704006e-05 -5.415970879985721457e-05 3.813438572315246116e-06 4.845736034091180654e-05 5.932945707809033649e-05 3.914529598789726305e-05 5.303688782391606098e-06 -2.340320154633455951e-05 -3.590472397623404541e-05 -3.098964483917596375e-05 -1.446077228462586454e-05 5.256336398613838927e-06 2.044964969455597369e-05 2.571906044459333306e-05 1.889790275624416761e-05 2.326091002250250194e-06 -1.647483491750379798e-05 -2.706584633990536025e-05 -2.185657493124424692e-05 -2.060377524635515264e-06 2.119719894529987760e-05 3.278683579231768679e-05 2.338285478667816367e-05 -3.299873089765608150e-06 -3.124363162383280470e-05 -4.146711039245436816e-05 -7.473516245172165048e-03 -1.469224626837171976e-02 -2.305853011583813145e-02 -2.790778694678900176e-02 -2.555452741927600330e-02 -1.601705821429805221e-02 -3.127856379428293945e-03 7.566008552051142581e-03 1.180664536129198694e-02 8.820186557167644312e-03 1.516201883762031011e-03 -5.353831624127231535e-03 -7.952933702477136060e-03 -5.396831177112260125e-03 7.729576797003101746e-05 4.779994859162792209e-03 5.930762611857653965e-03 3.234826795294556013e-03 -1.203172846403639633e-03 -4.416920593638875431e-03 -4.497493624925857567e-03 -1.687125865950019846e-03 1.961180826682035628e-03 4.034318515056207165e-03 3.325517254553935712e-03 5.123394344020243364e-04 -2.422638488689131658e-03 -3.566552347070320577e-03 -2.305161069193931416e-03 3.733605253951531545e-04 2.629193072890621645e-03 3.019866430590262187e-03 1.409848137546260193e-03 -1.024353506409805131e-03 -2.640545389522449236e-03 -2.429077490242580444e-03 -6.348045474800545528e-04 1.475302740581808502e-03 2.499147184675983447e-03 1.825156778629077750e-03 -1.142290779313293350e-05 -1.742274504376470096e-03 -2.236780342812752422e-03 -1.235266787773653873e-03 5.266615379058890928e-04 1.852099750903164364e-03 1.892146398397063318e-03 6.859355355706354051e-04 -9.100724536975045298e-04 -1.826822522300808587e-03
-2.781514727379137079e-03 -1.945932489404392923e-03 -8.345823101532248798e-04 1.755612074034797209e-04 7.440558705896890748e-04 7.718449614951542652e-04 4.104040099642815797e-04 -5.215548465356559601e-05 -3.469405685679801950e-04 -3.496381763931667177e-04 -1.225324602501982082e-04 1.472432195664718287e-04 2.775068552250609718e-04 2.049807939444344535e-04 8.453397047332663098e-06 -1.649725193783605967e-04 -2.067865197631415250e-04 -1.103742150824454764e-04 4.206889866983005738e-05 1.457885860815550804e-04 1.423939517074034944e-04 4.954799868860700339e-05 -6.088862469511625061e-05 -1.161904422648988813e-04 -8.973821414447591524e-05 -1.131618673986001164e-05 6.134882896132704097e-05 8.464414551802343747e-05 5.399301482359089832e-05 -1.440269576981492614e-06 -4.405406740836107415e-05 -5.228779263781190869e-05 -2.949516269595823227e-05 4.013011716872519418e-06 2.679462966151892372e-05 2.887422003632190458e-05 1.454220931386079351e-05 -3.975093213087515560e-06 -1.577184574821373337e-05 -1.677810977221886295e-05 -9.284767445745910753e-06 1.703047653224135932e-06 1.130867819408821014e-05 1.565263385785676468e-05 1.233151588527599672e-05 1.751335702425303486e-06 -1.168111402358839949e-05 -2.053991439130372046e-05 -1.818852684462764631e-05 -3.604985147151364167e-06 -7.016525898643731496e-03 -1.370106823720889863e-02 -2.125004804641079936e-02 -2.522088023455231962e-02 -2.231661307910181788e-02 -1.294510859024074027e-02 -1.097560723442544831e-03 7.933674072620310741e-03 1.053324600276072005e-02 6.671595218736197340e-03 -3.153673807535940093e-04 -5.865441897655353579e-03 -6.901227657214951960e-03 -3.457879879609540227e-03 1.698196336219679392e-03 5.082587862121924586e-03 4.748488652703230367e-03 1.347270903348832607e-03 -2.565979171973342601e-03 -4.371560101827312236e-03 -3.087229000906304907e-03 1.440404395833050149e-04 2.992543976468883902e-03 3.581556861400421107e-03 1.699147375182914711e-03 -1.189982675612194247e-03 -3.054593823236095591e-03 -2.706251938133547204e-03 -5.396639512703617575e-04 1.846426498105587996e-03 2.814001343350921915e-03 1.797511573041210304e-03 -3.830058530724917798e-04 -2.166761066659355240e-03 -2.359036813392939060e-03 -9.225828675979800284e-04 1.064729033280071126e-03 2.209806887100852768e-03 1.774540120930693642e-03 1.446497475162638441e-04 -1.496454461865863190e-03 -2.021904522885001505e-03 -1.130498831939664691e-03 4.912861087853618615e-04 1.691982412132937231e-03 1.668588202896543029e-03 4.995226525116285704e-04 -9.537471448387875713e-04 -1.677719289098101836e-03 -1.211311560842955699e-03
-3.080764792451974859e-03 -2.129461611461515563e-03 -8.777568876411968087e-04 2.338369532225916957e-04 8.201494062756362318e-04 7.915094420369851681e-04 3.537601586771603880e-04 -1.448026271823782169e-04 -4.098077950639320509e-04 -3.406532385668381113e-04 -5.257060354542393143e-05 2.242201784564769361e-04 3.046539587816155686e-04 1.633762746284914591e-04 -7.061682487260781643e-05 -2.241150349744756994e-04 -2.044541378451633618e-04 -4.996298563113777595e-05 1.163079309654933445e-04 1.816873902796998987e-04 1.168562824592519453e-04 -1.682068023418276158e-05 -1.205113472813629808e-04 -1.289107108689947290e-04 -4.974854608067689208e-05 5.134029336517238469e-05 1.036247342489559297e-04 8.012386581869338441e-05 8.896283070285987602e-06 -5.516191787862909665e-05 -7.173936864658785062e-05 -3.909396229184702968e-05 1.209496799305435460e-05 4.494750293412177984e-05 4.159564112878194484e-05 1.127487901028795745e-05 -2.076324516959256514e-05 -3.289705088407816061e-05 -2.084133771762993265e-05 2.848369011812728160e-06 2.059019551993847034e-05 2.245611103743707762e-05 1.070374435234424145e-05 -4.878751892680844411e-06 -1.497721391658193495e-05 -1.576616719314085716e-05 -8.938280992717400605e-06 1.131177974829065689e-06 1.006033487473589728e-05 1.458816451580449121e-05 -6.607893763442769172e-03 -1.281586498214390933e-02 -1.964089560237460702e-02 -2.285006387785608675e-02 -1.950684282568355618e-02 -1.036657490630973032e-02 4.690841721328245788e-04 7.994720932198337918e-03 9.222120015891462075e-03 4.783085042202591536e-03 -1.692421464061333140e-03 -5.948910983847506898e-03 -5.689041735993979887e-03 -1.747191405972746674e-03 2.800326267720905024e-03 4.869542701037759234e-03 3.382831804676254654e-03 -2.397825637247964867e-04 -3.296688851517663547e-03 -3.754427057978719333e-03 -1.557434599513034821e-03 1.521113467491713462e-03 3.258709401390571647e-03 2.554744671338873233e-03 1.031129497301198227e-04 -2.231860944559614125e-03 -2.809651381131075733e-03 -1.350143759001108971e-03 9.668957067873973311e-04 2.437402039011066484e-03 2.073741664644384274e-03 2.555416889371709007e-04 -1.629024210448846467e-03 -2.232410740433748379e-03 -1.202277105947382021e-03 6.282275635056903257e-04 1.903665356736545817e-03 1.742894316598173499e-03 3.415271406760454634e-04 -1.227622805594843483e-03 -1.830418917691833871e-03 -1.086901045353741305e-03 3.973165026113534585e-04 1.518154928791362254e-03 1.490807390507871508e-03 3.949701522356858304e-04 -9.275869427366390712e-04 -1.515817740973338275e-03 -9.848061004482527598e-04 2.269785575522385575e-04
-3.301342938315501765e-03 -2.247424617993298065e-03 -8.779537065758503478e-04 3.060412950140775179e-04 8.832912059631577942e-04 7.843938568122999118e-04 2.758937824728117331e-04 -2.379441695903584638e-04 -4.515314297443291224e-04 -3.037625380396018139e-04 3.123041387016011183e-05 2.894573134044015148e-04 3.017787323535990390e-04 9.533054077372539752e-05 -1.519226155266672335e-04 -2.578344995910253671e-04 -1.664907194098393583e-04 3.002244539353009665e-05 1.784745336190590682e-04 1.812718712446008710e-04 5.656513514523123302e-05 -9.085739588386120274e-05 -1.544888059064545693e-04 -1.007663300439135082e-04 1.684020212566375547e-05 1.068481445788672609e-04 1.096602019027825283e-04 3.571259066724650458e-05 -5.174089428253900158e-05 -8.936508644043607633e-05 -5.876959581135364968e-05 7.481433366622825204e-06 5.701132000423688134e-05 5.771274879902825472e-05 1.704268929439288588e-05 -2.952602458675917776e-05 -4.785287758986536319e-05 -2.905582956223606893e-05 7.949854379080162036e-06 3.407966068767805942e-05 3.243781359242232286e-05 8.500850701193326799e-06 -1.752080611604477732e-05 -2.761353978305612099e-05 -1.808133004302198371e-05 9.625885453232342925e-07 1.553240682707992775e-05 1.786777671635609527e-05 9.714409383921660313e-06 -1.537309226311298469e-06 -6.217379222137944632e-03 -1.197005773758877401e-02 -1.810728516736797439e-02 -2.060740672619735744e-02 -1.689247388970282690e-02 -8.050089688270773564e-03 1.744693578032871202e-03 7.820846822859139555e-03 7.838761807901802395e-03 3.048044739764345454e-03 -2.738566822978017769e-03 -5.694931777600649968e-03 -4.346512651432954746e-03 -2.301781055395277101e-04 3.470449229322242202e-03 4.253442942819877365e-03 1.930054831386729917e-03 -1.498559680113065694e-03 -3.473111045147699895e-03 -2.734693539360357438e-03 -8.600067470945883883e-05 2.376793121691045570e-03 2.881482191195169820e-03 1.227331461405632576e-03 -1.198429881784429966e-03 -2.553487782338553867e-03 -1.919832023389517108e-03 9.088762491660905957e-05 1.895366483448410752e-03 2.171897030240803675e-03 8.174986245150419467e-04 -1.056829473866742735e-03 -2.026301148818290907e-03 -1.426595161684650380e-03 2.011561044338959351e-04 1.584438350205870892e-03 1.706839113592243827e-03 5.483605188224264420e-04 -9.556698135021497861e-04 -1.663685806277101107e-03 -1.089912964672196029e-03 2.683548139889055753e-04 1.354438287851008347e-03 1.371148872853491726e-03 3.623576389730030355e-04 -8.644117162193685772e-04 -1.381166686941488579e-03 -8.384529095416594921e-04 3.037066483951863876e-04 1.160797211980852664e-03
-3.474187862178177051e-03 -2.321941642135456462e-03 -8.458823014734190944e-04 3.917165521696096926e-04 9.395223544749291538e-04 7.591643842417621036e-04 1.852162707779265939e-04 -3.257494854621204418e-04 -4.709630726053649409e-04 -2.433416950278928233e-04 1.209941649409915703e-04 3.365203506489239426e-04 2.690812051612263400e-04 9.066355116803960000e-06 -2.238607236906822924e-04 -2.596256637778949355e-04 -9.776328115277527469e-05 1.149877679063128396e-04 2.141597500851686535e-04 1.419327865713610186e-04 -2.522770198979629335e-05 -1.514706996324053799e-04 -1.492344996205586985e-04 -3.697955867283061234e-05 8.817225712274842175e-05 1.320609846741745608e-04 7.281095408715285860e-05 -3.203828408272081489e-05 -9.859050198333623566e-05 -8.275475073904467525e-05 -7.969375604606544522e-06 6.154667443336657266e-05 7.456612499685015473e-05 2.938689143154107761e-05 -3.185997500577713215e-05 -6.081280499891080567e-05 -3.985056379309651130e-05 8.862010236548715876e-06 4.512950085263099019e-05 4.315332572948130899e-05 9.126180058613441004e-06 -2.745534372240168372e-05 -3.906035584842153902e-05 -2.060593556317114034e-05 9.975644025360701965e-06 2.869165487362257110e-05 2.423670309026794485e-05 3.987639388448390332e-06 -1.488857812255318377e-05 -1.969631202394183614e-05 -5.875702587495693595e-03 -1.122365014116177319e-02 -1.674248223749609521e-02 -1.860435326401990719e-02 -1.457320596268782929e-02 -6.052800442265723717e-03 2.732299460542042535e-03 7.470868239791798697e-03 6.469656919570637363e-03 1.536052441921251319e-03 -3.444114420985066975e-03 -5.169949606509331545e-03 -2.987141493604457236e-03 1.001075700220573289e-03 3.708421700953817499e-03 3.346857875174718677e-03 5.567209059490827025e-04 -2.322610331040206658e-03 -3.143199703459046822e-03 -1.509715123053493625e-03 1.103876091564428728e-03 2.631635986798326002e-03 2.014419377207792277e-03 -9.305143010638951024e-05 -1.959434477070181885e-03 -2.174355047366880594e-03 -6.968682624669970396e-04 1.213809699980446374e-03 2.054961752023268425e-03 1.250624174969008559e-03 -4.681203668860058260e-04 -1.712530478597013668e-03 -1.549614383934134424e-03 -1.932188892180648147e-04 1.232488220490297794e-03 1.617395059753246392e-03 7.232290920445122407e-04 -6.828754882089805092e-04 -1.479790300670173362e-03 -1.081338590480298385e-03 1.380657135065437111e-04 1.185657273933657775e-03 1.254995309258628540e-03 3.435776263242914966e-04 -7.874362274592610353e-04 -1.245877185361359777e-03 -7.098761311583062393e-04 3.517048322032265161e-04 1.085333787213708890e-03 9.366436573704232027e-04
-3.582640399406175884e-03 -2.350744749423492545e-03 -7.947449233726333519e-04 4.703738517543804096e-04 9.740175101077841197e-04 7.151551015888334617e-04 9.316653856892655238e-05 -3.955786774864641182e-04 -4.656660571377355118e-04 -1.701694720697929681e-04 2.007809638454395899e-04 3.574603434285285449e-04 2.143546519421600212e-04 -7.647935922249456185e-05 -2.707277631480566960e-04 -2.302777285587300599e-04 -1.664669137057868956e-05 1.821367350263627244e-04 2.141436265662192908e-04 7.664666613823345226e-05 -1.018615810707176715e-04 -1.784337538662677820e-04 -1.074104532477673243e-04 3.744754901455188802e-05 1.350613976845966115e-04 1.160616279846753547e-04 9.796569823709395865e-06 -9.043926042363162657e-05 -1.075671526015786939e-04 -3.882391104951954120e-05 5.108269651092277287e-05 8.894897030774429796e-05 5.164821939057033761e-05 -2.189835614412503095e-05 -6.909577217265223687e-05 -5.584399669933959851e-05 2.324153520676420262e-07 4.994768645147386457e-05 5.486628457098732521e-05 1.613150101486437015e-05 -3.098489771448978788e-05 -4.862799908055505578e-05 -2.642037439940302877e-05 1.354573234421940120e-05 3.802526330195506410e-05 3.021075133623412091e-05 7.099130231647784970e-07 -2.469210335719706188e-05 -2.738504642636557267e-05 -9.138743416996283756e-06 -5.592954112531751953e-03 -1.060202949709133750e-02 -1.560001338287079521e-02 -1.692816872432356332e-02 -1.265408450560036660e-02 -4.456423897272700739e-03 3.420792590021596441e-03 7.022271512981739620e-03 5.243279464664000848e-03 3.435025817927857467e-04 -3.822512818391281524e-03 -4.508352415909945565e-03 -1.786709459487465911e-03 1.856648898824817331e-03 3.594289274294495181e-03 2.365494098901000340e-03 -5.332728034214164175e-04 -2.682601574557820761e-03 -2.502113899654498722e-03 -3.774759892216823787e-04 1.833722033793809417e-03 2.385528377908577302e-03 9.934347935559506224e-04 -1.072381242253089622e-03 -2.115858710291181315e-03 -1.386034220167868493e-03 4.015911743321593560e-04 1.740956151951942449e-03 1.590317347382153371e-03 1.715829622393600620e-04 -1.291692444692045657e-03 -1.619788072394965717e-03 -6.203184427676081874e-04 8.192960351314510902e-04 1.511673305971189410e-03 9.426031803150263389e-04 -3.552901698557052066e-04 -1.292611644590997266e-03 -1.132532212193074640e-03 -6.479199256537435711e-05 9.983788956838706742e-04 1.197386148283108385e-03 4.169257498459892392e-04 -6.598188263828618297e-04 -1.145563862882296698e-03 -6.778629455751661228e-04 3.147300765509654808e-04 1.001116873120756279e-03 8.415592354281374587e-04 9.141851274538940537e-06
-3.669676573878337400e-03 -2.363189949024628762e-03 -7.366447033705081620e-04 5.441020328450261534e-04 9.949318781904930957e-04 6.584097380663587800e-04 -4.857936974579259976e-07 -4.531896575298723475e-04 -4.431491452727324780e-04 -8.942032331836621481e-05 2.701985479721462596e-04 3.566834791842598174e-04 1.444033439697491744e-04 -1.561403158107330666e-04 -2.927925382293555595e-04 -1.764316306307476873e-04 6.740100361426837685e-05 2.258204878008937295e-04 1.817207264225354478e-04 -3.403716622959082346e-06 -1.620925429835101976e-04 -1.698328181470429483e-04 -3.966119500518526330e-05 1.061475179441779561e-04 1.481867614691935204e-04 6.534355951416671567e-05 -6.031467234549182748e-05 -1.219713112637151216e-04 -7.722333393437603034e-05 2.493361961129343223e-05 9.432362203644698018e-05 7.789947059184327877e-05 -8.987407355372236908e-07 -6.996607020611276097e-05 -7.337195561189103620e-05 -1.561745430435704579e-05 4.889282283517997548e-05 6.621064008671106982e-05 2.708034383616439970e-05 -3.040721944247727344e-05 -5.714644946080901642e-05 -3.439808492546503511e-05 1.404286434985572266e-05 4.583152556431539765e-05 3.685273411840380841e-05 -9.006071223244732336e-07 -3.328270727318541664e-05 -3.473226174149108972e-05 -8.191392528372439582e-06 2.107982452315597125e-05 -5.361969839026827465e-03 -1.008479885271239447e-02 -1.463108254228878864e-02 -1.548791694771590663e-02 -1.100399252368753147e-02 -3.116677141812557780e-03 3.922560851481800281e-03 6.515188398697785606e-03 4.116315614111294534e-03 -6.289451712565291433e-04 -3.975538621451975632e-03 -3.761425024182959553e-03 -7.197405448467497115e-04 2.425828381344730198e-03 3.234285902847580923e-03 1.372685244957737262e-03 -1.362221124312255199e-03 -2.684139945415605494e-03 -1.682286990954152354e-03 5.894844505688770584e-04 2.154217860475375352e-03 1.798916652210683044e-03 -1.119675219613510336e-05 -1.659938033337487410e-03 -1.798661061961623559e-03 -4.302934140933854443e-04 1.197331239120921244e-03 1.712656137017466501e-03 7.636098602659456645e-04 -7.600863281120974826e-04 -1.548510232647546314e-03 -9.893132538084468269e-04 3.654077442180310529e-04 1.331984814045719320e-03 1.123107026124792575e-03 -1.699108284532556746e-05 -1.077647969365887843e-03 -1.172815417653617215e-03 -2.764529124964142603e-04 8.039306794543523826e-04 1.150433605821283732e-03 5.108047358330470656e-04 -5.251029276459294199e-04 -1.064935008452195684e-03 -6.798732079801193470e-04 2.581617048768854541e-04 9.305660463458795750e-04 7.845623536532435587e-04 -1.472722050552930872e-05 -7.605222130422736220e-04
-3.707239930439484334e-03 -2.338731044290505434e-03 -6.606049383999576400e-04 6.162051893466629010e-04 1.002931687157312696e-03 5.916396883840343776e-04 -9.009597418606375143e-05 -4.934881541021005893e-04 -4.034694176736123802e-04 -7.250936042292692644e-06 3.216856888537675870e-04 3.322664162214482644e-04 6.596185028837923058e-05 -2.192647177880168157e-04 -2.849066342187546886e-04 -1.043593901079937006e-04 1.405772315288101682e-04 2.364325731414617152e-04 1.212730725666401452e-04 -8.152347214538936638e-05 -1.902522619095222485e-04 -1.253154972708120948e-04 3.685920774368722330e-05 1.478677063541434557e-04 1.208045187321947896e-04 -4.742366984095764902e-06 -1.113617026404665957e-04 -1.114650943545133425e-04 -1.730100357736989906e-05 8.065006517746746298e-05 9.872732045609208741e-05 3.033529634309591280e-05 -5.657262450900220325e-05 -8.538860188943276069e-05 -3.746083606223115557e-05 3.789223566164586686e-05 7.287229079786524224e-05 4.142540894842474942e-05 -2.273557096686403415e-05 -6.125212345580322709e-05 -4.360260407207584870e-05 9.658299762415271573e-06 4.958390417451973670e-05 4.343916814432767341e-05 1.067839386407911276e-06 -3.774366502025636611e-05 -4.036519350043605588e-05 -8.571991649622032975e-06 2.667864936484298219e-05 3.508930372500208741e-05 -5.151693256777120124e-03 -9.613815534899552984e-03 -1.375215594242709151e-02 -1.419650894638029189e-02 -9.561734815382231037e-03 -2.012881321229474663e-03 4.229775974225142253e-03 5.941387423522825548e-03 3.098577760579234504e-03 -1.363001926339964774e-03 -3.905461339370214918e-03 -2.968726963964301701e-03 1.588131739501485822e-04 2.689549044774155583e-03 2.680649440307398407e-03 4.678056204624013036e-04 -1.863129223830646986e-03 -2.365482383695900487e-03 -8.201280621324842082e-04 1.258347576722497604e-03 2.059220475840412706e-03 1.025550583832223524e-03 -7.932424037911757269e-04 -1.774006362606744608e-03 -1.147033444895151095e-03 4.203237369264127489e-04 1.507555671970006164e-03 1.213386259717567440e-03 -1.096427591544477922e-04 -1.246634342629630550e-03 -1.225635857182931715e-03 -1.406414778270452352e-04 9.982419745221307161e-04 1.197457501303349388e-03 3.410343741918198785e-04 -7.617815593019888407e-04 -1.135310913146418341e-03 -4.961555881395478826e-04 5.402737166511803165e-04 1.047251339994284157e-03 6.115814586791093813e-04 -3.348959946412236434e-04 -9.379315319881746790e-04 -6.886517680528197799e-04 1.503595067589381723e-04 8.144045932468773133e-04 7.311324971473170259e-04 1.174481570845177645e-05 -6.810362686326367409e-04 -7.416850429053323474e-04
-3.710235767949307106e-03 -2.286944682491068390e-03 -5.702696560946680536e-04 6.867764054942608349e-04 9.986800428456845194e-04 5.144363623879754819e-04 -1.767146104434945159e-04 -5.170723474387132557e-04 -3.463935347071277118e-04 7.716514552746479123e-05 3.566962820045825426e-04 2.865692935803476138e-04 -1.842141811054362932e-05 -2.654561502353020236e-04 -2.510314575526961735e-04 -2.131729826425015050e-05 1.976169859988046980e-04 2.165518424487003122e-04 4.361590179604359638e-05 -1.461942182819871475e-04 -1.845309758560160270e-04 -5.658542471943562728e-05 1.050139478576136249e-04 1.547337482640044387e-04 6.287073155071738230e-05 -7.304890675443943316e-05 -1.288850890298627973e-04 -6.514583357796308483e-05 4.858963022144611364e-05 1.068141499999609225e-04 6.434557867249366596e-05 -3.046045570392407560e-05 -8.803437954721980241e-05 -6.101944441772104129e-05 1.787665010106746747e-05 7.291165814638619262e-05 5.714383368191682726e-05 -8.453460856656491962e-06 -6.041118347693515063e-05 -5.360128143027107953e-05 3.863171030349944853e-07 4.914806860201361419e-05 4.996054568829283389e-05 6.657929606272739801e-06 -3.827918939498086971e-05 -4.503119447544016285e-05 -1.143851253974698026e-05 2.873853120005422440e-05 3.933788505884409090e-05 1.419561695457547118e-05 -4.932525350414717312e-03 -9.127847342496671346e-03 -1.285942284544893538e-02 -1.291477913546494084e-02 -8.181512967228960279e-03 -1.032092963018776998e-03 4.392070945895130106e-03 5.282617223138475447e-03 2.127283984079093165e-03 -1.928553835679710496e-03 -3.656616760130016776e-03 -2.132565335985080798e-03 8.876117027357543088e-04 2.711027621808882564e-03 1.991148055576209309e-03 -3.331735583082419535e-04 -2.084374331935228385e-03 -1.822638840243516380e-03 2.303261387346651034e-06 1.632633037085413604e-03 1.658197524538140497e-03 2.130362985620033517e-04 -1.288088451793507937e-03 -1.510018853713625958e-03 -3.659420886677736584e-04 1.013353377911420513e-03 1.380116248965822376e-03 4.845493130879368953e-04 -7.797304642893261323e-04 -1.254868157430117682e-03 -5.697839457244937558e-04 5.822964805228749048e-04 1.135149804171004320e-03 6.296332943385188298e-04 -4.124549922982629051e-04 -1.018420276280374796e-03 -6.677774649035814929e-04 2.659913725072628101e-04 9.052098031431299362e-04 6.893255262166026994e-04 -1.378178420596210181e-04 -7.941522265409203633e-04 -6.957125418815693699e-04 2.728102185269464352e-05 6.870953388702004351e-04 6.898051673560668708e-04 6.741888198540990152e-05 -5.835990679576051133e-04 -6.715912092637630303e-04 -1.458431486625792013e-04
-3.686503857599286119e-03 -2.218845705095519837e-03 -4.782080378164190360e-04 7.461373481660315025e-04 9.791974526110239739e-04 4.298339624453405088e-04 -2.565236215366002194e-04 -5.248366888333654435e-04 -2.783480522429592928e-04 1.567499289105102518e-04 3.738907695698998166e-04 2.258805871425533798e-04 -9.988206351338002435e-05 -2.914309342240217304e-04 -1.973815453467347568e-04 6.165345112407167965e-05 2.326075193521441804e-04 1.717124317206010801e-04 -3.821192413946742879e-05 -1.885648247621649011e-04 -1.493275900192677253e-04 2.132236182260457228e-05 1.521811417479981170e-04 1.286311025194193951e-04 -9.658513047017390794e-06 -1.232538880924024139e-04 -1.114399682203872895e-04 9.200265143754063993e-07 1.002985075387608638e-04 9.737865995643254916e-05 5.608585218954963078e-06 -8.173709887718083697e-05 -8.480449246390131968e-05 -9.069897299214696405e-06 6.777945912493082569e-05 7.427483367008386758e-05 1.078972725574629583e-05 -5.729756844233431772e-05 -6.619308596544343074e-05 -1.281008112874901738e-05 4.788702684899454195e-05 5.911749670629481144e-05 1.494400617532668159e-05 -3.898209641534110449e-05 -5.226104579715336199e-05 -1.650842966004567944e-05 3.088594991422793804e-05 4.539631798380522500e-05 1.694864283163246242e-05 -2.408896992598480810e-05 -4.694120818569976969e-03 -8.610655157313873778e-03 -1.193694078713572991e-02 -1.163755734995144085e-02 -6.871298158881861302e-03 -1.821217114588602904e-04 4.420699785796388184e-03 4.572406569608742331e-03 1.235195970304350885e-03 -2.326969183262288503e-03 -3.275378318002410225e-03 -1.313595763258450233e-03 1.445507771543479885e-03 2.538415652245750061e-03 1.253762071053626803e-03 -9.765284160994659171e-04 -2.063521795907942869e-03 -1.166002256792606894e-03 6.928774232841349023e-04 1.728370360981752859e-03 1.077698830823206003e-03 -5.037430319671677009e-04 -1.478455492889930523e-03 -1.001502053929901161e-03 3.651466519100748627e-04 1.286253607126421842e-03 9.435547770895377773e-04 -2.509101236599003211e-04 -1.127226454120493215e-03 -8.933310663019690444e-04 1.581665561457081567e-04 9.940865266696097616e-04 8.483966477463948924e-04 -8.200096160188302815e-05 -8.797593652705072318e-04 -8.061139989653749510e-04 1.941026114466438043e-05 7.801860117336964669e-04 7.663901517563749760e-04 3.390712369608416346e-05 -6.906295106776020980e-04 -7.277774924997172049e-04 -7.957236852862064138e-05 6.093375670870272362e-04 6.903315090745437786e-04 1.189662716972706785e-04 -5.348410471763436532e-04 -6.528957470657339437e-04 -1.513089913163426074e-04 4.674410276896142453e-04
-3.654755944098388859e-03 -2.147408794454688623e-03 -3.896749045557315431e-04 7.964492603636126860e-04 9.515710774701186588e-04 3.459987957708713746e-04 -3.245045522923722990e-04 -5.178281640991159313e-04 -2.058437585683885922e-04 2.243519772265308910e-04 3.716866972786969994e-04 1.565331699439104121e-04 -1.687812617118692805e-04 -2.928198265512353769e-04 -1.297832054676786113e-04 1.327692198881552936e-04 2.385770121078773258e-04 1.074003298512971364e-04 -1.098706778103631380e-04 -1.983845164659151362e-04 -8.912935240964570214e-05 9.184571839799491330e-05 1.647941400562400512e-04 7.290213444877564073e-05 -7.785371932529368093e-05 -1.377746951655602471e-04 -6.008799188188262714e-05 6.651238628509943706e-05 1.167352350952554778e-04 5.097298282568461900e-05 -5.637976460150783688e-05 -9.901929967076744383e-05 -4.267800478382960313e-05 4.922345541704648784e-05 8.513234976340764641e-05 3.549311001794791130e-05 -4.432808551332846695e-05 -7.461997032361754171e-05 -3.023046503536833056e-05 3.977536884927565790e-05 6.576022747638281686e-05 2.642782397789848479e-05 -3.485961850594333344e-05 -5.746882709999823804e-05 -2.321781038870665911e-05 3.006720995281769637e-05 4.985383465253083153e-05 2.042138907154261577e-05 -2.556400560885815318e-05 -4.273220022749905385e-05 -4.471061528331587813e-03 -8.131309388646930369e-03 -1.109541392538208535e-02 -1.050126373000117609e-02 -5.754941031512724250e-03 4.694926133981982934e-04 4.328231791975867791e-03 3.887133388768027834e-03 5.076381408825853632e-04 -2.527029873308245245e-03 -2.811011982257206974e-03 -6.053328934602493451e-04 1.772276620435380735e-03 2.202006157156348107e-03 5.716291881145571735e-04 -1.373693979356132482e-03 -1.811944256976762797e-03 -5.084881882708348769e-04 1.133175755911327827e-03 1.536156209390880396e-03 4.408020534395977030e-04 -9.729536107001334009e-04 -1.329932550882080653e-03 -3.807280546732809217e-04 8.572751083082814048e-04 1.174165164386197814e-03 3.372495082057100683e-04 -7.629249156116685174e-04 -1.049213757460976983e-03 -3.032236929947561234e-04 6.856426476251638704e-04 9.470523397240724261e-04 2.752578156412405805e-04 -6.214690763094910973e-04 -8.610208665223419372e-04 -2.503578208127925603e-04 5.683850029870766507e-04 7.882341549128249339e-04 2.292861179707000895e-04 -5.217878452876742847e-04 -7.240423319204697785e-04 -2.106818780498872178e-04 4.802299027468104504e-04 6.671919774456523330e-04 1.953950535340711735e-04 -4.413233912829176092e-04 -6.151089092084860129e-04 -1.812077070948575348e-04 4.067917439654568823e-04 5.689167240082243981e-04
-3.606884349242409603e-03 -2.068580052900884179e-03 -3.050057303763671992e-04 8.351374246058766194e-04 9.141582513812944542e-04 2.636848926444151225e-04 -3.789956318699933663e-04 -4.962096747740916969e-04 -1.315603838881996516e-04 2.775385426773229716e-04 3.515462368730653230e-04 8.392657325134616803e-05 -2.207718495715479360e-04 -2.720061374692179048e-04 -5.710676393530967639e-05 1.844584438695636645e-04 2.178673059131381977e-04 3.582834060160080712e-05 -1.600557231882294193e-04 -1.773714957598859494e-04 -1.928407401419465888e-05 1.396923100957928108e-04 1.434623590441098896e-04 5.665030748083611594e-06 -1.224583740238282246e-04 -1.158952590008540355e-04 4.343669713486322433e-06 1.079383221742624021e-04 9.485400176482080311e-05 -9.968757916461933204e-06 -9.415376638286076919e-05 -7.692447705759588455e-05 1.477752592414121817e-05 8.311759484432051275e-05 6.237231144384267165e-05 -1.897657587340251828e-05 -7.462058644328736453e-05 -5.105157519627797366e-05 2.183448474099432100e-05 6.728768588957948860e-05 4.208730642559090047e-05 -2.298134231813323667e-05 -5.986262004564176030e-05 -3.420081876619186746e-05 2.324266643067599648e-05 5.276918215116640609e-05 2.758835588006599407e-05 -2.251238365407221296e-05 -4.575505724025285284e-05 -2.161646935381524777e-05 -4.264857517611368200e-03 -7.691223059210313372e-03 -1.033250673797103843e-02 -9.493328346771695223e-03 -4.804217085228220697e-03 9.648428523033105450e-04 4.157672075059257698e-03 3.249611329094562705e-03 -7.013680100898739072e-05 -2.578850231988226958e-03 -2.319786864869081630e-03 -2.717251022661027021e-05 1.909941495824420653e-03 1.782723171578547107e-03 7.333247355965982086e-07 -1.550596246532017462e-03 -1.430688976215900056e-03 5.430669902261073501e-05 1.325965695556139074e-03 1.172823448456771205e-03 -1.155524220335347140e-04 -1.169172668595362674e-03 -9.724816116830220254e-04 1.712597155778072355e-04 1.050930515535154113e-03 8.164073701449922442e-04 -2.119430433443988439e-04 -9.523349319254903293e-04 -6.901202227012010262e-04 2.417433011949679663e-04 8.683412992103154999e-04 5.856094470418286412e-04 -2.641110052653273242e-04 -7.950594063596648628e-04 -4.958976800486544594e-04 2.829930915909795305e-04 7.319208200372435665e-04 4.194909911895881535e-04 -2.969003385485602864e-04 -6.743523707456618426e-04 -3.520073814524811396e-04 3.073243486789267015e-04 6.216257828079050848e-04 2.932377996705431197e-04 -3.124604280976316984e-04 -5.707186996337975174e-04 -2.401757181125565850e-04 3.149737992217408931e-04 5.238675837291139996e-04 1.943073045975937923e-04
-3.510600289468238881e-03 -1.957356894503831622e-03 -2.123290857830886736e-04 8.578849845060158288e-04 8.507817405334935738e-04 1.661884621946811301e-04 -4.261385314013959821e-04 -4.533689740571633783e-04 -4.442457365401912366e-05 3.209173204420035972e-04 3.081478319202186835e-04 -7.644208303150094406e-07 -2.592786141079301914e-04 -2.247673389468420404e-04 2.684682679437527686e-05 2.184851964800765996e-04 1.675319681331029610e-04 -4.586972998850337869e-05 -1.884728073606200844e-04 -1.242929522729828754e-04 5.879478188847588033e-05 1.617557799702452361e-04 8.842069433754115452e-05 -6.736938718750426513e-05 -1.376390018402604486e-04 -5.958301792146918123e-05 7.157648003043215923e-05 1.164747506339774031e-04 3.819137738006821544e-05 -7.093115913964762910e-05 -9.655697569908373076e-05 -2.086595571541983630e-05 6.886864641254765353e-05 7.932245071408807835e-05 6.929742956314594265e-06 -6.656628356268304509e-05 -6.528472352014065745e-05 3.422731024652235863e-06 6.334855546471200452e-05 5.336342069516845698e-05 -1.082326984736360391e-05 -5.886580173508154196e-05 -4.257899064443549991e-05 1.613694300141071871e-05 5.347284918022063342e-05 3.285898549237166395e-05 -1.964542019195826707e-05 -4.746294881832684534e-05 -2.425902678900352009e-05 2.169778831770932730e-05 -4.002961805061317282e-03 -7.146142974245255942e-03 -9.420388133195888372e-03 -8.342540256711748065e-03 -3.790166990739700544e-03 1.407086366306194896e-03 3.863250847754026197e-03 2.526296167312140628e-03 -6.114604910339891623e-04 -2.496937049668535632e-03 -1.722836433341452290e-03 5.168842569696777481e-04 1.893591100711600542e-03 1.237792235625181621e-03 -5.318342493312871880e-04 -1.548715133925841975e-03 -9.062856759956903607e-04 5.683890304445138623e-04 1.312349910940508986e-03 6.523140011099818735e-04 -6.070480132462396147e-04 -1.129652685094847476e-03 -4.479493074330723841e-04 6.366021563530617922e-04 9.777397645667166171e-04 2.844789459095345744e-04 -6.494241389818230202e-04 -8.440386306413413114e-04 -1.530513721286886719e-04 6.477263380130908769e-04 7.243053502322835619e-04 4.670444831704569685e-05 -6.348435283127281531e-04 -6.149334411311632980e-04 4.190014055886818301e-05 6.160764064542040763e-04 5.169982612385807478e-04 -1.134292658831545514e-04 -5.903726558060008994e-04 -4.269114565675974555e-04 1.719063083159411273e-04 5.598773715732894641e-04 3.448597147729070265e-04 -2.172729840813780343e-04 -5.232693607771392091e-04 -2.684177776598167114e-04 2.523861905741965118e-04 4.833274325389628470e-04 1.995345681138027097e-04 -2.768498825128845662e-04
-3.431991385073371315e-03 -1.864418522089695326e-03 -1.353754897488353961e-04 8.735066243271671351e-04 7.935567776545853153e-04 8.545943544858148580e-05 -4.573462013988407147e-04 -4.084121893394129961e-04 2.820959962759541048e-05 3.455254519412607919e-04 2.598423987473261025e-04 -6.996456194628125212e-05 -2.754517678968125050e-04 -1.706931484225682086e-04 9.336504462659042560e-05 2.265728181081920836e-04 1.091444157007688353e-04 -1.076893455970850803e-04 -1.877035319955112577e-04 -6.270934220679191427e-05 1.144347511754826110e-04 1.523184328537791066e-04 2.562455803409688138e-05 -1.150468137665401516e-04 -1.196894439856261084e-04 2.926878717279856793e-06 1.105775323943749460e-04 9.110686606346820628e-05 -2.237271036181620932e-05 -1.009297019675072020e-04 -6.511701870255342888e-05 3.617600358578872355e-05 8.954417200170586917e-05 4.273320783122397029e-05 -4.572271281118799150e-05 -7.817337745724740905e-05 -2.460137178318216235e-05 5.116686903478457504e-05 6.675316863875373457e-05 1.015418223329334566e-05 -5.297131446349099805e-05 -5.502300127457734533e-05 1.521885389514947361e-06 5.207148040722870400e-05 4.338628477039952299e-05 -1.062703246946867096e-05 -4.895398119528455788e-05 -3.216312611930173261e-05 1.736632673011949797e-05 4.433849949248238378e-05 -3.800848592887285174e-03 -6.723937132198849233e-03 -8.713612642537314074e-03 -7.458399617733277830e-03 -3.034066943242133899e-03 1.693758603070984279e-03 3.578643619156242177e-03 1.956040942303944111e-03 -9.709710493595832045e-04 -2.344607709784274178e-03 -1.226088940008210554e-03 8.715564205089120896e-04 1.765098483462502772e-03 7.660598680887053353e-04 -8.644465477444714671e-04 -1.405797486453799414e-03 -4.422291737738856727e-04 8.679371342859382122e-04 1.136378763837317786e-03 1.902733829182750495e-04 -8.651538098345646580e-04 -9.119147400825132824e-04 1.101298634261290040e-05 8.461063802765579709e-04 7.150927840471895487e-04 -1.674741323238177859e-04 -8.062282029745589064e-04 -5.392502885217181430e-04 2.843648094587577840e-04 7.482184407588063357e-04 3.823250294991984767e-04 -3.677101414717541669e-04 -6.761322727868047250e-04 -2.413594807520923419e-04 4.257786037688308044e-04 5.974115996265550637e-04 1.189471019767491324e-04 -4.597160884289221042e-04 -5.129177835611477103e-04 -1.283714876746524964e-05 4.741231872320603277e-04 4.264321109306530360e-04 -7.614937904104128973e-05 -4.701537036629181991e-04 -3.384004331473185623e-04 1.499407795790792060e-04 4.516853669803555103e-04 2.525979552768911401e-04 -2.071609823602695347e-04 -4.202914364263914907e-04
-3.356351575645632763e-03 -1.774240109392341168e-03 -6.176680424588166097e-05 8.857086067456762957e-04 7.361488206486291840e-04 1.104107284800573084e-05 -4.781499627142973656e-04 -3.577083896777674688e-04 9.491964457861356500e-05 3.566710376932094215e-04 2.043618040870454728e-04 -1.304966233672396822e-04 -2.741576401882867388e-04 -1.090343123220218011e-04 1.471618181904156835e-04 2.131241659632042808e-04 4.378522129965838934e-05 -1.521597659217338236e-04 -1.621754802253105789e-04 3.842749013847941273e-06 1.478823343048757790e-04 1.162734273658397549e-04 -3.868417499862299174e-05 -1.358587439145765997e-04 -7.495058800285233345e-05 6.215508557169438747e-05 1.184379414909246146e-04 4.030525903716297053e-05 -7.403573375742514566e-05 -9.637219192260960499e-05 -1.117335927588463974e-05 7.817984211488128432e-05 7.335762601125262426e-05 -1.194244229493591434e-05 -7.696498177882671072e-05 -5.178139253835366008e-05 2.866112055151596294e-05 7.149079052251854777e-05 3.246943373383216563e-05 -3.929140194341485849e-05 -6.248857132285839586e-05 -1.532932226931589005e-05 4.508837108964758273e-05 5.145066668967291344e-05 9.314494989687677530e-07 -4.658472183838832431e-05 -3.911617947985371156e-05 1.081832711046767031e-05 4.495083259184509932e-05 2.700864039702688394e-05 -3.622325667821101394e-03 -6.350115247192813020e-03 -8.088805234339512332e-03 -6.685553586208100620e-03 -2.395907336318967972e-03 1.895009050729366037e-03 3.280717117213835261e-03 1.453624296560401602e-03 -1.226840178087499266e-03 -2.135403689759338749e-03 -7.752676220468322863e-04 1.108712565476165871e-03 1.554300742091359929e-03 3.348278394854727795e-04 -1.060906939909256894e-03 -1.163020641606978553e-03 -2.489928578624200884e-05 1.008730747515704934e-03 8.501833720703636833e-04 -2.084847253478514081e-04 -9.395896362732722483e-04 -5.815926890570827928e-04 3.808179137628488436e-04 8.466254264273955030e-04 3.460489441881003762e-04 -4.969309208627733241e-04 -7.308046553438846734e-04 -1.430166377724152163e-04 5.612659139025461159e-04 5.987812338685439412e-04 -2.619165250326218683e-05 -5.804830509479753497e-04 -4.572612355181945041e-04 1.641893213428764309e-04 5.661718855162731255e-04 3.175722008084993467e-04 -2.679034424445057285e-04 -5.227239490040123124e-04 -1.838140941720435887e-04 3.400236755016124981e-04 4.583525311380232440e-04 6.238486785458199901e-05 -3.811445962443780707e-04 -3.780075190123317842e-04 4.451640425174087921e-05 3.954709766209509730e-04 2.890857397096382292e-04 -1.325998411519102051e-04 -3.848954311775295602e-04 -1.966226030523286707e-04
-3.272678679717327347e-03 -1.686357910138394211e-03 -1.018789617754714846e-06 8.821905441143210180e-04 6.716953303660061839e-04 -5.638471663100643637e-05 -4.852289975117750408e-04 -3.011569613987355931e-04 1.521707548979038191e-04 3.519952803216196699e-04 1.441056695043241623e-04 -1.779015755329533838e-04 -2.550786695431414152e-04 -4.540199019338290326e-05 1.827763761401775711e-04 1.803787059563406400e-04 -1.936850944356412457e-05 -1.732529569059085566e-04 -1.174726413939631718e-04 6.253753264395478192e-05 1.533888580365384293e-04 6.321100667997900011e-05 -8.866459598355873187e-05 -1.258202050424980746e-04 -1.773090810297252331e-05 1.001199674447071847e-04 9.430150149590468963e-05 -1.681160887987921324e-05 -9.818070058986583660e-05 -6.108933979947106952e-05 4.137601595492652613e-05 8.734777293091962856e-05 2.990104340988715935e-05 -5.671195701624028214e-05 -7.160670647769347657e-05 -3.684027939291935864e-06 6.326992073693388718e-05 5.322599683167065360e-05 -1.653666013264499463e-05 -6.233376292613700739e-05 -3.405721506815867874e-05 3.064290892733473304e-05 5.572791964032199427e-05 1.582182421460398683e-05 -3.889219279050118726e-05 -4.525440608660265566e-05 2.736093277375780463e-07 4.205713821239381460e-05 3.289385679033101669e-05 -1.295237792797511952e-05 -3.446236014036552393e-03 -5.987568029323806808e-03 -7.498220448263130493e-03 -5.982345007578976533e-03 -1.854201908055863992e-03 2.013550082927471983e-03 2.966124148822932381e-03 1.017576691582656881e-03 -1.383462489286173660e-03 -1.883141354213812646e-03 -3.856352247943929559e-04 1.231337463632953310e-03 1.289433798060443236e-03 -2.585952312824406615e-05 -1.125571133417346522e-03 -8.656898623245586543e-04 3.014875143705509491e-04 1.000931616355525255e-03 5.200138991292643656e-04 -4.872529594732211730e-04 -8.525756578783018043e-04 -2.296455968263675165e-04 5.961196794642905934e-04 6.801849804485049543e-04 -1.115712215062091535e-05 -6.361675569968424033e-04 -4.932491088335959643e-04 1.985949295781587953e-04 6.155887312034151199e-04 3.045924555798072372e-04 -3.304958600915356304e-04 -5.460754244937687275e-04 -1.251688684527940720e-04 4.115056767854977592e-04 4.452027016268771597e-04 -3.110547240324739430e-05 -4.429940819048130041e-04 -3.243715877015387493e-04 1.579763647077264417e-04 4.321078346566565491e-04 1.969121714007434937e-04 -2.499980496905472235e-04 -3.860424393384531650e-04 -7.292043432564078692e-05 3.067010722543008936e-04 3.148853917440916383e-04 -3.786935155472631522e-05 -3.284738640589308749e-04 -2.273003539077336809e-04 1.290881958401139500e-04
-3.152573769754482905e-03 -1.580146479211113220e-03 5.667873030392127484e-05 8.627007408481276269e-04 5.947769192890979550e-04 -1.212119282118553481e-04 -4.784543409709237608e-04 -2.351689294622579549e-04 2.033046271773389434e-04 3.319476168460644872e-04 7.694293525300791524e-05 -2.147832372499476812e-04 -2.195088956453012101e-04 2.088393077613299000e-05 2.026610702089762228e-04 1.313362726564615811e-04 -7.917482670501288869e-05 -1.736418449071386511e-04 -5.872938409907954793e-05 1.107205916164752618e-04 1.347300413750027138e-04 8.566735585011545574e-07 -1.206835195134255069e-04 -9.061950254082447287e-05 4.182157875922314837e-05 1.135854879342446756e-04 4.709144903433530908e-05 -6.775620893978841035e-05 -9.319670910161334488e-05 -7.900854898730754491e-06 7.873792230804218357e-05 6.549708095007856297e-05 -2.348676397068265998e-05 -7.760442397144371146e-05 -3.616432435933713380e-05 4.472325651759899689e-05 6.707485240986642164e-05 8.995817375061893910e-06 -5.548517845095728005e-05 -5.033650917849464266e-05 1.331931848951896708e-05 5.672436075988143505e-05 3.066064456952325904e-05 -2.921542218345469358e-05 -5.040551838888245484e-05 -1.105048378473313069e-05 3.830582817297504948e-05 3.918412512067747332e-05 -5.861022809949178689e-06 -4.071528629193809913e-05 -3.248344273099491170e-03 -5.587423535875230690e-03 -6.863533184932180467e-03 -5.254806056495045508e-03 -1.330695950885785921e-03 2.080829699672004981e-03 2.612207861607163725e-03 5.969324886919975641e-04 -1.477846989022113880e-03 -1.583591195828236084e-03 -1.942706214462386411e-05 1.276685238585951619e-03 9.761336617096315468e-04 -3.451980523705261124e-04 -1.096507838374874769e-03 -5.274047389523193454e-04 5.609873355860187051e-04 8.867898461265259638e-04 1.680190512517206868e-04 -6.682048116821918786e-04 -6.545324375943100586e-04 1.133942251454743319e-04 6.824591719972001799e-04 4.106015555738386918e-04 -3.182787686308291954e-04 -6.200407764286220043e-04 -1.747589446951932030e-04 4.431612699526806193e-04 4.991297098908253340e-04 -3.319985997672478582e-05 -4.902230135918481590e-04 -3.410913850574241149e-04 1.997355735412372196e-04 4.720150424416746319e-04 1.721628058870701937e-04 -3.125134338644020276e-04 -4.005800890341346555e-04 -1.141668161712101731e-05 3.692106495184431774e-04 2.933569957853580218e-04 -1.240336000365080394e-04 -3.721567901895755622e-04 -1.679295519025527229e-04 2.232918098629714445e-04 3.303293205099144272e-04 4.229480288695149499e-05 -2.802134328158752304e-04 -2.551167618360223829e-04 6.971979429081012747e-05 2.954213085773622059e-04
-3.037134562116840415e-03 -1.473134675806857816e-03 1.182121786638977082e-04 8.460906183513494791e-04 5.199996561670225653e-04 -1.808356313794760850e-04 -4.638177179446192227e-04 -1.661626611851963007e-04 2.470604530630704683e-04 3.006883359045690982e-04 8.645270017006613658e-06 -2.387841045628923034e-04 -1.710607961929488702e-04 8.313089850436986309e-05 2.039213763085892170e-04 7.093607226430871323e-05 -1.274085492107693350e-04 -1.514133351401069185e-04 6.096898795181993489e-06 1.389036128240190508e-04 9.266279561780784368e-05 -5.917342007251540510e-05 -1.254494522766105835e-04 -3.541267866579006214e-05 8.876230545900384991e-05 9.553700940545368733e-05 -1.249213078054614023e-05 -9.566021624272918317e-05 -5.660437583439732441e-05 4.686832366328569978e-05 8.470138614896453031e-05 1.699731623853225487e-05 -6.565283691224614376e-05 -6.207426909720872464e-05 1.665171339712514357e-05 6.941380124383781953e-05 3.414765577679173918e-05 -4.006689979932841569e-05 -6.055698668033614981e-05 -6.321153691390601173e-06 5.176564345475610801e-05 4.327329097218825585e-05 -1.670765531895445711e-05 -5.203694623337702039e-05 -2.192606828577998103e-05 3.245769414804573603e-05 4.372412808987630818e-05 1.467303299959767652e-06 -3.941011998793096503e-05 -2.969637031875627600e-05 -3.076325139899819140e-03 -5.233012989410317992e-03 -6.290651285393838305e-03 -4.590577131988057835e-03 -8.570720720757453925e-04 2.123034956752136489e-03 2.268316739184303866e-03 2.217007608067970872e-04 -1.518677949587242133e-03 -1.270615524374028036e-03 2.963992990648390072e-04 1.249258630327012209e-03 6.466281449158363870e-04 -5.944530907436106461e-04 -9.799208893383158907e-04 -1.870913379888245788e-04 7.220649582971558388e-04 6.805730976642859103e-04 -1.558752761062183543e-04 -7.213981106292031119e-04 -3.757074967463519782e-04 3.856816670592381102e-04 6.194027111698093653e-04 9.080621831784310358e-05 -5.053770010895996525e-04 -4.479054947595003115e-04 1.455554634826589750e-04 5.214512356224615701e-04 2.417101520522870904e-04 -3.108858117926236310e-04 -4.500678327468653466e-04 -3.446786970914996726e-05 3.970911601612617183e-04 3.203814953479065808e-04 -1.407396983327282279e-04 -4.037515621696255658e-04 -1.607887733786641756e-04 2.640222006856235968e-04 3.441623504435482742e-04 1.458743983248762665e-06 -3.240845640112587404e-04 -2.376043334789746699e-04 1.332770942522990584e-04 3.222346095590763559e-04 1.094279202095023825e-04 -2.248175961619316282e-04 -2.677264657072076382e-04 1.732363797265162216e-05 2.664695749374496178e-04 1.787189540016135929e-04
-2.949840820744991949e-03 -1.387458017373134882e-03 1.690630459373322300e-04 8.312011997753628641e-04 4.566011188556717251e-04 -2.277070761430053736e-04 -4.453589350959696511e-04 -1.062246232129708176e-04 2.770643359848935414e-04 2.655766447496548223e-04 -4.784185402621559616e-05 -2.469888009703366202e-04 -1.211197008476719067e-04 1.289602001036374752e-04 1.887320415259527017e-04 1.423715836773465634e-05 -1.543177156305399953e-04 -1.150909308705443812e-04 5.946697018745261584e-05 1.421750797735803196e-04 4.237167465612798578e-05 -9.914095760383505719e-05 -1.050538760678567665e-04 1.879160917260924076e-05 1.081851385016161903e-04 5.644020903111774762e-05 -6.000461489490041528e-05 -9.197725758003117433e-05 -7.584605057177822082e-06 7.870800228036770030e-05 5.993410589735299237e-05 -3.176055042491891491e-05 -7.641629535982318250e-05 -2.212129819337495097e-05 5.585910813558061714e-05 5.840554907680521645e-05 -1.229130497736650449e-05 -6.282155117426375523e-05 -3.147544542807122387e-05 3.704791212707566489e-05 5.478400677505220162e-05 3.165751810585222829e-06 -4.867436308057287222e-05 -3.620761617976319270e-05 2.043372041848464925e-05 4.758133363627982165e-05 1.360147883972462835e-05 -3.479344682908929674e-05 -3.636769433515047058e-05 7.441676543282457088e-06 -2.950372085101521900e-03 -4.966992982059647947e-03 -5.850097473741442192e-03 -4.072017600909088805e-03 -4.894233870018592763e-04 2.143301462732660149e-03 1.988079458098511616e-03 -5.802958026167387770e-05 -1.511715987784891923e-03 -1.000463131526279715e-03 5.177569218521721472e-04 1.169882899660323362e-03 3.659066441167454988e-04 -7.407260404352171684e-04 -8.187599647276357345e-04 8.274518836366880070e-05 7.706623403794805437e-04 4.503408340598418912e-04 -3.789639617779879364e-04 -6.611099649848836690e-04 -1.084831967622600205e-04 5.257775983427788111e-04 4.577544742818206807e-04 -1.691757203702974090e-04 -5.372270477640184736e-04 -2.119295837825004188e-04 3.524268400836708440e-04 4.391741229756596239e-04 -2.572948923229483671e-05 -4.267386366219346589e-04 -2.691319032338794362e-04 2.144224876859849129e-04 4.002165444777566142e-04 7.466718435979383789e-05 -3.248033830765508141e-04 -2.945428957004009611e-04 1.027861019757493117e-04 3.492060606560371222e-04 1.446789629719612042e-04 -2.298013393013734467e-04 -2.958788492400054823e-04 1.254236473650392145e-05 2.888561612377280713e-04 1.885884009592938475e-04 -1.424167149719008296e-04 -2.770994045621482109e-04 -5.728077030288084199e-05 2.227130366861286158e-04 2.089710589624371891e-04 -6.569110212368965045e-05
-2.859183775379317127e-03 -1.301581479292369470e-03 2.154565993009018379e-04 8.094902231003175746e-04 3.903397695224233941e-04 -2.696076157674609963e-04 -4.192393395088025976e-04 -4.602050942537827462e-05 2.977213561497387469e-04 2.222981308749384958e-04 -9.980242367427200707e-05 -2.418489042732738475e-04 -6.583487805934549520e-05 1.635319442427472412e-04 1.585789817609974345e-04 -4.131820190660125380e-05 -1.635294405263287799e-04 -6.653669255299208770e-05 1.025009533359901584e-04 1.241737236381911631e-04 -1.258497669779463407e-05 -1.194413248540683793e-04 -6.493480994742762053e-05 6.649262710636772919e-05 1.016680583580194968e-04 5.096609410338872133e-06 -8.903682915879940630e-05 -6.175759367193298240e-05 4.152887591722012985e-05 8.293647451976856461e-05 1.505591840103411369e-05 -6.634864320948019383e-05 -5.606861136629779605e-05 2.554756394147003758e-05 6.835772653968173881e-05 2.015613256561118286e-05 -5.070524690684143152e-05 -5.158053198360637467e-05 1.393478400537896791e-05 5.726294148718441904e-05 2.431058356265548332e-05 -3.747254271071908700e-05 -4.690120578592329228e-05 4.465151776463557859e-06 4.650478831522239943e-05 2.596441540034015395e-05 -2.638663420465361118e-05 -4.115113142414955069e-05 -2.058203142946119506e-06 3.696556428638974614e-05 -2.824535050719832394e-03 -4.701966684227194999e-03 -5.414936632438650463e-03 -3.569790635378168250e-03 -1.509905972412449199e-04 2.135570170960637403e-03 1.707102852758867265e-03 -3.014954509409815357e-04 -1.461588313919992208e-03 -7.288167220952457628e-04 6.887786603612431431e-04 1.041227269412758200e-03 9.938144889792136015e-05 -8.173400730619016395e-04 -6.140288848981166657e-04 3.099296460992502934e-04 7.348232189540237569e-04 1.993745878853937054e-04 -5.244049225361697595e-04 -5.161509465628706704e-04 1.395428508589284392e-04 5.579018473006715434e-04 2.338063587663676652e-04 -3.590234162298101481e-04 -4.475694037033448253e-04 4.055270274734744320e-05 4.404541938922781094e-04 2.491126749678822683e-04 -2.469938203584395842e-04 -3.926156857336320083e-04 -2.500679099699073036e-05 3.510875585275968747e-04 2.526638369527833675e-04 -1.643559675780364179e-04 -3.447554876102421431e-04 -7.069563829611264730e-05 2.786681700949543254e-04 2.492711241792466034e-04 -9.967720597678654515e-05 -3.007860413164547501e-04 -1.029015306531019141e-04 2.171745322354363787e-04 2.400480516976632160e-04 -4.784303503227545006e-05 -2.584612111947718260e-04 -1.242048202874684762e-04 1.632475876969345923e-04 2.247894277538747799e-04 -6.973786797635767162e-06 -2.174861199655861281e-04
-2.755436718188148271e-03 -1.208817247931359305e-03 2.609041496216511226e-04 7.827201153234457668e-04 3.227386041300987969e-04 -3.052355771838498690e-04 -3.854188037634917463e-04 1.314875516617618920e-05 3.081518809062851975e-04 1.720100490209567289e-04 -1.452006616367387565e-04 -2.235422044372703575e-04 -8.310963415027728982e-06 1.845505379998644798e-04 1.158031249767114366e-04 -9.084978075942340533e-05 -1.542783245471173598e-04 -1.143272742908892587e-05 1.297837920563436225e-04 8.771234494105051185e-05 -6.351009236470249539e-05 -1.169174328845873530e-04 -1.310077860767075354e-05 9.795518567383254386e-05 7.130990259249278920e-05 -4.562233153554870707e-05 -9.241695584437652645e-05 -1.437476113344320865e-05 7.565981520900165068e-05 5.896284766240578483e-05 -3.354479151587443200e-05 -7.417944846239200071e-05 -1.363866083083328218e-05 6.047708703296120479e-05 4.930035287665715396e-05 -2.634477805801353260e-05 -6.202879657027471718e-05 -1.327135980290061221e-05 4.993647098634754943e-05 4.322771698360453822e-05 -1.989719988310290725e-05 -5.243275791041991201e-05 -1.356120062338012816e-05 4.059391002376426668e-05 3.754841059310409963e-05 -1.476065196827942708e-05 -4.389972925973196219e-05 -1.297718947671133527e-05 3.306831744271401764e-05 3.243541420333766152e-05 -2.694128461022147602e-03 -4.430587868235187458e-03 -4.977951211382542103e-03 -3.081600355019599533e-03 1.538849211827897356e-04 2.092874419141044565e-03 1.421377538924625122e-03 -5.090653808954805808e-04 -1.369382846919200069e-03 -4.594658363482916129e-04 8.082193113803744959e-04 8.701964086300401253e-04 -1.431929148695888527e-04 -8.254582346973625070e-04 -3.813693281944873750e-04 4.817851448738706406e-04 6.248094488471465577e-04 -4.646270544553767536e-05 -5.836664656199699267e-04 -3.125482738768545752e-04 3.362958828066108180e-04 4.884209795929740552e-04 -8.060777785111563728e-06 -4.513517268329953836e-04 -2.682032522133367567e-04 2.521364600309572023e-04 4.026870372905890080e-04 1.328810865966548928e-05 -3.661391463529300181e-04 -2.371861526130007573e-04 1.963665794045762753e-04 3.431419419941224487e-04 2.760579541665524132e-05 -3.049468311273275550e-04 -2.139704765877708343e-04 1.551673494066355965e-04 2.978639154991511427e-04 3.804312260755774789e-05 -2.576779804283633795e-04 -1.954657840895370044e-04 1.228484547472040586e-04 2.615173151264701761e-04 4.620148025731057097e-05 -2.188004399921800657e-04 -1.793292327713635892e-04 9.620563041053162929e-05 2.297174174027106987e-04 5.142731593080508419e-05 -1.857168406546308361e-04 -1.640070916732826027e-04
-2.662091737178562227e-03 -1.130005944139840643e-03 2.927489072300387706e-04 7.501768872693023770e-04 2.606812641728400363e-04 -3.307116352855287442e-04 -3.490464812357852624e-04 6.287878589735678477e-05 3.074001457184777483e-04 1.229385377892522660e-04 -1.770686373229001355e-04 -1.959698595616515316e-04 4.111260390385070262e-05 1.889718888103044531e-04 6.959737112330884685e-05 -1.245367784339854720e-04 -1.297533911269275336e-04 3.723596864537830889e-05 1.358057504342983796e-04 4.325436617057997141e-05 -9.705552411061619254e-05 -9.373889497251528956e-05 3.436778512926360978e-05 1.043984217071362782e-04 2.847342941126264126e-05 -7.843262216979357375e-05 -7.059179693899109240e-05 3.119782743023705857e-05 8.225017789718058194e-05 1.846583494536904580e-05 -6.460646866863750659e-05 -5.340429627383060215e-05 2.938632898076459955e-05 6.616323135380756807e-05 1.043725805424025718e-05 -5.561360463434732783e-05 -4.162706749886842603e-05 2.803102449250317920e-05 5.519092445518710267e-05 5.881301409469337831e-06 -4.799075179660738927e-05 -3.315953032993914875e-05 2.563447229173621258e-05 4.573275003881542051e-05 2.502566706633743391e-06 -4.112190115919484783e-05 -2.588482250022753147e-05 2.358874734380653153e-05 3.782140837338182539e-05 -1.592431295036477062e-07 -2.578386807951196617e-03 -4.191603857444770043e-03 -4.599063048687726182e-03 -2.671025494581303044e-03 3.896490642556187252e-04 2.026848783316000536e-03 1.171393961997047733e-03 -6.568954144997908324e-04 -1.255228113452494954e-03 -2.330269089251138590e-04 8.649335860361597253e-04 6.911191290207811680e-04 -3.237755430475661124e-04 -7.736829931451716076e-04 -1.687254553609980894e-04 5.722458434998374489e-04 4.741389203433843272e-04 -2.340916713971194247e-04 -5.553136241483859568e-04 -1.078774978078208413e-04 4.388760456301806141e-04 3.501329178660400241e-04 -1.974632296925856877e-04 -4.327892055460490326e-04 -6.749486970638540154e-05 3.597905567795707136e-04 2.699075279932056375e-04 -1.775495645733511944e-04 -3.534051754303870634e-04 -3.904351496287365231e-05 3.074595039523379206e-04 2.150654540289366956e-04 -1.628787987714557797e-04 -2.960030821919469113e-04 -1.867915587667060218e-05 2.678073145607320687e-04 1.735776436755359490e-04 -1.512824239269061448e-04 -2.517581368861934992e-04 -3.629530097677057950e-06 2.361168430144562028e-04 1.414268155089252793e-04 -1.407026634835462976e-04 -2.158033428265155825e-04 7.514061234197819002e-06 2.089786864808077362e-04 1.148886760733074602e-04 -1.310081555485105716e-04 -1.853295700579481935e-04 1.598845468579558940e-05
-2.577410603053735452e-03 -1.059902427765556203e-03 3.157186953204284469e-04 7.108602676702763593e-04 1.980091749876386313e-04 -3.506548385194742812e-04 -3.083874742997444723e-04 1.084221707519485368e-04 2.977416679321363792e-04 7.223062722415627139e-05 -1.994518842477069689e-04 -1.598622418403807921e-04 8.520720715784893887e-05 1.798152925050602651e-04 2.037478161180465212e-05 -1.448283310648321273e-04 -9.307228633890960682e-05 7.886697599861717124e-05 1.238757667353491368e-04 -4.912365126915162867e-06 -1.133316817917505144e-04 -5.560527967770865240e-05 7.260441851036568384e-05 8.898260154967186015e-05 -1.816153256000804008e-05 -9.035238426346557520e-05 -3.176209619062546384e-05 6.527566730861002252e-05 6.389407110740182212e-05 -2.533955362885993872e-05 -7.169111210973078889e-05 -1.460237508887932565e-05 5.842221217616939938e-05 4.465150255423047248e-05 -3.035017533265908592e-05 -5.778440432236263982e-05 -2.751802274889095810e-06 5.250840055561607994e-05 3.109003509895465580e-05 -3.203406122948827502e-05 -4.627082471746110084e-05 4.849391826132702424e-06 4.577225004270048134e-05 2.024030322938885648e-05 -3.169242239151123396e-05 -3.587300584948249261e-05 1.036294329457442138e-05 3.920188383277164497e-05 1.154639449654626049e-05 -3.034406090136153238e-05 -2.465926391429773806e-03 -3.960320850086703967e-03 -4.236640286766622451e-03 -2.289242717956325394e-03 5.895971419887834422e-04 1.937664983179832219e-03 9.314586690230841366e-04 -7.681557728767402209e-04 -1.117541582922644723e-03 -2.828671820591201268e-05 8.757340693604955114e-04 5.001595166435619366e-04 -4.604993069024347911e-04 -6.750661152433289763e-04 2.858501782261576370e-05 5.989334429133026660e-04 2.958479027224968127e-04 -3.697588961903129656e-04 -4.609637142274484491e-04 8.391580588399000522e-05 4.605072277586082794e-04 1.726230239086643859e-04 -3.243358144165837367e-04 -3.310795585148952136e-04 1.192146942438941035e-04 3.687307844517154470e-04 8.893806175572724901e-05 -2.933839376550147551e-04 -2.415519452827725002e-04 1.420003838342048265e-04 3.025234009155614002e-04 3.212986419185870915e-05 -2.651330331176472667e-04 -1.739836280319585554e-04 1.543137895656859424e-04 2.476438139579310860e-04 -1.010234654557001717e-05 -2.385697629142028396e-04 -1.204260535623796177e-04 1.595738261504812895e-04 2.010573754916473066e-04 -4.078453142674783017e-05 -2.122781749613999579e-04 -7.735655395108255114e-05 1.587456026874272937e-04 1.601680394421836249e-04 -6.270307946551846102e-05 -1.859991670277081580e-04 -4.224670095409352406e-05 1.531955892029820444e-04
-2.468347093774572818e-03 -9.771294816850056592e-04 3.388004541460998449e-04 6.666863854882904786e-04 1.359518760175829500e-04 -3.625765486663501793e-04 -2.617649085132762706e-04 1.492676943614877063e-04 2.781449278158469097e-04 2.028778074818517581e-05 -2.114125725796022360e-04 -1.158567726371791541e-04 1.223891802893337382e-04 1.575094087710094315e-04 -2.909786691474249273e-05 -1.505906672272371179e-04 -4.739092370948844076e-05 1.098012088278809057e-04 9.565801082611597545e-05 -5.105450732262996696e-05 -1.106976823944386861e-04 -8.534267606272453427e-06 9.572131784368546729e-05 5.517981620732292859e-05 -5.930550355559531533e-05 -7.945884385947318113e-05 1.452472335096290391e-05 7.961597054863710687e-05 2.633234717566633286e-05 -5.949627635287511429e-05 -5.321076803970234648e-05 2.867902079505554538e-05 6.337637951312924021e-05 4.862384965054234473e-06 -5.637606670665815204e-05 -3.251209757010035842e-05 3.642081083084741075e-05 4.871303117650909364e-05 -9.406712028306203345e-06 -5.008357164065062870e-05 -1.631386931139333494e-05 3.860829848552288577e-05 3.468976396417580130e-05 -1.852917481672101361e-05 -4.155325242341689247e-05 -3.359427985896471881e-06 3.733647259920120433e-05 2.202902302000428385e-05 -2.377081816311765991e-05 -3.250509160163453631e-05 -2.340901234591219546e-03 -3.710158481987324477e-03 -3.859529859057669616e-03 -1.914361108412008378e-03 7.576598125503422685e-04 1.816565971257519743e-03 6.928776455901177692e-04 -8.445993460700254151e-04 -9.540182633121636847e-04 1.566518443817410699e-04 8.425763647782826037e-04 3.003320733380244524e-04 -5.535076015736036057e-04 -5.366018604568656382e-04 2.034334292195497562e-04 5.663771478435338175e-04 1.043112562972475831e-04 -4.482855967724239934e-04 -3.161467133160062565e-04 2.442960355248649713e-04 4.075694714587954387e-04 -1.615356889467097105e-05 -3.769471566010069909e-04 -1.723992238232256605e-04 2.597259818469768071e-04 2.884952916013923331e-04 -9.551902338777173171e-05 -3.155268097921078824e-04 -7.024256199492886121e-05 2.584095744265343594e-04 1.962991944509587380e-04 -1.417545158160715354e-04 -2.548220786592407224e-04 4.365326059215400616e-06 2.415066422498697975e-04 1.181311803887733202e-04 -1.673517063547115828e-04 -1.958160321343459893e-04 5.886403732730025159e-05 2.149075399506592107e-04 5.359279220973564854e-05 -1.758323475765671167e-04 -1.399195700305500109e-04 9.538248794289710866e-05 1.810895895399557262e-04 1.904179512500811961e-06 -1.704754396229223045e-04 -8.843800209912642412e-05 1.167079728264101460e-04 1.433437703495964090e-04
-2.386113211198858351e-03 -9.119957791970375932e-04 3.560112357686247742e-04 6.268764755419243672e-04 8.274414325932193245e-05 -3.692279029660917845e-04 -2.187735377788494612e-04 1.810357306540638536e-04 2.547355947353535958e-04 -2.433282857621086429e-05 -2.133205820937220706e-04 -7.296090469619062201e-05 1.471959924579770227e-04 1.280708226266249799e-04 -6.920050704482839379e-05 -1.423146597313180170e-04 -3.436714951204819112e-06 1.240422215753338078e-04 5.927284669916675657e-05 -8.370344903395079115e-05 -9.119358324403162254e-05 3.369980765001886179e-05 9.780037363011039031e-05 1.449828064668330577e-05 -8.189075965381251425e-05 -5.077432319804505356e-05 5.112670030443715948e-05 6.974669887462636221e-05 -1.455114328623860072e-05 -7.020496371461358456e-05 -1.845799893612217824e-05 5.636280748746071297e-05 4.289248753791739485e-05 -3.250582839865522278e-05 -5.467303044296561581e-05 5.207594551990542508e-06 5.351458831596462581e-05 2.003344442139608998e-05 -4.059288862460320942e-05 -3.749264170312263189e-05 2.057101832070035779e-05 4.465462186356651721e-05 1.596637448508863291e-06 -4.088510319007120585e-05 -2.031428423060568808e-05 2.899653875510186947e-05 3.263237973631228207e-05 -1.189236701550735849e-05 -3.605654331145915153e-05 -5.615414538182741918e-06 -2.240684749079968792e-03 -3.506770421650629542e-03 -3.550208360588522592e-03 -1.609241008744954383e-03 8.838642952821833005e-04 1.701316133318426420e-03 4.961917715525385403e-04 -8.858023451221190211e-04 -8.004078654466491825e-04 2.957701600893138712e-04 7.820752619534154706e-04 1.289813652839274453e-04 -5.949291266750979376e-04 -3.922142083869066304e-04 3.252993921967495543e-04 4.911562321756791525e-04 -5.710627059211327621e-05 -4.604280963966392911e-04 -1.622981921624725495e-04 3.377098423285786340e-04 3.036976298979513606e-04 -1.630939771847734793e-04 -3.495824648082624915e-04 -1.178914099128862103e-05 3.151247566036061696e-04 1.566242658758069224e-04 -2.186695424921659655e-04 -2.472584504148459201e-04 8.751448295487706131e-05 2.711255007986038026e-04 4.570883050964172719e-05 -2.311572886577319770e-04 -1.504420949132475433e-04 1.463162293949816747e-04 2.095819250264554427e-04 -3.940445890005885336e-05 -2.154968671219352071e-04 -6.355118631831823827e-05 1.736818751129145535e-04 1.415671305833929164e-04 -9.758088150433275531e-05 -1.795685856460570260e-04 8.007787438167532289e-06 1.737357174873256584e-04 7.418680665263536458e-05 -1.294950925566279768e-04 -1.310554897671508919e-04 6.113604893189246545e-05 1.530676136052277754e-04 1.414391791329162019e-05
-2.301706156005175075e-03 -8.530242320645208898e-04 3.600411360294255344e-04 5.755110708314181093e-04 2.848071694896717946e-05 -3.684074999921247004e-04 -1.720141617652748238e-04 2.059518430520415957e-04 2.228979759074723507e-04 -6.601670040710683760e-05 -2.041368941773531991e-04 -2.748766204530927006e-05 1.607380851284180188e-04 8.967919820736379064e-05 -1.014068049019389075e-04 -1.198931557499547615e-04 3.916061964533356998e-05 1.220136374751365466e-04 1.602134224587197051e-05 -1.021107029301430579e-04 -5.696711251446518446e-05 6.804796107553986496e-05 8.009873093511472582e-05 -2.768704133527052105e-05 -8.417359879683600395e-05 -1.040607454707477468e-05 7.201387414313309854e-05 3.973207760873874949e-05 -4.888751956869427624e-05 -5.657637774080981796e-05 2.139669558674245437e-05 6.115347181663999959e-05 5.939556145476993377e-06 -5.404158554941199707e-05 -2.811575061301948485e-05 3.857957123136564659e-05 4.267386816598852414e-05 -1.779927260071589924e-05 -4.736999081083940029e-05 -3.514292481661744177e-06 4.279789527793031952e-05 2.157706903956921766e-05 -3.071768883763601745e-05 -3.312542716013196513e-05 1.477441552657551076e-05 3.742963531989971989e-05 2.224498430792449366e-06 -3.405868785776770493e-05 -1.663764825645985449e-05 2.479661776412140392e-05 -2.137776437027628582e-03 -3.300129417958544246e-03 -3.242268763839392751e-03 -1.317928715713491839e-03 9.852837256095654805e-04 1.569263781711310477e-03 3.106326652365017657e-04 -8.974275289619285242e-04 -6.362750081924233589e-04 4.079322860589976803e-04 6.908021110299707168e-04 -3.107321817948454186e-05 -5.935543269537691151e-04 -2.344982964810829603e-04 4.065125096962353456e-04 3.772850630218996465e-04 -1.950289952068300352e-04 -4.164877729254594201e-04 -3.647745075747545075e-06 3.719740429519886589e-04 1.628910292478361098e-04 -2.650151196299167138e-04 -2.583635954666760825e-04 1.332870987458107629e-04 2.933631412850091266e-04 1.629237273750006597e-06 -2.707437003810166847e-04 -1.177545308032443332e-04 2.005637576094458923e-04 1.957712321230655806e-04 -1.020775471907112587e-04 -2.257536150161268439e-04 -1.189002433183962431e-06 2.107497470950863816e-04 9.140625716536583743e-05 -1.587195701267889148e-04 -1.540242991154231053e-04 8.346066582183922240e-05 1.812587479972969191e-04 -6.433945505651506334e-07 -1.713700217198776130e-04 -7.317860692332910869e-05 1.304651351921614938e-04 1.254705931733114438e-04 -6.922871626675893941e-05 -1.484955950152806790e-04 1.488764469720186174e-06 1.412437256251925172e-04 5.963806204695955082e-05 -1.079828533846189493e-04
-2.207810928176462927e-03 -7.913573323572973021e-04 3.621746585302041007e-04 5.247273341044483234e-04 -1.864061955013619090e-05 -3.597356364961583211e-04 -1.263674926980217633e-04 2.215157723640599253e-04 1.862861727584173247e-04 -1.002547051860918454e-04 -1.855637696726547103e-04 1.466892380301831742e-05 1.619738176598944522e-04 4.856102094473257287e-05 -1.213188489267080300e-04 -8.817360851073424407e-05 7.292672584477625087e-05 1.054071963777200772e-04 -2.481110889895537462e-05 -1.035249403511814505e-04 -1.710535893751355456e-05 8.680392970419224189e-05 4.884487042524337234e-05 -5.967803453411514429e-05 -6.714930319951625175e-05 2.829762232385055713e-05 7.169687017503666756e-05 1.543817652938264135e-06 -6.472681716236125895e-05 -2.579723503860936772e-05 4.980630545257480439e-05 4.279884040810457736e-05 -2.961311610094013015e-05 -5.079076067804241926e-05 8.266204617713221928e-06 5.063732337217569936e-05 1.193502652377709497e-05 -4.258609384131108004e-05 -2.760727853517855253e-05 2.913316690052190677e-05 3.718127202131867341e-05 -1.272476496188545010e-05 -3.960293152062677294e-05 -3.302565827553398562e-06 3.596699169436864680e-05 1.718792658671940699e-05 -2.695549453393902587e-05 -2.656916041126014430e-05 1.493946404943643902e-05 3.079942274351321754e-05 -2.037671688800308037e-03 -3.104059696566816105e-03 -2.962034937186752790e-03 -1.073965182731951608e-03 1.037478159082203021e-03 1.417482503130964048e-03 1.465403201894399470e-04 -8.773827376972874893e-04 -4.746183054617495920e-04 4.833258654716045917e-04 5.787990700419894195e-04 -1.628641411995419993e-04 -5.521107562406086253e-04 -8.471083899717621118e-05 4.392484704331594343e-04 2.457182401228643221e-04 -2.891377702428246199e-04 -3.299702092525832651e-04 1.293550002695375905e-04 3.466815552353403403e-04 1.957847718234284533e-05 -3.038792305836728242e-04 -1.332273436127101476e-04 2.270108542858370138e-04 2.098876000841294327e-04 -1.282572275007095436e-04 -2.443501027541237353e-04 2.301426437040032065e-05 2.354869453111382610e-04 7.100823943906622545e-05 -1.906398558661572310e-04 -1.400122711321006175e-04 1.235532618671287446e-04 1.791094208585598845e-04 -4.599035989608524238e-05 -1.861499043806025613e-04 -2.945928278876931681e-05 1.639234563050499067e-04 9.219183474048285695e-05 -1.183695760953285507e-04 -1.334062835511847325e-04 5.954750357512760581e-05 1.495691451868192497e-04 2.501548740089112404e-06 -1.404347638456831203e-04 -5.744658631386774170e-05 1.104250741037515781e-04 9.780847414792503362e-05 -6.612670514729050361e-05 -1.187110112064865942e-04
-2.129914060838732602e-03 -7.393013023451123133e-04 3.638743014429674633e-04 4.821961540784387040e-04 -5.469736109138682764e-05 -3.463425641798857234e-04 -8.652626799048072296e-05 2.281393038065504520e-04 1.496205826722503136e-04 -1.249626978514738196e-04 -1.613252859707181932e-04 4.950869095342293002e-05 1.530416018265326472e-04 1.030078225113024128e-05 -1.285144316619740246e-04 -5.331947073944946433e-05 9.423544488270736892e-05 7.947833972834827737e-05 -5.633003789118070319e-05 -9.038794864116650256e-05 1.936803756669951200e-05 8.823767193470506318e-05 1.329521581670914274e-05 -7.511356091022593771e-05 -3.813732704675534330e-05 5.481999123857057924e-05 5.342282025302628600e-05 -3.164938560606430615e-05 -5.961707124467441435e-05 8.694741044906236497e-06 5.791539594967548245e-05 1.199962193626427027e-05 -4.925286367789815658e-05 -2.791141865441480667e-05 3.631361738780699834e-05 3.877484124058257046e-05 -2.024846834452049383e-05 -4.327102236836594812e-05 3.737522972310918379e-06 4.181990624918598571e-05 1.132680200373852070e-05 -3.502926852847099728e-05 -2.283895867902665689e-05 2.486477185391287769e-05 3.026469288974711105e-05 -1.255945843070347607e-05 -3.276288585608206109e-05 2.390682937540235791e-07 3.084460066552074530e-05 1.076781699572278039e-05 -1.962785854926116322e-03 -2.957609414800767018e-03 -2.758010451650110516e-03 -9.143254845502718801e-04 1.031771503271850746e-03 1.259085964178239701e-03 1.389218139087551040e-05 -8.345674123778064162e-04 -3.313580674111681946e-04 5.218795351686738573e-04 4.629531572049120627e-04 -2.569280765580574913e-04 -4.840318467961496948e-04 3.929449619669209940e-05 4.289946479478515479e-04 1.194947105664271545e-04 -3.336068364502116292e-04 -2.240731931306323439e-04 2.180902159812091211e-04 2.786326509251725527e-04 -9.674500567207459543e-05 -2.841677274600132807e-04 -9.927391045566989075e-06 2.568612662498921890e-04 9.896353523345301163e-05 -2.023955373275368376e-04 -1.633908222536489504e-04 1.291235115456228135e-04 1.970528552623295414e-04 -4.979267253730957526e-05 -2.002372771319827275e-04 -2.394280048546423216e-05 1.785143479539556659e-04 8.537244540881522661e-05 -1.371673716211706544e-04 -1.287619231999490466e-04 8.329395453699869520e-05 1.509231506516803853e-04 -2.460575974263894049e-05 -1.509631243900989947e-04 -3.052926990547066621e-05 1.317147048232438563e-04 7.588576284353703270e-05 -9.737731019601777028e-05 -1.064461397332333836e-04 5.419206676711653327e-05 1.200552498471625326e-04 -8.531151713326572087e-06 -1.167770091998847202e-04 -3.369012321078118850e-05
-2.023533155576525289e-03 -6.831181458861983321e-04 3.529923328186891098e-04 4.314839199266443299e-04 -8.307195902990563798e-05 -3.209706184976332749e-04 -4.790212807199714315e-05 2.222505440408921787e-04 1.078797545288886437e-04 -1.397459336197772568e-04 -1.277948559520519702e-04 7.797547087642561769e-05 1.317958475002061435e-04 -2.622016565659651284e-05 -1.219442972774795663e-04 -1.486213008024332232e-05 1.022261705859791464e-04 4.447085558031815399e-05 -7.705064676881511582e-05 -6.320335240970868535e-05 4.981029529988538045e-05 7.228194270055462978e-05 -2.268124842407903590e-05 -7.235779738956495241e-05 -1.725801998553303206e-06 6.499640581941008508e-05 2.116768610684578527e-05 -5.300194747288105245e-05 -3.544702927393452151e-05 3.797030571048891698e-05 4.424502548803192640e-05 -2.145630415730181862e-05 -4.726350073357873770e-05 5.713227660911369926e-06 4.589546614757987339e-05 8.898995948660636535e-06 -4.010216590669053613e-05 -2.085446372977218997e-05 3.095954353786867089e-05 2.925890567398491135e-05 -1.968552901994876685e-05 -3.347193193953779350e-05 7.968784184963200189e-06 3.386792529005728126e-05 3.166822016267855255e-06 -3.075786580631427436e-05 -1.261803770302884000e-05 2.492831940685064483e-05 1.973441228880162774e-05 -1.710827240120774701e-05 -1.875902600312134893e-03 -2.800940700821740511e-03 -2.566077806129662530e-03 -8.042277546445634421e-04 9.594895954225172822e-04 1.065072353978047635e-03 -1.012495406372257081e-04 -7.577295175819057831e-04 -1.901058787692654821e-04 5.247060170934168518e-04 3.321277474681396161e-04 -3.199544396759339054e-04 -3.850437419643776933e-04 1.445547095858804769e-04 3.774574869429759465e-04 -4.334487826053773310e-06 -3.322900754588309206e-04 -1.013222688285231934e-04 2.642594275974291767e-04 1.745160184071537250e-04 -1.822133060151544313e-04 -2.133729664520095967e-04 1.004985523009325262e-04 2.265887551686660505e-04 -2.202310190091301322e-05 -2.160618435491906805e-04 -4.771169316932408856e-05 1.845742834849374678e-04 1.019046519958043297e-04 -1.392126207078607286e-04 -1.379368251334081217e-04 8.680561942464339314e-05 1.559052013558934852e-04 -3.254583193262637955e-05 -1.564549743411138840e-04 -1.866073002827881274e-05 1.412525072963640642e-04 6.224509959129965531e-05 -1.133205042035510411e-04 -9.455779544201986520e-05 7.695267840482536263e-05 1.136943517530260522e-04 -3.663943868733995972e-05 -1.191530482056186714e-04 -3.210264886763795751e-06 1.117123999521210133e-04 3.845914459266944733e-05 -9.367627715695933189e-05 -6.627198188610091193e-05 6.762487960279849096e-05
-1.936472631315202869e-03 -6.346902643162512150e-04 3.461913351765465445e-04 3.908569665726125027e-04 -1.036261671105735482e-04 -2.956250785332520479e-04 -1.571069282626278118e-05 2.119370218886690055e-04 7.030729055697740684e-05 -1.468428282512781915e-04 -9.462175195439874594e-05 9.734551722583395061e-05 1.063210656840673574e-04 -5.437521346491709575e-05 -1.066757277947766113e-04 1.812049086223561966e-05 9.823451214153513524e-05 1.055708944178521503e-05 -8.419678462257585989e-05 -3.191869807182413612e-05 6.702019656469327931e-05 4.682983200504672156e-05 -4.792010802376433338e-05 -5.534478683942054098e-05 2.849647860886345114e-05 5.772970444861921812e-05 -1.084227046470664989e-05 -5.580897040044456169e-05 -4.881925636357641066e-06 5.008613240768509137e-05 1.791046801461392704e-05 -4.134799625988611380e-05 -2.734758437881287167e-05 3.137157224902555167e-05 3.406444509656345184e-05 -2.002955743567450792e-05 -3.734079449838429647e-05 8.417362077301837278e-06 3.719183870127380586e-05 2.425951233157441151e-06 -3.399806413952768909e-05 -1.154468970117148309e-05 2.865718069033672003e-05 1.866977489323758241e-05 -2.174476671234847031e-05 -2.349638587523366224e-05 1.396134486691494844e-05 2.596632895609694239e-05 -5.877367052042215447e-06 -2.595593904686314471e-05 -1.814523194624319659e-03 -2.687694331872759763e-03 -2.426931482802999630e-03 -7.336522641442435894e-04 8.804782344493248310e-04 8.950115523539003840e-04 -1.882641344591007803e-04 -6.789501023182729911e-04 -7.507763577403953406e-05 5.068971303106244554e-04 2.159368002852594893e-04 -3.515752518342049864e-04 -2.844549562789993572e-04 2.158572271588762804e-04 3.069737991567022292e-04 -9.976768349268182688e-05 -2.969650913992462988e-04 5.417978102283434188e-06 2.663465358812133060e-04 6.944356845039567454e-05 -2.200545395507041817e-04 -1.223858381940798735e-04 1.674059559317097939e-04 1.577075378123406278e-04 -1.108643146856545293e-04 -1.759732620917662897e-04 5.383415726145271391e-05 1.773882236018769804e-04 -1.381311077966487319e-06 -1.651259670782919472e-04 -4.382397733274377070e-05 1.420730395297721083e-04 7.987489725915876469e-05 -1.111658216842685966e-04 -1.055681353967665147e-04 7.527761308692679817e-05 1.201659445421474575e-04 -3.743218481558520931e-05 -1.235356546231898046e-04 8.984639329298055189e-07 1.167184641669216308e-04 3.160791051938745060e-05 -1.015081445787543551e-04 -5.827457590796241679e-05 7.966889990096143041e-05 7.734586350460711829e-05 -5.385670934833187783e-05 -8.834096366082149398e-05 2.631534198233577518e-05 9.106062668193452120e-05
-1.882310518001637564e-03 -5.974442612659433766e-04 3.447504062691378020e-04 3.576212817346281097e-04 -1.236407335567574401e-04 -2.745797291499507057e-04 1.284489205348617437e-05 2.018726306629437374e-04 3.690295805666455329e-05 -1.499489065806404822e-04 -6.319713311212915975e-05 1.105696614892224112e-04 7.945080964288793706e-05 -7.576010521937889765e-05 -8.665915721209811490e-05 4.506885383355696767e-05 8.626131077020189641e-05 -1.942143333791298993e-05 -8.069704638390512951e-05 -1.177437503021854226e-06 7.210824981206214433e-05 1.771002824995387783e-05 -6.110670423909907785e-05 -3.023930898365247242e-05 4.838386352159381023e-05 3.836318105010937167e-05 -3.572837248846140863e-05 -4.347579706817756656e-05 2.289352676002686613e-05 4.534154818905668059e-05 -1.064208747956102733e-05 -4.413186156052837278e-05 9.468492673143931392e-08 4.129281606207444621e-05 9.523216123873551726e-06 -3.634899249704168315e-05 -1.747370980536071150e-05 2.975065064552836564e-05 2.327736576630422863e-05 -2.224722033867254170e-05 -2.687980402210142467e-05 1.450702319973213225e-05 2.850336821948158285e-05 -6.929433615189259939e-06 -2.834652220107046377e-05 -1.734089860011416846e-07 2.658588481365739808e-05 6.512555971936426867e-06 -2.338389544931953446e-05 -1.170365775298685217e-05 -1.774671549827938405e-03 -2.605048967049094014e-03 -2.312293929733190163e-03 -6.630599364674441944e-04 8.268147614316376194e-04 7.569955909146450137e-04 -2.578218648215461193e-04 -6.062448002588032665e-04 2.024344290973693108e-05 4.794530142057271084e-04 1.141116791942754256e-04 -3.628903496244761159e-04 -1.886525897966315191e-04 2.606478479442399156e-04 2.283709442858545169e-04 -1.689255413116467922e-04 -2.411204678209270119e-04 9.089167807327926888e-05 2.368410280197257858e-04 -2.413384186375287422e-05 -2.185291588782280864e-04 -2.953281274741776188e-05 1.920387274601062662e-04 7.213636795538056271e-05 -1.595057887532492634e-04 -1.042611730550911008e-04 1.225087578461949919e-04 1.252057511014586491e-04 -8.428719416548406652e-05 -1.363383112882921347e-04 4.628484443797866143e-05 1.379634987307623432e-04 -1.085596998783326145e-05 -1.317222073726314604e-04 -2.092087215773552741e-05 1.186884673968434232e-04 4.785443625862994903e-05 -1.001254813329471811e-04 -6.880429673287548136e-05 7.777520662633831980e-05 8.319100896621288725e-05 -5.358799629065488177e-05 -9.136706892773893143e-05 2.858383295306042842e-05 9.297118179113592496e-05 -4.794585258023431795e-06 -8.904095548052070035e-05 -1.688118107659156676e-05 8.014801941039995602e-05 3.531000947407988554e-05
-1.807991190569028335e-03 -5.614218632131589290e-04 3.284531754195518034e-04 3.141227531222102781e-04 -1.413943233406180964e-04 -2.489112755814098946e-04 3.787305756860670280e-05 1.856025313884066279e-04 5.767984053275012271e-06 -1.454220610806773587e-04 -3.194456058329037704e-05 1.152815919254702103e-04 5.017828539978907428e-05 -8.842032048686451512e-05 -6.128505265105316138e-05 6.408795080049929855e-05 6.610136297795221605e-05 -4.309558236331920269e-05 -6.637643895763584059e-05 2.592905484890900290e-05 6.454028587624399823e-05 -1.102286821912757075e-05 -6.059188893249251251e-05 -1.753516742335697774e-06 5.461502643356915129e-05 1.172192241411198087e-05 -4.811910633425562787e-05 -2.016650399127679907e-05 4.040767133272275797e-05 2.643518985705831792e-05 -3.205181345503355236e-05 -3.022403240840710483e-05 2.437751515167709481e-05 3.303845310577215201e-05 -1.631518488457146083e-05 -3.408182957914138525e-05 8.477556292336938060e-06 3.340709653056953541e-05 -1.391768373348780324e-06 -3.142693606502969489e-05 -4.782218876310605290e-06 2.844714575227475534e-05 9.946062414936916458e-06 -2.479949609023449886e-05 -1.421861074784072407e-05 2.051199175141661370e-05 1.745260389076912531e-05 -1.579592564200086089e-05 -1.959011604938887954e-05 1.084842323980795708e-05 -1.708202577518420483e-03 -2.481513637551959438e-03 -2.156714503242953065e-03 -5.701835638828738105e-04 7.788124719454563851e-04 6.284561365231619177e-04 -3.082056899945249842e-04 -5.253058129728062613e-04 1.000556617947432367e-04 4.358545515526894847e-04 2.315158926845231391e-05 -3.512543170256248360e-04 -9.611682338318671825e-05 2.782333633582806018e-04 1.432454644876965844e-04 -2.104009861566536431e-04 -1.688181557588658971e-04 1.512174809179849455e-04 1.811083236237799295e-04 -9.853363583759512699e-05 -1.825205564350169127e-04 5.305138981968866532e-05 1.765228001378493707e-04 -1.391165992474167648e-05 -1.650666571743871012e-04 -1.990652819124750323e-05 1.484721416188555560e-04 4.752346381625984596e-05 -1.287995174329634987e-04 -6.996311822749868084e-05 1.059500483152687241e-04 8.593777543418142551e-05 -8.235219578146130148e-05 -9.682752786482166376e-05 5.812405715951831709e-05 1.024408792768480834e-04 -3.434175298508604206e-05 -1.032012069253943981e-04 1.175883050718520777e-05 9.936565159831266833e-05 8.397898508645445649e-06 -9.234718622924792636e-05 -2.659285154798340828e-05 8.165623583137677144e-05 4.120482632879528641e-05 -6.915599449355828889e-05 -5.299625741976741279e-05 5.467808966702239715e-05 6.111443754364356720e-05 -3.943122666455489179e-05
-1.702031018762708301e-03 -5.177789411764436266e-04 3.046673549650342019e-04 2.669559478291167690e-04 -1.529783069355317171e-04 -2.188421829979564587e-04 5.789851677889512854e-05 1.643230465993556595e-04 -2.050017154726636228e-05 -1.337820739485232903e-04 -4.105990204793701835e-06 1.110006529952814919e-04 2.188179777241313549e-05 -9.110298822745303111e-05 -3.414874738408437511e-05 7.295509757372627493e-05 4.143543932294072312e-05 -5.710979619681136028e-05 -4.492847175578322207e-05 4.436813453044070800e-05 4.720400144136400680e-05 -3.284412259923037502e-05 -4.794256495577393137e-05 2.233611835941087589e-05 4.692155788241149128e-05 -1.361886262164051276e-05 -4.556056262419358303e-05 5.272846424758271089e-06 4.277860701707140339e-05 1.851350815556346866e-06 -3.897630126836927481e-05 -7.225001419712506780e-06 3.552909066293153322e-05 1.239997828610762578e-05 -3.118795945374759594e-05 -1.646968048155779478e-05 2.646161675203364313e-05 1.939842333790367564e-05 -2.173800094000232224e-05 -2.144141582516563850e-05 1.706917820407746975e-05 2.266532398104500215e-05 -1.259329136035654093e-05 -2.327406362965783518e-05 8.195826689571229797e-06 2.316029833836242898e-05 -4.031712527327920438e-06 -2.238990066290184593e-05 1.631870052100497273e-07 2.093633501524429303e-05 -1.616657685479136420e-03 -2.322009333361176649e-03 -1.970464623515594087e-03 -4.677120577728449496e-04 7.287249609166275566e-04 5.094106905483693172e-04 -3.382736539505394905e-04 -4.401712365961990645e-04 1.598498125665044189e-04 3.789317295768655498e-04 -5.115445250429716040e-05 -3.190442269272168079e-04 -1.496455305957533096e-05 2.692438286662779683e-04 6.188970606952426217e-05 -2.218595298743656079e-04 -9.166724291248342401e-05 1.805411779113166924e-04 1.116046160333977933e-04 -1.431244748893058109e-04 -1.235961465306637018e-04 1.097708097852895113e-04 1.299425664902507016e-04 -8.001017728986405174e-05 -1.323552357612765113e-04 5.265536014780971039e-05 1.307489446220248634e-04 -2.829552742236457412e-05 -1.265193896412739841e-04 5.726118557797334545e-06 1.185283574149565322e-04 1.310067288561754588e-05 -1.091142086537988008e-04 -2.966478244810145760e-05 9.768670153129240755e-05 4.331528175972025217e-05 -8.503419860233707634e-05 -5.425524218746174396e-05 7.139957222438302910e-05 6.219833393623072149e-05 -5.780001125173392861e-05 -6.813656427265347743e-05 4.348843923503572736e-05 7.095435829956045709e-05 -3.009555191008076347e-05 -7.207221159948235846e-05 1.675060131911192905e-05 7.061921227483728444e-05 -4.624277425701951116e-06 -6.748673366188158310e-05
-1.675913065954592277e-03 -5.020610548163887766e-04 2.898312956970713178e-04 2.298057101344043777e-04 -1.701792984347310408e-04 -1.982685156281541671e-04 7.725539088878651309e-05 1.482401509645721999e-04 -4.387424403577189664e-05 -1.235064869612489187e-04 2.078489389226062962e-05 1.055386260023070982e-04 -3.880933314686595499e-06 -9.047188220439939855e-05 -8.609404713208762013e-06 7.675850283170690847e-05 1.698629223339424851e-05 -6.466092882573958197e-05 -2.179387342708616283e-05 5.558475207803517237e-05 2.606946508873159634e-05 -4.726341701647971582e-05 -2.927579876092252040e-05 3.946108531742495966e-05 3.104344020978052097e-05 -3.306629644254364026e-05 -3.297548697594755154e-05 2.625466211960339734e-05 3.352044033284909240e-05 -2.009508985798834604e-05 -3.298365822927700500e-05 1.530440298112871605e-05 3.286903221649273163e-05 -1.023169700895725222e-05 -3.184258725865226112e-05 5.797434243920969168e-06 3.039433764784477685e-05 -1.963954892736246138e-06 -2.876847531481603319e-05 -1.496867703530415911e-06 2.686726369901000765e-05 4.494415290022384428e-06 -2.485903454712040360e-05 -7.224025431836432567e-06 2.256809736615442337e-05 9.509511435981338751e-06 -2.014904633239914951e-05 -1.144252141474305721e-05 1.750959680170368932e-05 1.282743405302703895e-05 -1.583121767519447137e-03 -2.245917729205387098e-03 -1.856009671687351400e-03 -3.843222574730398343e-04 7.054739281750204306e-04 4.179671331682718112e-04 -3.675574440318665238e-04 -3.700405153714019955e-04 2.111825438126219124e-04 3.279527484781694243e-04 -1.135957368934085152e-04 -2.840926702325192814e-04 5.463798253736581811e-05 2.502558521138511139e-04 -1.043874425010265521e-05 -2.174604082292812387e-04 -1.959242520809373583e-05 1.892356698921278261e-04 4.169588150175030999e-05 -1.640142316513169222e-04 -5.799563938951803228e-05 1.413046386448906075e-04 6.989825723598643210e-05 -1.211007487854751281e-04 -7.921627277203314597e-05 1.020609650049398437e-04 8.574677636855485507e-05 -8.459309462338683865e-05 -9.075040882078458165e-05 6.709248521289204199e-05 9.237766224500182453e-05 -5.196130840706540845e-05 -9.318484066289938091e-05 3.729855506220473681e-05 9.199313239892716076e-05 -2.408402528449318320e-05 -8.967961918181999929e-05 1.181927439546328387e-05 8.595750469418741979e-05 -1.074734993337632464e-06 -8.176887693453092562e-05 -9.165694345599516684e-06 7.603552505163434488e-05 1.755754771868976065e-05 -7.027190889150255213e-05 -2.545083241887803095e-05 6.330444761998589294e-05 3.162781778233544807e-05 -5.631649862671310789e-05 -3.692259360568019109e-05
-1.636262552785965529e-03 -4.866417623682099615e-04 2.697097123096127988e-04 1.938814197287467905e-04 -1.814784927870563048e-04 -1.776293514712633649e-04 9.050774278004063275e-05 1.304310817775778449e-04 -6.179339241961497389e-05 -1.107335259002439242e-04 4.011868993506905492e-05 9.604427420874417528e-05 -2.461708508107748970e-05 -8.435220433993256969e-05 1.280665175922504114e-05 7.375392388156644830e-05 -4.605741924279540188e-06 -6.439741458189710585e-05 -1.068297431542258981e-07 5.817625875897143703e-05 4.784883586911223738e-06 -5.249232054667882523e-05 -8.688838562107470322e-06 4.714797048725106912e-05 1.138868769108498053e-05 -4.314798443735204240e-05 -1.472593368636986320e-05 3.825946923883387238e-05 1.670204012629834152e-05 -3.383885170228091683e-05 -1.769915507792608767e-05 3.064134154970628982e-05 1.929187347348467873e-05 -2.693769918966023333e-05 -2.007928559487675302e-05 2.369427690135272849e-05 2.061222649719477403e-05 -2.077293138993960690e-05 -2.105322986447797327e-05 1.793249789759247597e-05 2.122136173978020885e-05 -1.532567916177680521e-05 -2.129786145690615816e-05 1.274783585185931310e-05 2.107862231989381230e-05 -1.040860188676208404e-05 -2.078234778841122452e-05 8.076167831814465962e-06 2.014178177936461219e-05 -6.043023732539895097e-06 -1.538763124886611319e-03 -2.158737368353158721e-03 -1.740842216887330185e-03 -3.119334042110831940e-04 6.766881142224814589e-04 3.390646929295697666e-04 -3.817014758576847146e-04 -3.047508906662705621e-04 2.458161468803250608e-04 2.769602155003953381e-04 -1.578582103050219919e-04 -2.432238360395541947e-04 1.068309597400621545e-04 2.202941955169427529e-04 -6.690842456903410844e-05 -1.970584215998881484e-04 3.963600831615278415e-05 1.778289644393600175e-04 -1.905595496762656549e-05 -1.613093132362582443e-04 2.946590133732552609e-06 1.466688631849058760e-04 9.586444251500867450e-06 -1.341958836285897711e-04 -2.040951693369612250e-05 1.225431546219036551e-04 2.935702220294909127e-05 -1.119698377813491754e-04 -3.759235833258447253e-05 1.007594803282355078e-04 4.309133190513719504e-05 -9.135244208732363309e-05 -4.840445933265786669e-05 8.172156518377598632e-05 5.215019511076067824e-05 -7.298614889531580428e-05 -5.534387108111235392e-05 6.438978583207857753e-05 5.741672401087485374e-05 -5.664326650844134600e-05 -5.937590345115484363e-05 4.856947084611651285e-05 5.993095285517688580e-05 -4.161774171607972761e-05 -6.064155418058691588e-05 3.426744431619786367e-05 6.006670875008947140e-05 -2.789937224671203662e-05 -5.943866488849542567e-05 2.154959061908519061e-05
-1.537461144311521449e-03 -4.461781358652975107e-04 2.463506306036745280e-04 1.525542661044989809e-04 -1.832357335347313185e-04 -1.447884630066814942e-04 1.006510711341372048e-04 1.025502832158597396e-04 -7.681167099302593304e-05 -8.707897329554166433e-05 5.761856493516659573e-05 7.528716663741115802e-05 -4.408303812801290438e-05 -6.622366115846611628e-05 3.367048030686283953e-05 5.804904889403118427e-05 -2.632908970559571602e-05 -5.068796095484007913e-05 2.242983999899190480e-05 4.644882856465759206e-05 -1.836584715871594756e-05 -4.274842559991166825e-05 1.480871529805878366e-05 3.930297588675862771e-05 -1.225081930841702548e-05 -3.712961169670421757e-05 8.835882545774334724e-06 3.390177631325709263e-05 -6.718712366537586303e-06 -3.112358823042978570e-05 5.385846131160095061e-06 2.938893339469476074e-05 -3.457175728692470775e-06 -2.714081295819055704e-05 2.230797038089935357e-06 2.530738885672988021e-05 -1.163053514083872214e-06 -2.375776969099016261e-05 6.591650042573315224e-08 2.221457383345147718e-05 8.576866783874630646e-07 -2.082436892053495209e-05 -1.775233967941583251e-06 1.938534215223882448e-05 2.475474508920860887e-06 -1.811700536147278054e-05 -3.196215859661168537e-06 1.676607700951464558e-05 3.674209724159975329e-06 -1.558827287968071875e-05 -1.455321964176287510e-03 -2.010970388812344245e-03 -1.569269790608215920e-03 -2.261724706989237828e-04 6.187583882083414095e-04 2.388998887599824022e-04 -3.778313398722096079e-04 -2.179062504300043404e-04 2.645544074146492330e-04 2.003946539190038585e-04 -1.901216972648553014e-04 -1.753872479372667933e-04 1.481878271206329804e-04 1.602297371175922115e-04 -1.146197491280503316e-04 -1.438818808234178660e-04 9.207958643412624585e-05 1.309640061635380384e-04 -7.510749863406526933e-05 -1.203923586136024183e-04 6.162598357347755425e-05 1.111891519870707650e-04 -5.123742920706777940e-05 -1.039972007959917458e-04 4.203062297165137255e-05 9.750033591905136251e-05 -3.419958446731237304e-05 -9.195627206343604150e-05 2.662974254007426014e-05 8.566067557726668523e-05 -2.135998625764108034e-05 -8.103354600956798434e-05 1.585444652879748956e-05 7.596990203992175174e-05 -1.166611685323211247e-05 -7.178946416281507651e-05 7.577076476187330289e-06 6.753266653899710865e-05 -4.318764034198384252e-06 -6.400315079008006525e-05 8.392643908724271560e-07 6.000098452593529292e-05 1.607291687975151200e-06 -5.687296326080303814e-05 -4.458246585977618159e-06 5.321016771352032486e-05 6.422542473620983717e-06 -5.018156663874810230e-05 -8.516077105258219624e-06 4.700085228117962865e-05
-1.514001092957441719e-03 -4.307859755557596993e-04 2.374173734652627508e-04 1.281980912968673861e-04 -1.899083710752181588e-04 -1.276773154288101102e-04 1.073723176506542081e-04 8.458762176338603862e-05 -8.708115412073856641e-05 -7.103748975824641368e-05 6.915120775864489866e-05 6.045524164880916086e-05 -5.651225419807176851e-05 -5.251164608371178472e-05 4.651213179719355869e-05 4.507585846818999920e-05 -3.949616199409258126e-05 -3.814411520268438683e-05 3.624063754545316270e-05 3.468805319740123392e-05 -3.249510994224551316e-05 -3.164272224137105885e-05 2.922242921640355110e-05 2.885401784180206992e-05 -2.688485623120251544e-05 -2.736118738308472738e-05 2.355777070624553901e-05 2.472092193517244106e-05 -2.152327659048615142e-05 -2.252543921149821078e-05 2.022236534064199653e-05 2.133657329103143824e-05 -1.830120988530452991e-05 -1.959286229081805877e-05 1.711359318209580279e-05 1.831371840005871921e-05 -1.602459981565204313e-05 -1.729580369488320350e-05 1.490988256106880525e-05 1.634356633691479597e-05 -1.385812155424094824e-05 -1.546715309415745433e-05 1.282724488377926783e-05 1.455481402989589397e-05 -1.197589930199892870e-05 -1.378956162244545546e-05 1.111136993126057901e-05 1.298537705980473902e-05 -1.041642179778263144e-05 -1.233030006578512166e-05 -1.432746217454055997e-03 -1.957949572065676141e-03 -1.491452520126979129e-03 -1.782710774015582543e-04 5.892030315853872494e-04 1.788919636957733066e-04 -3.760391406242390828e-04 -1.622071078207536145e-04 2.759566063135492791e-04 1.502509592806855596e-04 -2.072294265777675120e-04 -1.273794327536323552e-04 1.712156445916163095e-04 1.160311880944442365e-04 -1.406179159772456843e-04 -1.021748370204557008e-04 1.205377281999002426e-04 9.140422280215782099e-05 -1.056548827291552763e-04 -8.294005690173176875e-05 9.370665781948779246e-05 7.549638338943571460e-05 -8.473810492356813925e-05 -7.003328832197085673e-05 7.672220924386512913e-05 6.515518182725666991e-05 -6.999314150311314688e-05 -6.123329084470647437e-05 6.344379765651944440e-05 5.669184041034169028e-05 -5.889456724889722980e-05 -5.368757570843305015e-05 5.404694904751999835e-05 5.027331266077631589e-05 -5.036663314728777769e-05 -4.770506893578836373e-05 4.669083683577959488e-05 4.504118475924600662e-05 -4.379445664913998439e-05 -4.319834826010807757e-05 4.044968057444172434e-05 4.074899046405223649e-05 -3.815360304979464271e-05 -3.927295689395725916e-05 3.525818130101541988e-05 3.717257546008605938e-05 -3.321059018120958305e-05 -3.573114172188564497e-05 3.092794905714129646e-05 3.414653375506332216e-05
-1.328367276297602638e-03 -3.799751697316424304e-04 1.947924520301539775e-04 9.354926679256195515e-05 -1.707017103681539121e-04 -1.001341358832787777e-04 9.820244340500717520e-05 6.244784697670504616e-05 -8.184291935634811007e-05 -5.152881964155196895e-05 6.639171585892890599e-05 4.256234600019224588e-05 -5.558264958202962928e-05 -3.585299245986999124e-05 4.696340242442549969e-05 2.951823549146155400e-05 -4.087460102259684615e-05 -2.356130969769236046e-05 3.802054011976767610e-05 2.056200635832024643e-05 -3.476464757004434173e-05 -1.791324057103146873e-05 3.194069729332355478e-05 1.551967312190068152e-05 -2.992888155259859466e-05 -1.433789896098056771e-05 2.690282567261587099e-05 1.201129284523707084e-05 -2.509925757301859292e-05 -1.013973566323036667e-05 2.387119604890951041e-05 9.095359571283447052e-06 -2.212028520553028604e-05 -7.559226234374724474e-06 2.101458355685510983e-05 6.403191895503874368e-06 -2.005756365011918780e-05 -5.552205839027214823e-06 1.901585927582080213e-05 4.714394093735868961e-06 -1.807347566369767072e-05 -3.988582182255673692e-06 1.711909368824379143e-05 3.219634759499303096e-06 -1.633047027854511455e-05 -2.587292074755030804e-06 1.553169727473723455e-05 1.914029319851928757e-06 -1.493054808501974801e-05 -1.455926283220062182e-06 -1.268797412312432137e-03 -1.718923303135632720e-03 -1.285557861709680496e-03 -1.328240894028340138e-04 4.998621002480947706e-04 1.148005080903400634e-04 -3.353178644734291624e-04 -1.081505326743100153e-04 2.501732166140788519e-04 9.849341813087991639e-05 -1.932070893784596118e-04 -8.046727955150051979e-05 1.624026766272008504e-04 7.102507417575485836e-05 -1.363409461441448145e-04 -5.904598304151227530e-05 1.197035379920993178e-04 5.030435278249233778e-05 -1.067634261229611433e-04 -4.298048927249024448e-05 9.656160443568379513e-05 3.662054437563242701e-05 -8.885065656802602636e-05 -3.201679572174779696e-05 8.178452822287977193e-05 2.780040110914005472e-05 -7.581521055243264473e-05 -2.441015165707972185e-05 6.985223787127981053e-05 2.021122946224864405e-05 -6.592043994364036165e-05 -1.761832840708503085e-05 6.149577396055763690e-05 1.448375926355220223e-05 -5.822232726818196144e-05 -1.216624983507373943e-05 5.494172389359097962e-05 9.802501784667052285e-06 -5.230830716829341985e-05 -8.145288670426784698e-06 4.929718198357020052e-05 5.965001467470691112e-06 -4.724608429242709777e-05 -4.716483426603244463e-06 4.461823076154456264e-05 2.900075560000909555e-06 -4.278189745526306818e-05 -1.730051672810370596e-06 4.072763747336533908e-05 4.772842970403354636e-07
